filename,label,dataset
"ESD_0001_anger_打远一看,它们的确很",2,ESD
ESD_0001_anger_英国的哲学家曾经说过,2,ESD
"ESD_0001_anger_我老家在北京,哇塞!",2,ESD
ESD_0001_anger_不管怎么说主队好象是,2,ESD
"ESD_0001_anger_我们乘船漂游了三峡,",2,ESD
ESD_0001_anger_我喜欢“北京欢迎你”,2,ESD
ESD_0001_anger_我每个月打一次电话。,2,ESD
ESD_0001_anger_沙尘暴好像给每个人都,2,ESD
"ESD_0001_anger_就是这个意思,你又聪",2,ESD
ESD_0001_anger_个人收藏家!他们肯定,2,ESD
ESD_0001_anger_妇女节快乐。我永远爱,2,ESD
ESD_0001_anger_你每次谈恋爱都像现在,2,ESD
"ESD_0001_anger_周末的我,只忙着陪你",2,ESD
"ESD_0001_anger_谁你也不认识,我很乐",2,ESD
ESD_0001_anger_我特别喜欢网球和登山,2,ESD
ESD_0001_anger_他一定是一眼就被你迷,2,ESD
ESD_0001_anger_很快你上大学就用得到,2,ESD
"ESD_0001_anger_我们意见不和,咱们去",2,ESD
"ESD_0001_anger_不就是你嘛,为什么要",2,ESD
ESD_0001_anger_前几天我碰见了一件有,2,ESD
ESD_0001_anger_已经播至该专辑最后一,2,ESD
ESD_0001_anger_我和我朋友刚从巴厘岛,2,ESD
ESD_0001_anger_做一些好吃的促进宝宝,2,ESD
ESD_0001_anger_你的身影总是在我心里,2,ESD
ESD_0001_anger_我觉得并不是非要有特,2,ESD
"ESD_0001_anger_是的,他很狡猾,经常",2,ESD
ESD_0001_anger_工厂不把它直接排到大,2,ESD
"ESD_0001_anger_没错,就是车门。另外",2,ESD
"ESD_0001_anger_很可爱啊,就像你一样",2,ESD
"ESD_0001_anger_除非你打飞碟球,但这",2,ESD
"ESD_0001_anger_没听清,请问什么时间",2,ESD
ESD_0001_anger_我遇到了一位漂亮的女,2,ESD
"ESD_0001_anger_我是青蛙,不用冬眠的",2,ESD
"ESD_0001_anger_那是马特,他肯定很勇",2,ESD
ESD_0001_anger_这样无辜的人就不会被,2,ESD
ESD_0001_anger_我必须一直通电才能工,2,ESD
ESD_0001_anger_我和我的妻子盼望着和,2,ESD
"ESD_0001_anger_当然是了,我现在快饿",2,ESD
"ESD_0001_anger_没有找到日程,走的时",2,ESD
ESD_0001_anger_是一家制药公司的短期,2,ESD
"ESD_0001_anger_姐忙得很,没空和你说",2,ESD
"ESD_0001_anger_我会暖被窝了,逗你的",2,ESD
"ESD_0001_anger_这样的话,我们可以选",2,ESD
"ESD_0001_anger_比方说,“华尔街日报",2,ESD
ESD_0001_anger_我知道人生并不总是一,2,ESD
ESD_0001_anger_我们可以轮流开车。,2,ESD
ESD_0001_anger_这是台湾地区最大的动,2,ESD
"ESD_0001_anger_时候不早了,我来了,",2,ESD
ESD_0001_anger_递给我一些彩球和纸花,2,ESD
"ESD_0001_anger_每次叫我都不给红包,",2,ESD
"ESD_0001_anger_没关系,也许他老婆会",2,ESD
ESD_0001_anger_你不应该害怕开始一段,2,ESD
"ESD_0001_anger_我肯定会的,那以后我",2,ESD
ESD_0001_anger_我是基于人工智能系统,2,ESD
ESD_0001_anger_它实际会形成一氧化碳,2,ESD
ESD_0001_anger_我参加了一个有关全球,2,ESD
"ESD_0001_anger_跳舞好难呀,我还正在",2,ESD
ESD_0001_anger_让人看上去就感到宽广,2,ESD
"ESD_0001_anger_只要是我能玩好的,我",2,ESD
ESD_0001_anger_坐地铁只需要大约二十,2,ESD
ESD_0001_anger_下个月我姐姐要结婚了,2,ESD
ESD_0001_anger_我是顺路过来跟你告别,2,ESD
ESD_0001_anger_你知道我很努力地在戒,2,ESD
"ESD_0001_anger_我告退了,晚上回去拍",2,ESD
"ESD_0001_anger_一点也不差,先把握好",2,ESD
ESD_0001_anger_我们可以去钓鱼、聊天,2,ESD
ESD_0001_anger_你深深地印在我的脑海,2,ESD
ESD_0001_anger_我应该给女朋友买玫瑰,2,ESD
"ESD_0001_anger_以后不要喝那么多了,",2,ESD
"ESD_0001_anger_心动不如行动,我不太",2,ESD
ESD_0001_anger_只要令人鼓舞的电影我,2,ESD
ESD_0001_anger_资料全都不见了。气死,2,ESD
ESD_0001_anger_她总是带香甜甜的微笑,2,ESD
ESD_0001_anger_今年应该是第二十七个,2,ESD
ESD_0001_anger_我也想去看可爱的熊猫,2,ESD
"ESD_0001_anger_是的,你是个大块头,",2,ESD
"ESD_0001_anger_奏婚礼进行曲了,他们",2,ESD
"ESD_0001_anger_它们的设计外形小巧,",2,ESD
ESD_0001_anger_人们当然都叫他“奥林,2,ESD
"ESD_0001_anger_看呀,我们差不多就装",2,ESD
ESD_0001_anger_这个镇上所有的人都喜,2,ESD
ESD_0001_anger_听说你要去香港看你叔,2,ESD
ESD_0001_anger_你身上的每一点都吸引,2,ESD
ESD_0001_anger_他好像跟他的秘书有过,2,ESD
"ESD_0001_anger_是啊,他的健康我总放",2,ESD
"ESD_0001_anger_真想不到,游泳竟有如",2,ESD
ESD_0001_anger_是没什么但是挺别扭的,2,ESD
"ESD_0001_anger_香港海洋公园,主人快",2,ESD
"ESD_0001_anger_是个冰淇淋,桃花确实",2,ESD
"ESD_0001_anger_还不太糟糕,但是得躺",2,ESD
ESD_0001_anger_如果有我能帮忙的请告,2,ESD
ESD_0001_anger_不会这么凑巧吧!我也,2,ESD
ESD_0001_anger_别不好意思。再多吃些,2,ESD
"ESD_0001_anger_很神奇的样子,我搞不",2,ESD
ESD_0001_anger_我倒是有一个爱好――,2,ESD
ESD_0001_anger_别小看我这发型!我还,2,ESD
ESD_0001_anger_你女儿和她妈妈长得很,2,ESD
ESD_0001_anger_我只会斗斗地主什么的,2,ESD
"ESD_0001_anger_得了吧,别这么胆小啦",2,ESD
ESD_0001_anger_就经常去我们宿舍附近,2,ESD
"ESD_0001_anger_很快,车就可自动开了",2,ESD
"ESD_0001_anger_我昨天遇到马克,他看",2,ESD
"ESD_0001_anger_感觉好温暖呀,好的,",2,ESD
ESD_0001_anger_没有找到蒸鱼的计时。,2,ESD
"ESD_0001_anger_我们俩合不来,还经常",2,ESD
"ESD_0001_anger_做不了什么,通常我会",2,ESD
ESD_0001_anger_我的表两点四十二。可,2,ESD
ESD_0001_anger_让我们看看哪一种球技,2,ESD
"ESD_0001_anger_太棒了,我其实挺饿的",2,ESD
ESD_0001_anger_自己的事情要自己做。,2,ESD
ESD_0001_anger_每天早晨都是我妈妈帮,2,ESD
"ESD_0001_anger_那棒极了,其实心情挺",2,ESD
"ESD_0001_anger_玛丽,你看来很喜欢挖",2,ESD
"ESD_0001_anger_我也是,我还有点儿口",2,ESD
"ESD_0001_anger_真是个好习惯,通常看",2,ESD
"ESD_0001_anger_没有,不过,我们去了",2,ESD
"ESD_0001_anger_快点起床,我在公寓门",2,ESD
ESD_0001_anger_你的同学把你给捉弄了,2,ESD
"ESD_0001_anger_不过我想星期五走,",2,ESD
ESD_0001_anger_你还真是考虑周到。,2,ESD
ESD_0001_anger_那你就离市区很远了。,2,ESD
"ESD_0001_anger_汤姆是个好人,但却赌",2,ESD
ESD_0001_anger_那你就说你为之神魂颠,2,ESD
"ESD_0001_anger_是的,请返还我的钱,",2,ESD
"ESD_0001_anger_如果你想要纹身,你去",2,ESD
"ESD_0001_anger_不是,他住在沃斯盾的",2,ESD
ESD_0001_anger_你说我们在芝加哥要待,2,ESD
ESD_0001_anger_这些颜色也不太适合你,2,ESD
"ESD_0001_anger_对别人没有,而对我就",2,ESD
ESD_0001_anger_我的希望是工作到倒下,2,ESD
ESD_0001_anger_吝啬鬼!他每天还骑自,2,ESD
ESD_0001_anger_是你最牵挂的那个女人,2,ESD
ESD_0001_anger_是不是依然觉得我很可,2,ESD
ESD_0001_anger_多教我些东西我会更聪,2,ESD
ESD_0001_anger_我要学习一下相关知识,2,ESD
ESD_0001_anger_我喜欢几乎所有的运动,2,ESD
ESD_0001_anger_也许能帮助你把事情弄,2,ESD
ESD_0001_anger_我总是控制不了它。,2,ESD
ESD_0001_anger_他们的配合值得我们学,2,ESD
ESD_0001_anger_我也知道自己是大嘴巴,2,ESD
"ESD_0001_anger_你可以去问鹦鹉啊,鹦",2,ESD
"ESD_0001_anger_是啊,我还是个乳臭未",2,ESD
"ESD_0001_anger_女孩的心思你别猜,但",2,ESD
ESD_0001_anger_节食减肥很痛苦。,2,ESD
"ESD_0001_anger_听大自然的声响,就像",2,ESD
"ESD_0001_anger_现在,我仍然有点紧张",2,ESD
ESD_0001_anger_不知道。或许一双新鞋,2,ESD
ESD_0001_anger_有事记得喊我。,2,ESD
"ESD_0001_anger_你好,布赖恩,正好四",2,ESD
ESD_0001_anger_这样子比较有趣。,2,ESD
"ESD_0001_anger_我也最喜欢你,不要开",2,ESD
ESD_0001_anger_小心脚下。人行道上有,2,ESD
ESD_0001_anger_我们还等什么,2,ESD
"ESD_0001_anger_我还不会说其他外语,",2,ESD
ESD_0001_anger_我只打算放松一下自己,2,ESD
ESD_0001_anger_承蒙邀请参加你的婚礼,2,ESD
"ESD_0001_anger_你知道,有时候病人会",2,ESD
ESD_0001_anger_我的性格就是冷静并且,2,ESD
ESD_0001_anger_我不会牺牲我的健康来,2,ESD
ESD_0001_anger_当然!他是我们大学的,2,ESD
ESD_0001_anger_他讲的笑话让我笑个不,2,ESD
ESD_0001_anger_原来你也在玩这个,2,ESD
ESD_0001_anger_我还不知道你认识弗兰,2,ESD
ESD_0001_anger_我曾在一家船运公司里,2,ESD
ESD_0001_anger_其实我们前天已经分手,2,ESD
ESD_0001_anger_我想那些应该是草莓的,2,ESD
"ESD_0001_anger_太妙了,我想换一些日",2,ESD
"ESD_0001_anger_你得先回答我,你最喜",2,ESD
"ESD_0001_anger_让我再想想,真相已经",2,ESD
ESD_0001_anger_这样你就有时间挥拍打,2,ESD
"ESD_0001_anger_你这个小气鬼,很不幸",2,ESD
"ESD_0001_anger_我是个学生,服务器响",2,ESD
ESD_0001_anger_一套古瓷器。它真的很,2,ESD
ESD_0001_anger_他在这次竞选活动中花,2,ESD
"ESD_0001_anger_她此刻失业了,你最好",2,ESD
"ESD_0001_anger_带上你的家人,但是他",2,ESD
ESD_0001_anger_你在我的心里折腾好久,2,ESD
"ESD_0001_anger_你转一个,我想学习下",2,ESD
"ESD_0001_anger_她和维克分手了,所以",2,ESD
ESD_0001_anger_冬天雨非常多。我不喜,2,ESD
ESD_0001_anger_时间对珍尼来说是没有,2,ESD
ESD_0001_anger_大概足够支持我生活三,2,ESD
ESD_0001_anger_你绝对猜不到她准备要,2,ESD
ESD_0001_anger_二零一六年十一月五号,2,ESD
"ESD_0001_anger_今天真凉快,我希望主",2,ESD
ESD_0001_anger_软妹子生气会说:讨厌,2,ESD
ESD_0001_anger_我们一起为他办个惊喜,2,ESD
ESD_0001_anger_以后我要经常来这儿爬,2,ESD
"ESD_0001_anger_我是一名教师,你可是",2,ESD
ESD_0001_anger_上海现在是下午四点三,2,ESD
ESD_0001_anger_别问了!说多了都是眼,2,ESD
ESD_0001_anger_如果我滚远了就回不来,2,ESD
ESD_0001_anger_带女友出去好好吃上一,2,ESD
"ESD_0001_anger_炖肉一小时,剩余三十",2,ESD
ESD_0001_anger_我以为你们国家的人都,2,ESD
"ESD_0001_anger_我饿啦,我想去吃点东",2,ESD
"ESD_0001_anger_为什么不,交朋友不分",2,ESD
"ESD_0001_anger_当然知道,我们各有千",2,ESD
"ESD_0001_anger_我喜欢你的干净整洁,",2,ESD
ESD_0001_anger_我已经习惯这种气候了,2,ESD
ESD_0001_anger_也就是一大堆照片。,2,ESD
"ESD_0001_anger_那就一会再说,我好害",2,ESD
ESD_0001_anger_希望我有一天也可以去,2,ESD
"ESD_0001_anger_你昨天才买衣服,真是",2,ESD
"ESD_0001_anger_还要叫她起床,怎么会",2,ESD
"ESD_0001_anger_是的,我知道,患难见",2,ESD
"ESD_0001_anger_我是萌萌哒,你是呆呆",2,ESD
ESD_0001_anger_你可以在那儿呆上至少,2,ESD
ESD_0001_anger_对不起我把咖啡洒在桌,2,ESD
"ESD_0001_anger_也不算,她有的歌我都",2,ESD
ESD_0001_anger_你太棒了。我对养花已,2,ESD
ESD_0001_anger_我还会陪你一路走下去,2,ESD
ESD_0001_anger_裁判全给了满分。,2,ESD
"ESD_0001_anger_当然,我简直离开音乐",2,ESD
"ESD_0001_anger_拜拜,明天要再来和小",2,ESD
ESD_0001_anger_碰到喜欢的女孩子要主,2,ESD
ESD_0001_anger_他的收支几乎不能平衡,2,ESD
"ESD_0001_anger_明天是星期天,我们去",2,ESD
ESD_0001_anger_大部分都是用诱饵钓到,2,ESD
"ESD_0001_anger_所以你必须要坚持,时",2,ESD
ESD_0001_anger_我非常支持人们走进太,2,ESD
ESD_0001_anger_我的老朋友汉森就住在,2,ESD
ESD_0001_anger_听起来你们玩得也很开,2,ESD
ESD_0001_anger_这个对我来说有点难!,2,ESD
"ESD_0001_anger_差不多,我们俩都很热",2,ESD
"ESD_0001_anger_你要做爸爸了,真让人",2,ESD
ESD_0001_anger_我真受不了城里那么大,2,ESD
ESD_0001_anger_好的。新的音乐厅有一,2,ESD
"ESD_0001_anger_这个位置不错,下车。",2,ESD
"ESD_0001_anger_那不打扰你了,我不敢",2,ESD
"ESD_0001_anger_最近很冷,风又大。",2,ESD
ESD_0001_anger_我最近正在努力练习棋,2,ESD
"ESD_0001_anger_拜托,别跟我提到笔记",2,ESD
ESD_0001_anger_它是一个主要的空气污,2,ESD
"ESD_0001_anger_我爱运动,但是对篮球",2,ESD
"ESD_0001_anger_我不需要嗅觉,所以没",2,ESD
"ESD_0001_anger_雪下得真大,带着我去",2,ESD
ESD_0001_anger_我不这么认为。我们沿,2,ESD
"ESD_0001_anger_食物也很美味,更不用",2,ESD
ESD_0001_anger_大约一个小时左右。,2,ESD
ESD_0001_anger_请勿进入竹林。不让进,2,ESD
ESD_0001_anger_为了不让鱼吃掉诗人的,2,ESD
ESD_0001_anger_那样的话你应该穿讲究,2,ESD
ESD_0001_anger_我的直系亲属人数不多,2,ESD
ESD_0001_anger_贾尼斯突然兴奋地大叫,2,ESD
ESD_0001_anger_领带对男人来说真必不,2,ESD
ESD_0001_anger_没有为什么就是要等我,2,ESD
ESD_0001_anger_我不怎么在乎这个店有,2,ESD
ESD_0001_anger_我最好的朋友就约会过,2,ESD
"ESD_0001_anger_我不用转头,不需要脖",2,ESD
"ESD_0001_anger_没看过小说,只有人类",2,ESD
ESD_0001_anger_我是个游戏迷。,2,ESD
"ESD_0001_anger_你比吴亦凡帅,我同意",2,ESD
"ESD_0001_anger_我没有忽悠你,机器人",2,ESD
ESD_0001_anger_最初我的工作是当一名,2,ESD
ESD_0001_anger_陪你度过这漫长的黑夜,2,ESD
ESD_0001_anger_这是我在旅游第四天拍,2,ESD
ESD_0001_anger_这句话的意义我不太明,2,ESD
ESD_0001_anger_我们想等一个合适的时,2,ESD
"ESD_0001_anger_我很伤心,我准备去网",2,ESD
ESD_0001_anger_这可真不像是场英超比,2,ESD
ESD_0001_anger_他好像是被他女友给甩,2,ESD
ESD_0001_anger_也许反倒是件好事,2,ESD
ESD_0001_anger_听起来很厉害的样子!,2,ESD
ESD_0001_anger_我必须再次感谢您的慷,2,ESD
"ESD_0001_anger_我是淑女,只会讲文明",2,ESD
ESD_0001_anger_这可是我学会的第一首,2,ESD
ESD_0001_anger_谁都有烦的时候。,2,ESD
"ESD_0001_anger_是很棒的一款手机,性",2,ESD
ESD_0001_anger_没有找到你想删除的闹,2,ESD
"ESD_0001_anger_很大,令人兴奋但是嘈",2,ESD
"ESD_0001_anger_沈阳明天有雷阵雨,多",2,ESD
ESD_0001_anger_但梅花往往被很多人忽,2,ESD
"ESD_0001_anger_只要不违法,我还是想",2,ESD
ESD_0001_anger_然后再找一个音乐播放,2,ESD
"ESD_0001_anger_我当然喜欢,我很注意",2,ESD
"ESD_0001_anger_是的,所以我永不喝它",2,ESD
"ESD_0001_anger_我真兴奋,我终于有自",2,ESD
ESD_0001_anger_我想说我也这样认为的,2,ESD
ESD_0001_anger_绝对不可以走到湖的中,2,ESD
"ESD_0001_anger_晚安,么么哒,满天都",2,ESD
"ESD_0001_anger_有些人划船,有的人在",2,ESD
ESD_0001_anger_我想所有中国人都会打,2,ESD
ESD_0001_anger_有充足的时间购物和观,2,ESD
"ESD_0001_anger_自己保重,记得要常联",2,ESD
"ESD_0001_anger_门儿都没有,现在还不",2,ESD
"ESD_0001_anger_我太喜欢听了,所以不",2,ESD
"ESD_0001_anger_我随时都在,有没有梦",2,ESD
"ESD_0001_anger_不会,不过我很喜欢单",2,ESD
ESD_0001_anger_还有聊天记录。,2,ESD
"ESD_0001_anger_在法国南部,气候常年",2,ESD
ESD_0001_anger_哪天我也许得和他谈谈,2,ESD
"ESD_0001_anger_振作点儿,我看了屏幕",2,ESD
"ESD_0001_anger_我是银灰色的,我都被",2,ESD
"ESD_0001_anger_文学和经济,我喜欢很",2,ESD
"ESD_0001_anger_赌博往往是个祸根,",2,ESD
"ESD_0001_anger_三个,两个儿子一个女",2,ESD
"ESD_0001_anger_祝你春节快乐,全家幸",2,ESD
"ESD_0001_anger_是的,我刚撞到了桌子",2,ESD
"ESD_0001_anger_这个我相信,我是登山",2,ESD
"ESD_0001_anger_播放歌单收藏,脑筋可",2,ESD
ESD_0001_anger_我希望你能和我一起想,2,ESD
ESD_0001_anger_我一直到清晨四点才到,2,ESD
ESD_0001_anger_我刚从苏格兰回来。,2,ESD
ESD_0001_anger_我支持你。它是需要重,2,ESD
ESD_0001_anger_我在一个机械化农场做,2,ESD
ESD_0001_anger_有时内在美更加重要。,2,ESD
ESD_0001_anger_我去查查篮球相关的知,2,ESD
"ESD_0001_anger_已经怀孕四个半月了,",2,ESD
"ESD_0001_anger_这局我让你开,今天我",2,ESD
ESD_0001_anger_我们休息一下喝杯咖啡,2,ESD
"ESD_0001_anger_如果她拒绝我,我会死",2,ESD
ESD_0001_anger_旅行结束后我将休息一,2,ESD
ESD_0001_anger_现在全城的人都要向我,2,ESD
ESD_0001_anger_我需要插着电源才能说,2,ESD
ESD_0001_anger_每次你看到一些时尚衣,2,ESD
ESD_0001_anger_你看上去比以前更漂亮,2,ESD
"ESD_0001_anger_下午好,蒂娜,我想我",2,ESD
ESD_0001_anger_家里有全自动洗衣机。,2,ESD
"ESD_0001_anger_谢谢你来这里,告诉我",2,ESD
"ESD_0001_anger_不是很喜欢,你把我绕",2,ESD
"ESD_0001_anger_等待你的指令,随时可",2,ESD
ESD_0001_anger_他对谁都那么友好。,2,ESD
ESD_0001_anger_我喜欢吃中餐。,2,ESD
"ESD_0001_anger_尽管提意见,我会改正",2,ESD
"ESD_0001_anger_这么多笑话,一天讲不",2,ESD
"ESD_0001_anger_我讨厌吃醋,偶是不懂",2,ESD
"ESD_0001_anger_太棒了,我们下午可以",2,ESD
ESD_0001_anger_但是有时夏天比其它季,2,ESD
"ESD_0001_anger_我们相处得很好,仅此",2,ESD
ESD_0001_anger_于是我就问她能不能连,2,ESD
ESD_0001_anger_我想要那种新款的美国,2,ESD
ESD_0001_anger_错过这村可就没这个店,2,ESD
"ESD_0001_anger_我曾经养过,我太高兴",2,ESD
ESD_0001_anger_他们将于今年夏天结婚,2,ESD
"ESD_0001_anger_谢谢你的夸奖,鲍伯上",2,ESD
"ESD_0001_anger_你看起来很高兴,眼睛",2,ESD
ESD_0001_anger_年轻人当然要承担责任,2,ESD
ESD_0001_anger_不要乱问女孩子的年龄,2,ESD
ESD_0001_anger_每天晚上跟你互道晚安,2,ESD
ESD_0001_anger_我会在你的脸上画鬼脸,2,ESD
"ESD_0001_anger_我缺钱用,所以上星期",2,ESD
ESD_0001_anger_许多白领都参加到这个,2,ESD
"ESD_0001_anger_很漂亮,不过人多拥挤",2,ESD
"ESD_0001_anger_别总是闲着,找点事情",2,ESD
"ESD_0001_anger_好好休息一下,这个小",2,ESD
ESD_0001_anger_这两块是唐朝不同时期,2,ESD
"ESD_0001_anger_我喜欢你的黑衣服,你",2,ESD
"ESD_0001_anger_是的,真是名副其实。",2,ESD
"ESD_0001_anger_是很难听的脏话,主人",2,ESD
"ESD_0001_happiness_打远一看,它们的确很",1,ESD
ESD_0001_happiness_英国的哲学家曾经说过,1,ESD
"ESD_0001_happiness_我老家在北京,哇塞!",1,ESD
ESD_0001_happiness_不管怎么说主队好象是,1,ESD
"ESD_0001_happiness_我们乘船漂游了三峡,",1,ESD
ESD_0001_happiness_我喜欢“北京欢迎你”,1,ESD
ESD_0001_happiness_我每个月打一次电话。,1,ESD
ESD_0001_happiness_沙尘暴好像给每个人都,1,ESD
"ESD_0001_happiness_就是这个意思,你又聪",1,ESD
ESD_0001_happiness_个人收藏家!他们肯定,1,ESD
ESD_0001_happiness_妇女节快乐。我永远爱,1,ESD
ESD_0001_happiness_你每次谈恋爱都像现在,1,ESD
"ESD_0001_happiness_周末的我,只忙着陪你",1,ESD
"ESD_0001_happiness_谁你也不认识,我很乐",1,ESD
ESD_0001_happiness_我特别喜欢网球和登山,1,ESD
ESD_0001_happiness_他一定是一眼就被你迷,1,ESD
ESD_0001_happiness_很快你上大学就用得到,1,ESD
"ESD_0001_happiness_我们意见不和,咱们去",1,ESD
"ESD_0001_happiness_不就是你嘛,为什么要",1,ESD
ESD_0001_happiness_前几天我碰见了一件有,1,ESD
ESD_0001_happiness_已经播至该专辑最后一,1,ESD
ESD_0001_happiness_我和我朋友刚从巴厘岛,1,ESD
ESD_0001_happiness_做一些好吃的促进宝宝,1,ESD
ESD_0001_happiness_你的身影总是在我心里,1,ESD
ESD_0001_happiness_我觉得并不是非要有特,1,ESD
"ESD_0001_happiness_是的,他很狡猾,经常",1,ESD
ESD_0001_happiness_工厂不把它直接排到大,1,ESD
"ESD_0001_happiness_没错,就是车门。另外",1,ESD
"ESD_0001_happiness_很可爱啊,就像你一样",1,ESD
"ESD_0001_happiness_除非你打飞碟球,但这",1,ESD
"ESD_0001_happiness_没听清,请问什么时间",1,ESD
ESD_0001_happiness_我遇到了一位漂亮的女,1,ESD
"ESD_0001_happiness_我是青蛙,不用冬眠的",1,ESD
"ESD_0001_happiness_那是马特,他肯定很勇",1,ESD
ESD_0001_happiness_这样无辜的人就不会被,1,ESD
ESD_0001_happiness_我必须一直通电才能工,1,ESD
ESD_0001_happiness_我和我的妻子盼望着和,1,ESD
"ESD_0001_happiness_当然是了,我现在快饿",1,ESD
"ESD_0001_happiness_没有找到日程,走的时",1,ESD
ESD_0001_happiness_是一家制药公司的短期,1,ESD
"ESD_0001_happiness_姐忙得很,没空和你说",1,ESD
"ESD_0001_happiness_我会暖被窝了,逗你的",1,ESD
"ESD_0001_happiness_这样的话,我们可以选",1,ESD
"ESD_0001_happiness_比方说,“华尔街日报",1,ESD
ESD_0001_happiness_我知道人生并不总是一,1,ESD
ESD_0001_happiness_我们可以轮流开车。,1,ESD
ESD_0001_happiness_这是台湾地区最大的动,1,ESD
"ESD_0001_happiness_时候不早了,我来了,",1,ESD
ESD_0001_happiness_递给我一些彩球和纸花,1,ESD
"ESD_0001_happiness_每次叫我都不给红包,",1,ESD
"ESD_0001_happiness_没关系,也许他老婆会",1,ESD
ESD_0001_happiness_你不应该害怕开始一段,1,ESD
"ESD_0001_happiness_我肯定会的,那以后我",1,ESD
ESD_0001_happiness_我是基于人工智能系统,1,ESD
ESD_0001_happiness_它实际会形成一氧化碳,1,ESD
ESD_0001_happiness_我参加了一个有关全球,1,ESD
"ESD_0001_happiness_跳舞好难呀,我还正在",1,ESD
ESD_0001_happiness_让人看上去就感到宽广,1,ESD
"ESD_0001_happiness_只要是我能玩好的,我",1,ESD
ESD_0001_happiness_坐地铁只需要大约二十,1,ESD
ESD_0001_happiness_下个月我姐姐要结婚了,1,ESD
ESD_0001_happiness_我是顺路过来跟你告别,1,ESD
ESD_0001_happiness_你知道我很努力地在戒,1,ESD
"ESD_0001_happiness_我告退了,晚上回去拍",1,ESD
"ESD_0001_happiness_一点也不差,先把握好",1,ESD
ESD_0001_happiness_我们可以去钓鱼、聊天,1,ESD
ESD_0001_happiness_你深深地印在我的脑海,1,ESD
ESD_0001_happiness_我应该给女朋友买玫瑰,1,ESD
"ESD_0001_happiness_以后不要喝那么多了,",1,ESD
"ESD_0001_happiness_心动不如行动,我不太",1,ESD
ESD_0001_happiness_只要令人鼓舞的电影我,1,ESD
ESD_0001_happiness_资料全都不见了。气死,1,ESD
ESD_0001_happiness_她总是带香甜甜的微笑,1,ESD
ESD_0001_happiness_今年应该是第二十七个,1,ESD
ESD_0001_happiness_我也想去看可爱的熊猫,1,ESD
"ESD_0001_happiness_是的,你是个大块头,",1,ESD
"ESD_0001_happiness_奏婚礼进行曲了,他们",1,ESD
"ESD_0001_happiness_它们的设计外形小巧,",1,ESD
ESD_0001_happiness_人们当然都叫他“奥林,1,ESD
"ESD_0001_happiness_看呀,我们差不多就装",1,ESD
ESD_0001_happiness_这个镇上所有的人都喜,1,ESD
ESD_0001_happiness_听说你要去香港看你叔,1,ESD
ESD_0001_happiness_你身上的每一点都吸引,1,ESD
ESD_0001_happiness_他好像跟他的秘书有过,1,ESD
"ESD_0001_happiness_是啊,他的健康我总放",1,ESD
"ESD_0001_happiness_真想不到,游泳竟有如",1,ESD
ESD_0001_happiness_是没什么但是挺别扭的,1,ESD
"ESD_0001_happiness_香港海洋公园,主人快",1,ESD
"ESD_0001_happiness_是个冰淇淋,桃花确实",1,ESD
"ESD_0001_happiness_还不太糟糕,但是得躺",1,ESD
ESD_0001_happiness_如果有我能帮忙的请告,1,ESD
ESD_0001_happiness_不会这么凑巧吧!我也,1,ESD
ESD_0001_happiness_别不好意思。再多吃些,1,ESD
"ESD_0001_happiness_很神奇的样子,我搞不",1,ESD
ESD_0001_happiness_我倒是有一个爱好――,1,ESD
ESD_0001_happiness_别小看我这发型!我还,1,ESD
ESD_0001_happiness_你女儿和她妈妈长得很,1,ESD
ESD_0001_happiness_我只会斗斗地主什么的,1,ESD
"ESD_0001_happiness_得了吧,别这么胆小啦",1,ESD
ESD_0001_happiness_就经常去我们宿舍附近,1,ESD
"ESD_0001_happiness_很快,车就可自动开了",1,ESD
"ESD_0001_happiness_我昨天遇到马克,他看",1,ESD
"ESD_0001_happiness_感觉好温暖呀,好的,",1,ESD
ESD_0001_happiness_没有找到蒸鱼的计时。,1,ESD
"ESD_0001_happiness_我们俩合不来,还经常",1,ESD
"ESD_0001_happiness_做不了什么,通常我会",1,ESD
ESD_0001_happiness_我的表两点四十二。可,1,ESD
ESD_0001_happiness_让我们看看哪一种球技,1,ESD
"ESD_0001_happiness_太棒了,我其实挺饿的",1,ESD
ESD_0001_happiness_自己的事情要自己做。,1,ESD
ESD_0001_happiness_每天早晨都是我妈妈帮,1,ESD
"ESD_0001_happiness_那棒极了,其实心情挺",1,ESD
"ESD_0001_happiness_玛丽,你看来很喜欢挖",1,ESD
"ESD_0001_happiness_我也是,我还有点儿口",1,ESD
"ESD_0001_happiness_真是个好习惯,通常看",1,ESD
"ESD_0001_happiness_没有,不过,我们去了",1,ESD
"ESD_0001_happiness_快点起床,我在公寓门",1,ESD
ESD_0001_happiness_你的同学把你给捉弄了,1,ESD
"ESD_0001_happiness_不过我想星期五走,",1,ESD
ESD_0001_happiness_你还真是考虑周到。,1,ESD
ESD_0001_happiness_那你就离市区很远了。,1,ESD
"ESD_0001_happiness_汤姆是个好人,但却赌",1,ESD
ESD_0001_happiness_那你就说你为之神魂颠,1,ESD
"ESD_0001_happiness_是的,请返还我的钱,",1,ESD
"ESD_0001_happiness_如果你想要纹身,你去",1,ESD
"ESD_0001_happiness_不是,他住在沃斯盾的",1,ESD
ESD_0001_happiness_你说我们在芝加哥要待,1,ESD
ESD_0001_happiness_这些颜色也不太适合你,1,ESD
"ESD_0001_happiness_对别人没有,而对我就",1,ESD
ESD_0001_happiness_我的希望是工作到倒下,1,ESD
ESD_0001_happiness_吝啬鬼!他每天还骑自,1,ESD
ESD_0001_happiness_是你最牵挂的那个女人,1,ESD
ESD_0001_happiness_是不是依然觉得我很可,1,ESD
ESD_0001_happiness_多教我些东西我会更聪,1,ESD
ESD_0001_happiness_我要学习一下相关知识,1,ESD
ESD_0001_happiness_我喜欢几乎所有的运动,1,ESD
ESD_0001_happiness_也许能帮助你把事情弄,1,ESD
ESD_0001_happiness_我总是控制不了它。,1,ESD
ESD_0001_happiness_他们的配合值得我们学,1,ESD
ESD_0001_happiness_我也知道自己是大嘴巴,1,ESD
"ESD_0001_happiness_你可以去问鹦鹉啊,鹦",1,ESD
"ESD_0001_happiness_是啊,我还是个乳臭未",1,ESD
"ESD_0001_happiness_女孩的心思你别猜,但",1,ESD
ESD_0001_happiness_节食减肥很痛苦。,1,ESD
"ESD_0001_happiness_听大自然的声响,就像",1,ESD
"ESD_0001_happiness_现在,我仍然有点紧张",1,ESD
ESD_0001_happiness_不知道。或许一双新鞋,1,ESD
ESD_0001_happiness_有事记得喊我。,1,ESD
"ESD_0001_happiness_你好,布赖恩,正好四",1,ESD
ESD_0001_happiness_这样子比较有趣。,1,ESD
"ESD_0001_happiness_我也最喜欢你,不要开",1,ESD
ESD_0001_happiness_小心脚下。人行道上有,1,ESD
ESD_0001_happiness_我们还等什么,1,ESD
"ESD_0001_happiness_我还不会说其他外语,",1,ESD
ESD_0001_happiness_我只打算放松一下自己,1,ESD
ESD_0001_happiness_承蒙邀请参加你的婚礼,1,ESD
"ESD_0001_happiness_你知道,有时候病人会",1,ESD
ESD_0001_happiness_我的性格就是冷静并且,1,ESD
ESD_0001_happiness_我不会牺牲我的健康来,1,ESD
ESD_0001_happiness_当然!他是我们大学的,1,ESD
ESD_0001_happiness_他讲的笑话让我笑个不,1,ESD
ESD_0001_happiness_原来你也在玩这个,1,ESD
ESD_0001_happiness_我还不知道你认识弗兰,1,ESD
ESD_0001_happiness_我曾在一家船运公司里,1,ESD
ESD_0001_happiness_其实我们前天已经分手,1,ESD
ESD_0001_happiness_我想那些应该是草莓的,1,ESD
"ESD_0001_happiness_太妙了,我想换一些日",1,ESD
"ESD_0001_happiness_你得先回答我,你最喜",1,ESD
"ESD_0001_happiness_让我再想想,真相已经",1,ESD
ESD_0001_happiness_这样你就有时间挥拍打,1,ESD
"ESD_0001_happiness_你这个小气鬼,很不幸",1,ESD
"ESD_0001_happiness_我是个学生,服务器响",1,ESD
ESD_0001_happiness_一套古瓷器。它真的很,1,ESD
ESD_0001_happiness_他在这次竞选活动中花,1,ESD
"ESD_0001_happiness_她此刻失业了,你最好",1,ESD
"ESD_0001_happiness_带上你的家人,但是他",1,ESD
ESD_0001_happiness_你在我的心里折腾好久,1,ESD
"ESD_0001_happiness_你转一个,我想学习下",1,ESD
"ESD_0001_happiness_她和维克分手了,所以",1,ESD
ESD_0001_happiness_冬天雨非常多。我不喜,1,ESD
ESD_0001_happiness_时间对珍尼来说是没有,1,ESD
ESD_0001_happiness_大概足够支持我生活三,1,ESD
ESD_0001_happiness_你绝对猜不到她准备要,1,ESD
ESD_0001_happiness_二零一六年十一月五号,1,ESD
"ESD_0001_happiness_今天真凉快,我希望主",1,ESD
ESD_0001_happiness_软妹子生气会说:讨厌,1,ESD
ESD_0001_happiness_我们一起为他办个惊喜,1,ESD
ESD_0001_happiness_以后我要经常来这儿爬,1,ESD
"ESD_0001_happiness_我是一名教师,你可是",1,ESD
ESD_0001_happiness_上海现在是下午四点三,1,ESD
ESD_0001_happiness_别问了!说多了都是眼,1,ESD
ESD_0001_happiness_如果我滚远了就回不来,1,ESD
ESD_0001_happiness_带女友出去好好吃上一,1,ESD
"ESD_0001_happiness_炖肉一小时,剩余三十",1,ESD
ESD_0001_happiness_我以为你们国家的人都,1,ESD
"ESD_0001_happiness_我饿啦,我想去吃点东",1,ESD
"ESD_0001_happiness_为什么不,交朋友不分",1,ESD
"ESD_0001_happiness_当然知道,我们各有千",1,ESD
"ESD_0001_happiness_我喜欢你的干净整洁,",1,ESD
ESD_0001_happiness_我已经习惯这种气候了,1,ESD
ESD_0001_happiness_也就是一大堆照片。,1,ESD
"ESD_0001_happiness_那就一会再说,我好害",1,ESD
ESD_0001_happiness_希望我有一天也可以去,1,ESD
"ESD_0001_happiness_你昨天才买衣服,真是",1,ESD
"ESD_0001_happiness_还要叫她起床,怎么会",1,ESD
"ESD_0001_happiness_是的,我知道,患难见",1,ESD
"ESD_0001_happiness_我是萌萌哒,你是呆呆",1,ESD
ESD_0001_happiness_你可以在那儿呆上至少,1,ESD
ESD_0001_happiness_对不起我把咖啡洒在桌,1,ESD
"ESD_0001_happiness_也不算,她有的歌我都",1,ESD
ESD_0001_happiness_你太棒了。我对养花已,1,ESD
ESD_0001_happiness_我还会陪你一路走下去,1,ESD
ESD_0001_happiness_裁判全给了满分。,1,ESD
"ESD_0001_happiness_当然,我简直离开音乐",1,ESD
"ESD_0001_happiness_拜拜,明天要再来和小",1,ESD
ESD_0001_happiness_碰到喜欢的女孩子要主,1,ESD
ESD_0001_happiness_他的收支几乎不能平衡,1,ESD
"ESD_0001_happiness_明天是星期天,我们去",1,ESD
ESD_0001_happiness_大部分都是用诱饵钓到,1,ESD
"ESD_0001_happiness_所以你必须要坚持,时",1,ESD
ESD_0001_happiness_我非常支持人们走进太,1,ESD
ESD_0001_happiness_我的老朋友汉森就住在,1,ESD
ESD_0001_happiness_听起来你们玩得也很开,1,ESD
ESD_0001_happiness_这个对我来说有点难!,1,ESD
"ESD_0001_happiness_差不多,我们俩都很热",1,ESD
"ESD_0001_happiness_你要做爸爸了,真让人",1,ESD
ESD_0001_happiness_我真受不了城里那么大,1,ESD
ESD_0001_happiness_好的。新的音乐厅有一,1,ESD
"ESD_0001_happiness_这个位置不错,下车。",1,ESD
"ESD_0001_happiness_那不打扰你了,我不敢",1,ESD
"ESD_0001_happiness_最近很冷,风又大。",1,ESD
ESD_0001_happiness_我最近正在努力练习棋,1,ESD
"ESD_0001_happiness_拜托,别跟我提到笔记",1,ESD
ESD_0001_happiness_它是一个主要的空气污,1,ESD
"ESD_0001_happiness_我爱运动,但是对篮球",1,ESD
"ESD_0001_happiness_我不需要嗅觉,所以没",1,ESD
"ESD_0001_happiness_雪下得真大,带着我去",1,ESD
ESD_0001_happiness_我不这么认为。我们沿,1,ESD
"ESD_0001_happiness_食物也很美味,更不用",1,ESD
ESD_0001_happiness_大约一个小时左右。,1,ESD
ESD_0001_happiness_请勿进入竹林。不让进,1,ESD
ESD_0001_happiness_为了不让鱼吃掉诗人的,1,ESD
ESD_0001_happiness_那样的话你应该穿讲究,1,ESD
ESD_0001_happiness_我的直系亲属人数不多,1,ESD
ESD_0001_happiness_贾尼斯突然兴奋地大叫,1,ESD
ESD_0001_happiness_领带对男人来说真必不,1,ESD
ESD_0001_happiness_没有为什么就是要等我,1,ESD
ESD_0001_happiness_我不怎么在乎这个店有,1,ESD
ESD_0001_happiness_我最好的朋友就约会过,1,ESD
"ESD_0001_happiness_我不用转头,不需要脖",1,ESD
"ESD_0001_happiness_没看过小说,只有人类",1,ESD
ESD_0001_happiness_我是个游戏迷。,1,ESD
"ESD_0001_happiness_你比吴亦凡帅,我同意",1,ESD
"ESD_0001_happiness_我没有忽悠你,机器人",1,ESD
ESD_0001_happiness_最初我的工作是当一名,1,ESD
ESD_0001_happiness_陪你度过这漫长的黑夜,1,ESD
ESD_0001_happiness_这是我在旅游第四天拍,1,ESD
ESD_0001_happiness_这句话的意义我不太明,1,ESD
ESD_0001_happiness_我们想等一个合适的时,1,ESD
"ESD_0001_happiness_我很伤心,我准备去网",1,ESD
ESD_0001_happiness_这可真不像是场英超比,1,ESD
ESD_0001_happiness_他好像是被他女友给甩,1,ESD
ESD_0001_happiness_也许反倒是件好事,1,ESD
ESD_0001_happiness_听起来很厉害的样子!,1,ESD
ESD_0001_happiness_我必须再次感谢您的慷,1,ESD
"ESD_0001_happiness_我是淑女,只会讲文明",1,ESD
ESD_0001_happiness_这可是我学会的第一首,1,ESD
ESD_0001_happiness_谁都有烦的时候。,1,ESD
"ESD_0001_happiness_是很棒的一款手机,性",1,ESD
ESD_0001_happiness_没有找到你想删除的闹,1,ESD
"ESD_0001_happiness_很大,令人兴奋但是嘈",1,ESD
"ESD_0001_happiness_沈阳明天有雷阵雨,多",1,ESD
ESD_0001_happiness_但梅花往往被很多人忽,1,ESD
"ESD_0001_happiness_只要不违法,我还是想",1,ESD
ESD_0001_happiness_然后再找一个音乐播放,1,ESD
"ESD_0001_happiness_我当然喜欢,我很注意",1,ESD
"ESD_0001_happiness_是的,所以我永不喝它",1,ESD
"ESD_0001_happiness_我真兴奋,我终于有自",1,ESD
ESD_0001_happiness_我想说我也这样认为的,1,ESD
ESD_0001_happiness_绝对不可以走到湖的中,1,ESD
"ESD_0001_happiness_晚安,么么哒,满天都",1,ESD
"ESD_0001_happiness_有些人划船,有的人在",1,ESD
ESD_0001_happiness_我想所有中国人都会打,1,ESD
ESD_0001_happiness_有充足的时间购物和观,1,ESD
"ESD_0001_happiness_自己保重,记得要常联",1,ESD
"ESD_0001_happiness_门儿都没有,现在还不",1,ESD
"ESD_0001_happiness_我太喜欢听了,所以不",1,ESD
"ESD_0001_happiness_我随时都在,有没有梦",1,ESD
"ESD_0001_happiness_不会,不过我很喜欢单",1,ESD
ESD_0001_happiness_还有聊天记录。,1,ESD
"ESD_0001_happiness_在法国南部,气候常年",1,ESD
ESD_0001_happiness_哪天我也许得和他谈谈,1,ESD
"ESD_0001_happiness_振作点儿,我看了屏幕",1,ESD
"ESD_0001_happiness_我是银灰色的,我都被",1,ESD
"ESD_0001_happiness_文学和经济,我喜欢很",1,ESD
"ESD_0001_happiness_赌博往往是个祸根,",1,ESD
"ESD_0001_happiness_三个,两个儿子一个女",1,ESD
"ESD_0001_happiness_祝你春节快乐,全家幸",1,ESD
"ESD_0001_happiness_是的,我刚撞到了桌子",1,ESD
"ESD_0001_happiness_这个我相信,我是登山",1,ESD
"ESD_0001_happiness_播放歌单收藏,脑筋可",1,ESD
ESD_0001_happiness_我希望你能和我一起想,1,ESD
ESD_0001_happiness_我一直到清晨四点才到,1,ESD
ESD_0001_happiness_我刚从苏格兰回来。,1,ESD
ESD_0001_happiness_我支持你。它是需要重,1,ESD
ESD_0001_happiness_我在一个机械化农场做,1,ESD
ESD_0001_happiness_有时内在美更加重要。,1,ESD
ESD_0001_happiness_我去查查篮球相关的知,1,ESD
"ESD_0001_happiness_已经怀孕四个半月了,",1,ESD
"ESD_0001_happiness_这局我让你开,今天我",1,ESD
ESD_0001_happiness_我们休息一下喝杯咖啡,1,ESD
"ESD_0001_happiness_如果她拒绝我,我会死",1,ESD
ESD_0001_happiness_旅行结束后我将休息一,1,ESD
ESD_0001_happiness_现在全城的人都要向我,1,ESD
ESD_0001_happiness_我需要插着电源才能说,1,ESD
ESD_0001_happiness_每次你看到一些时尚衣,1,ESD
ESD_0001_happiness_你看上去比以前更漂亮,1,ESD
"ESD_0001_happiness_下午好,蒂娜,我想我",1,ESD
ESD_0001_happiness_家里有全自动洗衣机。,1,ESD
"ESD_0001_happiness_谢谢你来这里,告诉我",1,ESD
"ESD_0001_happiness_不是很喜欢,你把我绕",1,ESD
"ESD_0001_happiness_等待你的指令,随时可",1,ESD
ESD_0001_happiness_他对谁都那么友好。,1,ESD
ESD_0001_happiness_我喜欢吃中餐。,1,ESD
"ESD_0001_happiness_尽管提意见,我会改正",1,ESD
"ESD_0001_happiness_这么多笑话,一天讲不",1,ESD
"ESD_0001_happiness_我讨厌吃醋,偶是不懂",1,ESD
"ESD_0001_happiness_太棒了,我们下午可以",1,ESD
ESD_0001_happiness_但是有时夏天比其它季,1,ESD
"ESD_0001_happiness_我们相处得很好,仅此",1,ESD
ESD_0001_happiness_于是我就问她能不能连,1,ESD
ESD_0001_happiness_我想要那种新款的美国,1,ESD
ESD_0001_happiness_错过这村可就没这个店,1,ESD
"ESD_0001_happiness_我曾经养过,我太高兴",1,ESD
ESD_0001_happiness_他们将于今年夏天结婚,1,ESD
"ESD_0001_happiness_谢谢你的夸奖,鲍伯上",1,ESD
"ESD_0001_happiness_你看起来很高兴,眼睛",1,ESD
ESD_0001_happiness_年轻人当然要承担责任,1,ESD
ESD_0001_happiness_不要乱问女孩子的年龄,1,ESD
ESD_0001_happiness_每天晚上跟你互道晚安,1,ESD
ESD_0001_happiness_我会在你的脸上画鬼脸,1,ESD
"ESD_0001_happiness_我缺钱用,所以上星期",1,ESD
ESD_0001_happiness_许多白领都参加到这个,1,ESD
"ESD_0001_happiness_很漂亮,不过人多拥挤",1,ESD
"ESD_0001_happiness_别总是闲着,找点事情",1,ESD
"ESD_0001_happiness_好好休息一下,这个小",1,ESD
ESD_0001_happiness_这两块是唐朝不同时期,1,ESD
"ESD_0001_happiness_我喜欢你的黑衣服,你",1,ESD
"ESD_0001_happiness_是的,真是名副其实。",1,ESD
"ESD_0001_happiness_是很难听的脏话,主人",1,ESD
"ESD_0001_neutral_打远一看,它们的确很",0,ESD
ESD_0001_neutral_英国的哲学家曾经说过,0,ESD
"ESD_0001_neutral_我老家在北京,哇塞!",0,ESD
ESD_0001_neutral_不管怎么说主队好象是,0,ESD
"ESD_0001_neutral_我们乘船漂游了三峡,",0,ESD
ESD_0001_neutral_我喜欢“北京欢迎你”,0,ESD
ESD_0001_neutral_我每个月打一次电话。,0,ESD
ESD_0001_neutral_沙尘暴好像给每个人都,0,ESD
"ESD_0001_neutral_就是这个意思,你又聪",0,ESD
ESD_0001_neutral_个人收藏家!他们肯定,0,ESD
ESD_0001_neutral_妇女节快乐。我永远爱,0,ESD
ESD_0001_neutral_你每次谈恋爱都像现在,0,ESD
"ESD_0001_neutral_周末的我,只忙着陪你",0,ESD
"ESD_0001_neutral_谁你也不认识,我很乐",0,ESD
ESD_0001_neutral_我特别喜欢网球和登山,0,ESD
ESD_0001_neutral_他一定是一眼就被你迷,0,ESD
ESD_0001_neutral_很快你上大学就用得到,0,ESD
"ESD_0001_neutral_我们意见不和,咱们去",0,ESD
"ESD_0001_neutral_不就是你嘛,为什么要",0,ESD
ESD_0001_neutral_前几天我碰见了一件有,0,ESD
ESD_0001_neutral_已经播至该专辑最后一,0,ESD
ESD_0001_neutral_我和我朋友刚从巴厘岛,0,ESD
ESD_0001_neutral_做一些好吃的促进宝宝,0,ESD
ESD_0001_neutral_你的身影总是在我心里,0,ESD
ESD_0001_neutral_我觉得并不是非要有特,0,ESD
"ESD_0001_neutral_是的,他很狡猾,经常",0,ESD
ESD_0001_neutral_工厂不把它直接排到大,0,ESD
"ESD_0001_neutral_没错,就是车门。另外",0,ESD
"ESD_0001_neutral_很可爱啊,就像你一样",0,ESD
"ESD_0001_neutral_除非你打飞碟球,但这",0,ESD
"ESD_0001_neutral_没听清,请问什么时间",0,ESD
ESD_0001_neutral_我遇到了一位漂亮的女,0,ESD
"ESD_0001_neutral_我是青蛙,不用冬眠的",0,ESD
"ESD_0001_neutral_那是马特,他肯定很勇",0,ESD
ESD_0001_neutral_这样无辜的人就不会被,0,ESD
ESD_0001_neutral_我必须一直通电才能工,0,ESD
ESD_0001_neutral_我和我的妻子盼望着和,0,ESD
"ESD_0001_neutral_当然是了,我现在快饿",0,ESD
"ESD_0001_neutral_没有找到日程,走的时",0,ESD
ESD_0001_neutral_是一家制药公司的短期,0,ESD
"ESD_0001_neutral_姐忙得很,没空和你说",0,ESD
"ESD_0001_neutral_我会暖被窝了,逗你的",0,ESD
"ESD_0001_neutral_这样的话,我们可以选",0,ESD
"ESD_0001_neutral_比方说,“华尔街日报",0,ESD
ESD_0001_neutral_我知道人生并不总是一,0,ESD
ESD_0001_neutral_我们可以轮流开车。,0,ESD
ESD_0001_neutral_这是台湾地区最大的动,0,ESD
"ESD_0001_neutral_时候不早了,我来了,",0,ESD
ESD_0001_neutral_递给我一些彩球和纸花,0,ESD
"ESD_0001_neutral_每次叫我都不给红包,",0,ESD
"ESD_0001_neutral_没关系,也许他老婆会",0,ESD
ESD_0001_neutral_你不应该害怕开始一段,0,ESD
"ESD_0001_neutral_我肯定会的,那以后我",0,ESD
ESD_0001_neutral_我是基于人工智能系统,0,ESD
ESD_0001_neutral_它实际会形成一氧化碳,0,ESD
ESD_0001_neutral_我参加了一个有关全球,0,ESD
"ESD_0001_neutral_跳舞好难呀,我还正在",0,ESD
ESD_0001_neutral_让人看上去就感到宽广,0,ESD
"ESD_0001_neutral_只要是我能玩好的,我",0,ESD
ESD_0001_neutral_坐地铁只需要大约二十,0,ESD
ESD_0001_neutral_下个月我姐姐要结婚了,0,ESD
ESD_0001_neutral_我是顺路过来跟你告别,0,ESD
ESD_0001_neutral_你知道我很努力地在戒,0,ESD
"ESD_0001_neutral_我告退了,晚上回去拍",0,ESD
"ESD_0001_neutral_一点也不差,先把握好",0,ESD
ESD_0001_neutral_我们可以去钓鱼、聊天,0,ESD
ESD_0001_neutral_你深深地印在我的脑海,0,ESD
ESD_0001_neutral_我应该给女朋友买玫瑰,0,ESD
"ESD_0001_neutral_以后不要喝那么多了,",0,ESD
"ESD_0001_neutral_心动不如行动,我不太",0,ESD
ESD_0001_neutral_只要令人鼓舞的电影我,0,ESD
ESD_0001_neutral_资料全都不见了。气死,0,ESD
ESD_0001_neutral_她总是带香甜甜的微笑,0,ESD
ESD_0001_neutral_今年应该是第二十七个,0,ESD
ESD_0001_neutral_我也想去看可爱的熊猫,0,ESD
"ESD_0001_neutral_是的,你是个大块头,",0,ESD
"ESD_0001_neutral_奏婚礼进行曲了,他们",0,ESD
"ESD_0001_neutral_它们的设计外形小巧,",0,ESD
ESD_0001_neutral_人们当然都叫他“奥林,0,ESD
"ESD_0001_neutral_看呀,我们差不多就装",0,ESD
ESD_0001_neutral_这个镇上所有的人都喜,0,ESD
ESD_0001_neutral_听说你要去香港看你叔,0,ESD
ESD_0001_neutral_你身上的每一点都吸引,0,ESD
ESD_0001_neutral_他好像跟他的秘书有过,0,ESD
"ESD_0001_neutral_是啊,他的健康我总放",0,ESD
"ESD_0001_neutral_真想不到,游泳竟有如",0,ESD
ESD_0001_neutral_是没什么但是挺别扭的,0,ESD
"ESD_0001_neutral_香港海洋公园,主人快",0,ESD
"ESD_0001_neutral_是个冰淇淋,桃花确实",0,ESD
"ESD_0001_neutral_还不太糟糕,但是得躺",0,ESD
ESD_0001_neutral_如果有我能帮忙的请告,0,ESD
ESD_0001_neutral_不会这么凑巧吧!我也,0,ESD
ESD_0001_neutral_别不好意思。再多吃些,0,ESD
"ESD_0001_neutral_很神奇的样子,我搞不",0,ESD
ESD_0001_neutral_我倒是有一个爱好――,0,ESD
ESD_0001_neutral_别小看我这发型!我还,0,ESD
ESD_0001_neutral_你女儿和她妈妈长得很,0,ESD
ESD_0001_neutral_我只会斗斗地主什么的,0,ESD
"ESD_0001_neutral_得了吧,别这么胆小啦",0,ESD
ESD_0001_neutral_就经常去我们宿舍附近,0,ESD
"ESD_0001_neutral_很快,车就可自动开了",0,ESD
"ESD_0001_neutral_我昨天遇到马克,他看",0,ESD
"ESD_0001_neutral_感觉好温暖呀,好的,",0,ESD
ESD_0001_neutral_没有找到蒸鱼的计时。,0,ESD
"ESD_0001_neutral_我们俩合不来,还经常",0,ESD
"ESD_0001_neutral_做不了什么,通常我会",0,ESD
ESD_0001_neutral_我的表两点四十二。可,0,ESD
ESD_0001_neutral_让我们看看哪一种球技,0,ESD
"ESD_0001_neutral_太棒了,我其实挺饿的",0,ESD
ESD_0001_neutral_自己的事情要自己做。,0,ESD
ESD_0001_neutral_每天早晨都是我妈妈帮,0,ESD
"ESD_0001_neutral_那棒极了,其实心情挺",0,ESD
"ESD_0001_neutral_玛丽,你看来很喜欢挖",0,ESD
"ESD_0001_neutral_我也是,我还有点儿口",0,ESD
"ESD_0001_neutral_真是个好习惯,通常看",0,ESD
"ESD_0001_neutral_没有,不过,我们去了",0,ESD
"ESD_0001_neutral_快点起床,我在公寓门",0,ESD
ESD_0001_neutral_你的同学把你给捉弄了,0,ESD
"ESD_0001_neutral_不过我想星期五走,",0,ESD
ESD_0001_neutral_你还真是考虑周到。,0,ESD
ESD_0001_neutral_那你就离市区很远了。,0,ESD
"ESD_0001_neutral_汤姆是个好人,但却赌",0,ESD
ESD_0001_neutral_那你就说你为之神魂颠,0,ESD
"ESD_0001_neutral_是的,请返还我的钱,",0,ESD
"ESD_0001_neutral_如果你想要纹身,你去",0,ESD
"ESD_0001_neutral_不是,他住在沃斯盾的",0,ESD
ESD_0001_neutral_你说我们在芝加哥要待,0,ESD
ESD_0001_neutral_这些颜色也不太适合你,0,ESD
"ESD_0001_neutral_对别人没有,而对我就",0,ESD
ESD_0001_neutral_我的希望是工作到倒下,0,ESD
ESD_0001_neutral_吝啬鬼!他每天还骑自,0,ESD
ESD_0001_neutral_是你最牵挂的那个女人,0,ESD
ESD_0001_neutral_是不是依然觉得我很可,0,ESD
ESD_0001_neutral_多教我些东西我会更聪,0,ESD
ESD_0001_neutral_我要学习一下相关知识,0,ESD
ESD_0001_neutral_我喜欢几乎所有的运动,0,ESD
ESD_0001_neutral_也许能帮助你把事情弄,0,ESD
ESD_0001_neutral_我总是控制不了它。,0,ESD
ESD_0001_neutral_他们的配合值得我们学,0,ESD
ESD_0001_neutral_我也知道自己是大嘴巴,0,ESD
"ESD_0001_neutral_你可以去问鹦鹉啊,鹦",0,ESD
"ESD_0001_neutral_是啊,我还是个乳臭未",0,ESD
"ESD_0001_neutral_女孩的心思你别猜,但",0,ESD
ESD_0001_neutral_节食减肥很痛苦。,0,ESD
"ESD_0001_neutral_听大自然的声响,就像",0,ESD
"ESD_0001_neutral_现在,我仍然有点紧张",0,ESD
ESD_0001_neutral_不知道。或许一双新鞋,0,ESD
ESD_0001_neutral_有事记得喊我。,0,ESD
"ESD_0001_neutral_你好,布赖恩,正好四",0,ESD
ESD_0001_neutral_这样子比较有趣。,0,ESD
"ESD_0001_neutral_我也最喜欢你,不要开",0,ESD
ESD_0001_neutral_小心脚下。人行道上有,0,ESD
ESD_0001_neutral_我们还等什么,0,ESD
"ESD_0001_neutral_我还不会说其他外语,",0,ESD
ESD_0001_neutral_我只打算放松一下自己,0,ESD
ESD_0001_neutral_承蒙邀请参加你的婚礼,0,ESD
"ESD_0001_neutral_你知道,有时候病人会",0,ESD
ESD_0001_neutral_我的性格就是冷静并且,0,ESD
ESD_0001_neutral_我不会牺牲我的健康来,0,ESD
ESD_0001_neutral_当然!他是我们大学的,0,ESD
ESD_0001_neutral_他讲的笑话让我笑个不,0,ESD
ESD_0001_neutral_原来你也在玩这个,0,ESD
ESD_0001_neutral_我还不知道你认识弗兰,0,ESD
ESD_0001_neutral_我曾在一家船运公司里,0,ESD
ESD_0001_neutral_其实我们前天已经分手,0,ESD
ESD_0001_neutral_我想那些应该是草莓的,0,ESD
"ESD_0001_neutral_太妙了,我想换一些日",0,ESD
"ESD_0001_neutral_你得先回答我,你最喜",0,ESD
"ESD_0001_neutral_让我再想想,真相已经",0,ESD
ESD_0001_neutral_这样你就有时间挥拍打,0,ESD
"ESD_0001_neutral_你这个小气鬼,很不幸",0,ESD
"ESD_0001_neutral_我是个学生,服务器响",0,ESD
ESD_0001_neutral_一套古瓷器。它真的很,0,ESD
ESD_0001_neutral_他在这次竞选活动中花,0,ESD
"ESD_0001_neutral_她此刻失业了,你最好",0,ESD
"ESD_0001_neutral_带上你的家人,但是他",0,ESD
ESD_0001_neutral_你在我的心里折腾好久,0,ESD
"ESD_0001_neutral_你转一个,我想学习下",0,ESD
"ESD_0001_neutral_她和维克分手了,所以",0,ESD
ESD_0001_neutral_冬天雨非常多。我不喜,0,ESD
ESD_0001_neutral_时间对珍尼来说是没有,0,ESD
ESD_0001_neutral_大概足够支持我生活三,0,ESD
ESD_0001_neutral_你绝对猜不到她准备要,0,ESD
ESD_0001_neutral_二零一六年十一月五号,0,ESD
"ESD_0001_neutral_今天真凉快,我希望主",0,ESD
ESD_0001_neutral_软妹子生气会说:讨厌,0,ESD
ESD_0001_neutral_我们一起为他办个惊喜,0,ESD
ESD_0001_neutral_以后我要经常来这儿爬,0,ESD
"ESD_0001_neutral_我是一名教师,你可是",0,ESD
ESD_0001_neutral_上海现在是下午四点三,0,ESD
ESD_0001_neutral_别问了!说多了都是眼,0,ESD
ESD_0001_neutral_如果我滚远了就回不来,0,ESD
ESD_0001_neutral_带女友出去好好吃上一,0,ESD
"ESD_0001_neutral_炖肉一小时,剩余三十",0,ESD
ESD_0001_neutral_我以为你们国家的人都,0,ESD
"ESD_0001_neutral_我饿啦,我想去吃点东",0,ESD
"ESD_0001_neutral_为什么不,交朋友不分",0,ESD
"ESD_0001_neutral_当然知道,我们各有千",0,ESD
"ESD_0001_neutral_我喜欢你的干净整洁,",0,ESD
ESD_0001_neutral_我已经习惯这种气候了,0,ESD
ESD_0001_neutral_也就是一大堆照片。,0,ESD
"ESD_0001_neutral_那就一会再说,我好害",0,ESD
ESD_0001_neutral_希望我有一天也可以去,0,ESD
"ESD_0001_neutral_你昨天才买衣服,真是",0,ESD
"ESD_0001_neutral_还要叫她起床,怎么会",0,ESD
"ESD_0001_neutral_是的,我知道,患难见",0,ESD
"ESD_0001_neutral_我是萌萌哒,你是呆呆",0,ESD
ESD_0001_neutral_你可以在那儿呆上至少,0,ESD
ESD_0001_neutral_对不起我把咖啡洒在桌,0,ESD
"ESD_0001_neutral_也不算,她有的歌我都",0,ESD
ESD_0001_neutral_你太棒了。我对养花已,0,ESD
ESD_0001_neutral_我还会陪你一路走下去,0,ESD
ESD_0001_neutral_裁判全给了满分。,0,ESD
"ESD_0001_neutral_当然,我简直离开音乐",0,ESD
"ESD_0001_neutral_拜拜,明天要再来和小",0,ESD
ESD_0001_neutral_碰到喜欢的女孩子要主,0,ESD
ESD_0001_neutral_他的收支几乎不能平衡,0,ESD
"ESD_0001_neutral_明天是星期天,我们去",0,ESD
ESD_0001_neutral_大部分都是用诱饵钓到,0,ESD
"ESD_0001_neutral_所以你必须要坚持,时",0,ESD
ESD_0001_neutral_我非常支持人们走进太,0,ESD
ESD_0001_neutral_我的老朋友汉森就住在,0,ESD
ESD_0001_neutral_听起来你们玩得也很开,0,ESD
ESD_0001_neutral_这个对我来说有点难!,0,ESD
"ESD_0001_neutral_差不多,我们俩都很热",0,ESD
"ESD_0001_neutral_你要做爸爸了,真让人",0,ESD
ESD_0001_neutral_我真受不了城里那么大,0,ESD
ESD_0001_neutral_好的。新的音乐厅有一,0,ESD
"ESD_0001_neutral_这个位置不错,下车。",0,ESD
"ESD_0001_neutral_那不打扰你了,我不敢",0,ESD
"ESD_0001_neutral_最近很冷,风又大。",0,ESD
ESD_0001_neutral_我最近正在努力练习棋,0,ESD
"ESD_0001_neutral_拜托,别跟我提到笔记",0,ESD
ESD_0001_neutral_它是一个主要的空气污,0,ESD
"ESD_0001_neutral_我爱运动,但是对篮球",0,ESD
"ESD_0001_neutral_我不需要嗅觉,所以没",0,ESD
"ESD_0001_neutral_雪下得真大,带着我去",0,ESD
ESD_0001_neutral_我不这么认为。我们沿,0,ESD
"ESD_0001_neutral_食物也很美味,更不用",0,ESD
ESD_0001_neutral_大约一个小时左右。,0,ESD
ESD_0001_neutral_请勿进入竹林。不让进,0,ESD
ESD_0001_neutral_为了不让鱼吃掉诗人的,0,ESD
ESD_0001_neutral_那样的话你应该穿讲究,0,ESD
ESD_0001_neutral_我的直系亲属人数不多,0,ESD
ESD_0001_neutral_贾尼斯突然兴奋地大叫,0,ESD
ESD_0001_neutral_领带对男人来说真必不,0,ESD
ESD_0001_neutral_没有为什么就是要等我,0,ESD
ESD_0001_neutral_我不怎么在乎这个店有,0,ESD
ESD_0001_neutral_我最好的朋友就约会过,0,ESD
"ESD_0001_neutral_我不用转头,不需要脖",0,ESD
"ESD_0001_neutral_没看过小说,只有人类",0,ESD
ESD_0001_neutral_我是个游戏迷。,0,ESD
"ESD_0001_neutral_你比吴亦凡帅,我同意",0,ESD
"ESD_0001_neutral_我没有忽悠你,机器人",0,ESD
ESD_0001_neutral_最初我的工作是当一名,0,ESD
ESD_0001_neutral_陪你度过这漫长的黑夜,0,ESD
ESD_0001_neutral_这是我在旅游第四天拍,0,ESD
ESD_0001_neutral_这句话的意义我不太明,0,ESD
ESD_0001_neutral_我们想等一个合适的时,0,ESD
"ESD_0001_neutral_我很伤心,我准备去网",0,ESD
ESD_0001_neutral_这可真不像是场英超比,0,ESD
ESD_0001_neutral_他好像是被他女友给甩,0,ESD
ESD_0001_neutral_也许反倒是件好事,0,ESD
ESD_0001_neutral_听起来很厉害的样子!,0,ESD
ESD_0001_neutral_我必须再次感谢您的慷,0,ESD
"ESD_0001_neutral_我是淑女,只会讲文明",0,ESD
ESD_0001_neutral_这可是我学会的第一首,0,ESD
ESD_0001_neutral_谁都有烦的时候。,0,ESD
"ESD_0001_neutral_是很棒的一款手机,性",0,ESD
ESD_0001_neutral_没有找到你想删除的闹,0,ESD
"ESD_0001_neutral_很大,令人兴奋但是嘈",0,ESD
"ESD_0001_neutral_沈阳明天有雷阵雨,多",0,ESD
ESD_0001_neutral_但梅花往往被很多人忽,0,ESD
"ESD_0001_neutral_只要不违法,我还是想",0,ESD
ESD_0001_neutral_然后再找一个音乐播放,0,ESD
"ESD_0001_neutral_我当然喜欢,我很注意",0,ESD
"ESD_0001_neutral_是的,所以我永不喝它",0,ESD
"ESD_0001_neutral_我真兴奋,我终于有自",0,ESD
ESD_0001_neutral_我想说我也这样认为的,0,ESD
ESD_0001_neutral_绝对不可以走到湖的中,0,ESD
"ESD_0001_neutral_晚安,么么哒,满天都",0,ESD
"ESD_0001_neutral_有些人划船,有的人在",0,ESD
ESD_0001_neutral_我想所有中国人都会打,0,ESD
ESD_0001_neutral_有充足的时间购物和观,0,ESD
"ESD_0001_neutral_自己保重,记得要常联",0,ESD
"ESD_0001_neutral_门儿都没有,现在还不",0,ESD
"ESD_0001_neutral_我太喜欢听了,所以不",0,ESD
"ESD_0001_neutral_我随时都在,有没有梦",0,ESD
"ESD_0001_neutral_不会,不过我很喜欢单",0,ESD
ESD_0001_neutral_还有聊天记录。,0,ESD
"ESD_0001_neutral_在法国南部,气候常年",0,ESD
ESD_0001_neutral_哪天我也许得和他谈谈,0,ESD
"ESD_0001_neutral_振作点儿,我看了屏幕",0,ESD
"ESD_0001_neutral_我是银灰色的,我都被",0,ESD
"ESD_0001_neutral_文学和经济,我喜欢很",0,ESD
"ESD_0001_neutral_赌博往往是个祸根,",0,ESD
"ESD_0001_neutral_三个,两个儿子一个女",0,ESD
"ESD_0001_neutral_祝你春节快乐,全家幸",0,ESD
"ESD_0001_neutral_是的,我刚撞到了桌子",0,ESD
"ESD_0001_neutral_这个我相信,我是登山",0,ESD
"ESD_0001_neutral_播放歌单收藏,脑筋可",0,ESD
ESD_0001_neutral_我希望你能和我一起想,0,ESD
ESD_0001_neutral_我一直到清晨四点才到,0,ESD
ESD_0001_neutral_我刚从苏格兰回来。,0,ESD
ESD_0001_neutral_我支持你。它是需要重,0,ESD
ESD_0001_neutral_我在一个机械化农场做,0,ESD
ESD_0001_neutral_有时内在美更加重要。,0,ESD
ESD_0001_neutral_我去查查篮球相关的知,0,ESD
"ESD_0001_neutral_已经怀孕四个半月了,",0,ESD
"ESD_0001_neutral_这局我让你开,今天我",0,ESD
ESD_0001_neutral_我们休息一下喝杯咖啡,0,ESD
"ESD_0001_neutral_如果她拒绝我,我会死",0,ESD
ESD_0001_neutral_旅行结束后我将休息一,0,ESD
ESD_0001_neutral_现在全城的人都要向我,0,ESD
ESD_0001_neutral_我需要插着电源才能说,0,ESD
ESD_0001_neutral_每次你看到一些时尚衣,0,ESD
ESD_0001_neutral_你看上去比以前更漂亮,0,ESD
"ESD_0001_neutral_下午好,蒂娜,我想我",0,ESD
ESD_0001_neutral_家里有全自动洗衣机。,0,ESD
"ESD_0001_neutral_谢谢你来这里,告诉我",0,ESD
"ESD_0001_neutral_不是很喜欢,你把我绕",0,ESD
"ESD_0001_neutral_等待你的指令,随时可",0,ESD
ESD_0001_neutral_他对谁都那么友好。,0,ESD
ESD_0001_neutral_我喜欢吃中餐。,0,ESD
"ESD_0001_neutral_尽管提意见,我会改正",0,ESD
"ESD_0001_neutral_这么多笑话,一天讲不",0,ESD
"ESD_0001_neutral_我讨厌吃醋,偶是不懂",0,ESD
"ESD_0001_neutral_太棒了,我们下午可以",0,ESD
ESD_0001_neutral_但是有时夏天比其它季,0,ESD
"ESD_0001_neutral_我们相处得很好,仅此",0,ESD
ESD_0001_neutral_于是我就问她能不能连,0,ESD
ESD_0001_neutral_我想要那种新款的美国,0,ESD
ESD_0001_neutral_错过这村可就没这个店,0,ESD
"ESD_0001_neutral_我曾经养过,我太高兴",0,ESD
ESD_0001_neutral_他们将于今年夏天结婚,0,ESD
"ESD_0001_neutral_谢谢你的夸奖,鲍伯上",0,ESD
"ESD_0001_neutral_你看起来很高兴,眼睛",0,ESD
ESD_0001_neutral_年轻人当然要承担责任,0,ESD
ESD_0001_neutral_不要乱问女孩子的年龄,0,ESD
ESD_0001_neutral_每天晚上跟你互道晚安,0,ESD
ESD_0001_neutral_我会在你的脸上画鬼脸,0,ESD
"ESD_0001_neutral_我缺钱用,所以上星期",0,ESD
ESD_0001_neutral_许多白领都参加到这个,0,ESD
"ESD_0001_neutral_很漂亮,不过人多拥挤",0,ESD
"ESD_0001_neutral_别总是闲着,找点事情",0,ESD
"ESD_0001_neutral_好好休息一下,这个小",0,ESD
ESD_0001_neutral_这两块是唐朝不同时期,0,ESD
"ESD_0001_neutral_我喜欢你的黑衣服,你",0,ESD
"ESD_0001_neutral_是的,真是名副其实。",0,ESD
"ESD_0001_neutral_是很难听的脏话,主人",0,ESD
"ESD_0001_sadness_打远一看,它们的确很",3,ESD
ESD_0001_sadness_英国的哲学家曾经说过,3,ESD
"ESD_0001_sadness_我老家在北京,哇塞!",3,ESD
ESD_0001_sadness_不管怎么说主队好象是,3,ESD
"ESD_0001_sadness_我们乘船漂游了三峡,",3,ESD
ESD_0001_sadness_我喜欢“北京欢迎你”,3,ESD
ESD_0001_sadness_我每个月打一次电话。,3,ESD
ESD_0001_sadness_沙尘暴好像给每个人都,3,ESD
"ESD_0001_sadness_就是这个意思,你又聪",3,ESD
ESD_0001_sadness_个人收藏家!他们肯定,3,ESD
ESD_0001_sadness_妇女节快乐。我永远爱,3,ESD
ESD_0001_sadness_你每次谈恋爱都像现在,3,ESD
"ESD_0001_sadness_周末的我,只忙着陪你",3,ESD
"ESD_0001_sadness_谁你也不认识,我很乐",3,ESD
ESD_0001_sadness_我特别喜欢网球和登山,3,ESD
ESD_0001_sadness_他一定是一眼就被你迷,3,ESD
ESD_0001_sadness_很快你上大学就用得到,3,ESD
"ESD_0001_sadness_我们意见不和,咱们去",3,ESD
"ESD_0001_sadness_不就是你嘛,为什么要",3,ESD
ESD_0001_sadness_前几天我碰见了一件有,3,ESD
ESD_0001_sadness_已经播至该专辑最后一,3,ESD
ESD_0001_sadness_我和我朋友刚从巴厘岛,3,ESD
ESD_0001_sadness_做一些好吃的促进宝宝,3,ESD
ESD_0001_sadness_你的身影总是在我心里,3,ESD
ESD_0001_sadness_我觉得并不是非要有特,3,ESD
"ESD_0001_sadness_是的,他很狡猾,经常",3,ESD
ESD_0001_sadness_工厂不把它直接排到大,3,ESD
"ESD_0001_sadness_没错,就是车门。另外",3,ESD
"ESD_0001_sadness_很可爱啊,就像你一样",3,ESD
"ESD_0001_sadness_除非你打飞碟球,但这",3,ESD
"ESD_0001_sadness_没听清,请问什么时间",3,ESD
ESD_0001_sadness_我遇到了一位漂亮的女,3,ESD
"ESD_0001_sadness_我是青蛙,不用冬眠的",3,ESD
"ESD_0001_sadness_那是马特,他肯定很勇",3,ESD
ESD_0001_sadness_这样无辜的人就不会被,3,ESD
ESD_0001_sadness_我必须一直通电才能工,3,ESD
ESD_0001_sadness_我和我的妻子盼望着和,3,ESD
"ESD_0001_sadness_当然是了,我现在快饿",3,ESD
"ESD_0001_sadness_没有找到日程,走的时",3,ESD
ESD_0001_sadness_是一家制药公司的短期,3,ESD
"ESD_0001_sadness_姐忙得很,没空和你说",3,ESD
"ESD_0001_sadness_我会暖被窝了,逗你的",3,ESD
"ESD_0001_sadness_这样的话,我们可以选",3,ESD
"ESD_0001_sadness_比方说,“华尔街日报",3,ESD
ESD_0001_sadness_我知道人生并不总是一,3,ESD
ESD_0001_sadness_我们可以轮流开车。,3,ESD
ESD_0001_sadness_这是台湾地区最大的动,3,ESD
"ESD_0001_sadness_时候不早了,我来了,",3,ESD
ESD_0001_sadness_递给我一些彩球和纸花,3,ESD
"ESD_0001_sadness_每次叫我都不给红包,",3,ESD
"ESD_0001_sadness_没关系,也许他老婆会",3,ESD
ESD_0001_sadness_你不应该害怕开始一段,3,ESD
"ESD_0001_sadness_我肯定会的,那以后我",3,ESD
ESD_0001_sadness_我是基于人工智能系统,3,ESD
ESD_0001_sadness_它实际会形成一氧化碳,3,ESD
ESD_0001_sadness_我参加了一个有关全球,3,ESD
"ESD_0001_sadness_跳舞好难呀,我还正在",3,ESD
ESD_0001_sadness_让人看上去就感到宽广,3,ESD
"ESD_0001_sadness_只要是我能玩好的,我",3,ESD
ESD_0001_sadness_坐地铁只需要大约二十,3,ESD
ESD_0001_sadness_下个月我姐姐要结婚了,3,ESD
ESD_0001_sadness_我是顺路过来跟你告别,3,ESD
ESD_0001_sadness_你知道我很努力地在戒,3,ESD
"ESD_0001_sadness_我告退了,晚上回去拍",3,ESD
"ESD_0001_sadness_一点也不差,先把握好",3,ESD
ESD_0001_sadness_我们可以去钓鱼、聊天,3,ESD
ESD_0001_sadness_你深深地印在我的脑海,3,ESD
ESD_0001_sadness_我应该给女朋友买玫瑰,3,ESD
"ESD_0001_sadness_以后不要喝那么多了,",3,ESD
"ESD_0001_sadness_心动不如行动,我不太",3,ESD
ESD_0001_sadness_只要令人鼓舞的电影我,3,ESD
ESD_0001_sadness_资料全都不见了。气死,3,ESD
ESD_0001_sadness_她总是带香甜甜的微笑,3,ESD
ESD_0001_sadness_今年应该是第二十七个,3,ESD
ESD_0001_sadness_我也想去看可爱的熊猫,3,ESD
"ESD_0001_sadness_是的,你是个大块头,",3,ESD
"ESD_0001_sadness_奏婚礼进行曲了,他们",3,ESD
"ESD_0001_sadness_它们的设计外形小巧,",3,ESD
ESD_0001_sadness_人们当然都叫他“奥林,3,ESD
"ESD_0001_sadness_看呀,我们差不多就装",3,ESD
ESD_0001_sadness_这个镇上所有的人都喜,3,ESD
ESD_0001_sadness_听说你要去香港看你叔,3,ESD
ESD_0001_sadness_你身上的每一点都吸引,3,ESD
ESD_0001_sadness_他好像跟他的秘书有过,3,ESD
"ESD_0001_sadness_是啊,他的健康我总放",3,ESD
"ESD_0001_sadness_真想不到,游泳竟有如",3,ESD
ESD_0001_sadness_是没什么但是挺别扭的,3,ESD
"ESD_0001_sadness_香港海洋公园,主人快",3,ESD
"ESD_0001_sadness_是个冰淇淋,桃花确实",3,ESD
"ESD_0001_sadness_还不太糟糕,但是得躺",3,ESD
ESD_0001_sadness_如果有我能帮忙的请告,3,ESD
ESD_0001_sadness_不会这么凑巧吧!我也,3,ESD
ESD_0001_sadness_别不好意思。再多吃些,3,ESD
"ESD_0001_sadness_很神奇的样子,我搞不",3,ESD
ESD_0001_sadness_我倒是有一个爱好――,3,ESD
ESD_0001_sadness_别小看我这发型!我还,3,ESD
ESD_0001_sadness_你女儿和她妈妈长得很,3,ESD
ESD_0001_sadness_我只会斗斗地主什么的,3,ESD
"ESD_0001_sadness_得了吧,别这么胆小啦",3,ESD
ESD_0001_sadness_就经常去我们宿舍附近,3,ESD
"ESD_0001_sadness_很快,车就可自动开了",3,ESD
"ESD_0001_sadness_我昨天遇到马克,他看",3,ESD
"ESD_0001_sadness_感觉好温暖呀,好的,",3,ESD
ESD_0001_sadness_没有找到蒸鱼的计时。,3,ESD
"ESD_0001_sadness_我们俩合不来,还经常",3,ESD
"ESD_0001_sadness_做不了什么,通常我会",3,ESD
ESD_0001_sadness_我的表两点四十二。可,3,ESD
ESD_0001_sadness_让我们看看哪一种球技,3,ESD
"ESD_0001_sadness_太棒了,我其实挺饿的",3,ESD
ESD_0001_sadness_自己的事情要自己做。,3,ESD
ESD_0001_sadness_每天早晨都是我妈妈帮,3,ESD
"ESD_0001_sadness_那棒极了,其实心情挺",3,ESD
"ESD_0001_sadness_玛丽,你看来很喜欢挖",3,ESD
"ESD_0001_sadness_我也是,我还有点儿口",3,ESD
"ESD_0001_sadness_真是个好习惯,通常看",3,ESD
"ESD_0001_sadness_没有,不过,我们去了",3,ESD
"ESD_0001_sadness_快点起床,我在公寓门",3,ESD
ESD_0001_sadness_你的同学把你给捉弄了,3,ESD
"ESD_0001_sadness_不过我想星期五走,",3,ESD
ESD_0001_sadness_你还真是考虑周到。,3,ESD
ESD_0001_sadness_那你就离市区很远了。,3,ESD
"ESD_0001_sadness_汤姆是个好人,但却赌",3,ESD
ESD_0001_sadness_那你就说你为之神魂颠,3,ESD
"ESD_0001_sadness_是的,请返还我的钱,",3,ESD
"ESD_0001_sadness_如果你想要纹身,你去",3,ESD
"ESD_0001_sadness_不是,他住在沃斯盾的",3,ESD
ESD_0001_sadness_你说我们在芝加哥要待,3,ESD
ESD_0001_sadness_这些颜色也不太适合你,3,ESD
"ESD_0001_sadness_对别人没有,而对我就",3,ESD
ESD_0001_sadness_我的希望是工作到倒下,3,ESD
ESD_0001_sadness_吝啬鬼!他每天还骑自,3,ESD
ESD_0001_sadness_是你最牵挂的那个女人,3,ESD
ESD_0001_sadness_是不是依然觉得我很可,3,ESD
ESD_0001_sadness_多教我些东西我会更聪,3,ESD
ESD_0001_sadness_我要学习一下相关知识,3,ESD
ESD_0001_sadness_我喜欢几乎所有的运动,3,ESD
ESD_0001_sadness_也许能帮助你把事情弄,3,ESD
ESD_0001_sadness_我总是控制不了它。,3,ESD
ESD_0001_sadness_他们的配合值得我们学,3,ESD
ESD_0001_sadness_我也知道自己是大嘴巴,3,ESD
"ESD_0001_sadness_你可以去问鹦鹉啊,鹦",3,ESD
"ESD_0001_sadness_是啊,我还是个乳臭未",3,ESD
"ESD_0001_sadness_女孩的心思你别猜,但",3,ESD
ESD_0001_sadness_节食减肥很痛苦。,3,ESD
"ESD_0001_sadness_听大自然的声响,就像",3,ESD
"ESD_0001_sadness_现在,我仍然有点紧张",3,ESD
ESD_0001_sadness_不知道。或许一双新鞋,3,ESD
ESD_0001_sadness_有事记得喊我。,3,ESD
"ESD_0001_sadness_你好,布赖恩,正好四",3,ESD
ESD_0001_sadness_这样子比较有趣。,3,ESD
"ESD_0001_sadness_我也最喜欢你,不要开",3,ESD
ESD_0001_sadness_小心脚下。人行道上有,3,ESD
ESD_0001_sadness_我们还等什么,3,ESD
"ESD_0001_sadness_我还不会说其他外语,",3,ESD
ESD_0001_sadness_我只打算放松一下自己,3,ESD
ESD_0001_sadness_承蒙邀请参加你的婚礼,3,ESD
"ESD_0001_sadness_你知道,有时候病人会",3,ESD
ESD_0001_sadness_我的性格就是冷静并且,3,ESD
ESD_0001_sadness_我不会牺牲我的健康来,3,ESD
ESD_0001_sadness_当然!他是我们大学的,3,ESD
ESD_0001_sadness_他讲的笑话让我笑个不,3,ESD
ESD_0001_sadness_原来你也在玩这个,3,ESD
ESD_0001_sadness_我还不知道你认识弗兰,3,ESD
ESD_0001_sadness_我曾在一家船运公司里,3,ESD
ESD_0001_sadness_其实我们前天已经分手,3,ESD
ESD_0001_sadness_我想那些应该是草莓的,3,ESD
"ESD_0001_sadness_太妙了,我想换一些日",3,ESD
"ESD_0001_sadness_你得先回答我,你最喜",3,ESD
"ESD_0001_sadness_让我再想想,真相已经",3,ESD
ESD_0001_sadness_这样你就有时间挥拍打,3,ESD
"ESD_0001_sadness_你这个小气鬼,很不幸",3,ESD
"ESD_0001_sadness_我是个学生,服务器响",3,ESD
ESD_0001_sadness_一套古瓷器。它真的很,3,ESD
ESD_0001_sadness_他在这次竞选活动中花,3,ESD
"ESD_0001_sadness_她此刻失业了,你最好",3,ESD
"ESD_0001_sadness_带上你的家人,但是他",3,ESD
ESD_0001_sadness_你在我的心里折腾好久,3,ESD
"ESD_0001_sadness_你转一个,我想学习下",3,ESD
"ESD_0001_sadness_她和维克分手了,所以",3,ESD
ESD_0001_sadness_冬天雨非常多。我不喜,3,ESD
ESD_0001_sadness_时间对珍尼来说是没有,3,ESD
ESD_0001_sadness_大概足够支持我生活三,3,ESD
ESD_0001_sadness_你绝对猜不到她准备要,3,ESD
ESD_0001_sadness_二零一六年十一月五号,3,ESD
"ESD_0001_sadness_今天真凉快,我希望主",3,ESD
ESD_0001_sadness_软妹子生气会说:讨厌,3,ESD
ESD_0001_sadness_我们一起为他办个惊喜,3,ESD
ESD_0001_sadness_以后我要经常来这儿爬,3,ESD
"ESD_0001_sadness_我是一名教师,你可是",3,ESD
ESD_0001_sadness_上海现在是下午四点三,3,ESD
ESD_0001_sadness_别问了!说多了都是眼,3,ESD
ESD_0001_sadness_如果我滚远了就回不来,3,ESD
ESD_0001_sadness_带女友出去好好吃上一,3,ESD
"ESD_0001_sadness_炖肉一小时,剩余三十",3,ESD
ESD_0001_sadness_我以为你们国家的人都,3,ESD
"ESD_0001_sadness_我饿啦,我想去吃点东",3,ESD
"ESD_0001_sadness_为什么不,交朋友不分",3,ESD
"ESD_0001_sadness_当然知道,我们各有千",3,ESD
"ESD_0001_sadness_我喜欢你的干净整洁,",3,ESD
ESD_0001_sadness_我已经习惯这种气候了,3,ESD
ESD_0001_sadness_也就是一大堆照片。,3,ESD
"ESD_0001_sadness_那就一会再说,我好害",3,ESD
ESD_0001_sadness_希望我有一天也可以去,3,ESD
"ESD_0001_sadness_你昨天才买衣服,真是",3,ESD
"ESD_0001_sadness_还要叫她起床,怎么会",3,ESD
"ESD_0001_sadness_是的,我知道,患难见",3,ESD
"ESD_0001_sadness_我是萌萌哒,你是呆呆",3,ESD
ESD_0001_sadness_你可以在那儿呆上至少,3,ESD
ESD_0001_sadness_对不起我把咖啡洒在桌,3,ESD
"ESD_0001_sadness_也不算,她有的歌我都",3,ESD
ESD_0001_sadness_你太棒了。我对养花已,3,ESD
ESD_0001_sadness_我还会陪你一路走下去,3,ESD
ESD_0001_sadness_裁判全给了满分。,3,ESD
"ESD_0001_sadness_当然,我简直离开音乐",3,ESD
"ESD_0001_sadness_拜拜,明天要再来和小",3,ESD
ESD_0001_sadness_碰到喜欢的女孩子要主,3,ESD
ESD_0001_sadness_他的收支几乎不能平衡,3,ESD
"ESD_0001_sadness_明天是星期天,我们去",3,ESD
ESD_0001_sadness_大部分都是用诱饵钓到,3,ESD
"ESD_0001_sadness_所以你必须要坚持,时",3,ESD
ESD_0001_sadness_我非常支持人们走进太,3,ESD
ESD_0001_sadness_我的老朋友汉森就住在,3,ESD
ESD_0001_sadness_听起来你们玩得也很开,3,ESD
ESD_0001_sadness_这个对我来说有点难!,3,ESD
"ESD_0001_sadness_差不多,我们俩都很热",3,ESD
"ESD_0001_sadness_你要做爸爸了,真让人",3,ESD
ESD_0001_sadness_我真受不了城里那么大,3,ESD
ESD_0001_sadness_好的。新的音乐厅有一,3,ESD
"ESD_0001_sadness_这个位置不错,下车。",3,ESD
"ESD_0001_sadness_那不打扰你了,我不敢",3,ESD
"ESD_0001_sadness_最近很冷,风又大。",3,ESD
ESD_0001_sadness_我最近正在努力练习棋,3,ESD
"ESD_0001_sadness_拜托,别跟我提到笔记",3,ESD
ESD_0001_sadness_它是一个主要的空气污,3,ESD
"ESD_0001_sadness_我爱运动,但是对篮球",3,ESD
"ESD_0001_sadness_我不需要嗅觉,所以没",3,ESD
"ESD_0001_sadness_雪下得真大,带着我去",3,ESD
ESD_0001_sadness_我不这么认为。我们沿,3,ESD
"ESD_0001_sadness_食物也很美味,更不用",3,ESD
ESD_0001_sadness_大约一个小时左右。,3,ESD
ESD_0001_sadness_请勿进入竹林。不让进,3,ESD
ESD_0001_sadness_为了不让鱼吃掉诗人的,3,ESD
ESD_0001_sadness_那样的话你应该穿讲究,3,ESD
ESD_0001_sadness_我的直系亲属人数不多,3,ESD
ESD_0001_sadness_贾尼斯突然兴奋地大叫,3,ESD
ESD_0001_sadness_领带对男人来说真必不,3,ESD
ESD_0001_sadness_没有为什么就是要等我,3,ESD
ESD_0001_sadness_我不怎么在乎这个店有,3,ESD
ESD_0001_sadness_我最好的朋友就约会过,3,ESD
"ESD_0001_sadness_我不用转头,不需要脖",3,ESD
"ESD_0001_sadness_没看过小说,只有人类",3,ESD
ESD_0001_sadness_我是个游戏迷。,3,ESD
"ESD_0001_sadness_你比吴亦凡帅,我同意",3,ESD
"ESD_0001_sadness_我没有忽悠你,机器人",3,ESD
ESD_0001_sadness_最初我的工作是当一名,3,ESD
ESD_0001_sadness_陪你度过这漫长的黑夜,3,ESD
ESD_0001_sadness_这是我在旅游第四天拍,3,ESD
ESD_0001_sadness_这句话的意义我不太明,3,ESD
ESD_0001_sadness_我们想等一个合适的时,3,ESD
"ESD_0001_sadness_我很伤心,我准备去网",3,ESD
ESD_0001_sadness_这可真不像是场英超比,3,ESD
ESD_0001_sadness_他好像是被他女友给甩,3,ESD
ESD_0001_sadness_也许反倒是件好事,3,ESD
ESD_0001_sadness_听起来很厉害的样子!,3,ESD
ESD_0001_sadness_我必须再次感谢您的慷,3,ESD
"ESD_0001_sadness_我是淑女,只会讲文明",3,ESD
ESD_0001_sadness_这可是我学会的第一首,3,ESD
ESD_0001_sadness_谁都有烦的时候。,3,ESD
"ESD_0001_sadness_是很棒的一款手机,性",3,ESD
ESD_0001_sadness_没有找到你想删除的闹,3,ESD
"ESD_0001_sadness_很大,令人兴奋但是嘈",3,ESD
"ESD_0001_sadness_沈阳明天有雷阵雨,多",3,ESD
ESD_0001_sadness_但梅花往往被很多人忽,3,ESD
"ESD_0001_sadness_只要不违法,我还是想",3,ESD
ESD_0001_sadness_然后再找一个音乐播放,3,ESD
"ESD_0001_sadness_我当然喜欢,我很注意",3,ESD
"ESD_0001_sadness_是的,所以我永不喝它",3,ESD
"ESD_0001_sadness_我真兴奋,我终于有自",3,ESD
ESD_0001_sadness_我想说我也这样认为的,3,ESD
ESD_0001_sadness_绝对不可以走到湖的中,3,ESD
"ESD_0001_sadness_晚安,么么哒,满天都",3,ESD
"ESD_0001_sadness_有些人划船,有的人在",3,ESD
ESD_0001_sadness_我想所有中国人都会打,3,ESD
ESD_0001_sadness_有充足的时间购物和观,3,ESD
"ESD_0001_sadness_自己保重,记得要常联",3,ESD
"ESD_0001_sadness_门儿都没有,现在还不",3,ESD
"ESD_0001_sadness_我太喜欢听了,所以不",3,ESD
"ESD_0001_sadness_我随时都在,有没有梦",3,ESD
"ESD_0001_sadness_不会,不过我很喜欢单",3,ESD
ESD_0001_sadness_还有聊天记录。,3,ESD
"ESD_0001_sadness_在法国南部,气候常年",3,ESD
ESD_0001_sadness_哪天我也许得和他谈谈,3,ESD
"ESD_0001_sadness_振作点儿,我看了屏幕",3,ESD
"ESD_0001_sadness_我是银灰色的,我都被",3,ESD
"ESD_0001_sadness_文学和经济,我喜欢很",3,ESD
"ESD_0001_sadness_赌博往往是个祸根,",3,ESD
"ESD_0001_sadness_三个,两个儿子一个女",3,ESD
"ESD_0001_sadness_祝你春节快乐,全家幸",3,ESD
"ESD_0001_sadness_是的,我刚撞到了桌子",3,ESD
"ESD_0001_sadness_这个我相信,我是登山",3,ESD
"ESD_0001_sadness_播放歌单收藏,脑筋可",3,ESD
ESD_0001_sadness_我希望你能和我一起想,3,ESD
ESD_0001_sadness_我一直到清晨四点才到,3,ESD
ESD_0001_sadness_我刚从苏格兰回来。,3,ESD
ESD_0001_sadness_我支持你。它是需要重,3,ESD
ESD_0001_sadness_我在一个机械化农场做,3,ESD
ESD_0001_sadness_有时内在美更加重要。,3,ESD
ESD_0001_sadness_我去查查篮球相关的知,3,ESD
"ESD_0001_sadness_已经怀孕四个半月了,",3,ESD
"ESD_0001_sadness_这局我让你开,今天我",3,ESD
ESD_0001_sadness_我们休息一下喝杯咖啡,3,ESD
"ESD_0001_sadness_如果她拒绝我,我会死",3,ESD
ESD_0001_sadness_旅行结束后我将休息一,3,ESD
ESD_0001_sadness_现在全城的人都要向我,3,ESD
ESD_0001_sadness_我需要插着电源才能说,3,ESD
ESD_0001_sadness_每次你看到一些时尚衣,3,ESD
ESD_0001_sadness_你看上去比以前更漂亮,3,ESD
"ESD_0001_sadness_下午好,蒂娜,我想我",3,ESD
ESD_0001_sadness_家里有全自动洗衣机。,3,ESD
"ESD_0001_sadness_谢谢你来这里,告诉我",3,ESD
"ESD_0001_sadness_不是很喜欢,你把我绕",3,ESD
"ESD_0001_sadness_等待你的指令,随时可",3,ESD
ESD_0001_sadness_他对谁都那么友好。,3,ESD
ESD_0001_sadness_我喜欢吃中餐。,3,ESD
"ESD_0001_sadness_尽管提意见,我会改正",3,ESD
"ESD_0001_sadness_这么多笑话,一天讲不",3,ESD
"ESD_0001_sadness_我讨厌吃醋,偶是不懂",3,ESD
"ESD_0001_sadness_太棒了,我们下午可以",3,ESD
ESD_0001_sadness_但是有时夏天比其它季,3,ESD
"ESD_0001_sadness_我们相处得很好,仅此",3,ESD
ESD_0001_sadness_于是我就问她能不能连,3,ESD
ESD_0001_sadness_我想要那种新款的美国,3,ESD
ESD_0001_sadness_错过这村可就没这个店,3,ESD
"ESD_0001_sadness_我曾经养过,我太高兴",3,ESD
ESD_0001_sadness_他们将于今年夏天结婚,3,ESD
"ESD_0001_sadness_谢谢你的夸奖,鲍伯上",3,ESD
"ESD_0001_sadness_你看起来很高兴,眼睛",3,ESD
ESD_0001_sadness_年轻人当然要承担责任,3,ESD
ESD_0001_sadness_不要乱问女孩子的年龄,3,ESD
ESD_0001_sadness_每天晚上跟你互道晚安,3,ESD
ESD_0001_sadness_我会在你的脸上画鬼脸,3,ESD
"ESD_0001_sadness_我缺钱用,所以上星期",3,ESD
ESD_0001_sadness_许多白领都参加到这个,3,ESD
"ESD_0001_sadness_很漂亮,不过人多拥挤",3,ESD
"ESD_0001_sadness_别总是闲着,找点事情",3,ESD
"ESD_0001_sadness_好好休息一下,这个小",3,ESD
ESD_0001_sadness_这两块是唐朝不同时期,3,ESD
"ESD_0001_sadness_我喜欢你的黑衣服,你",3,ESD
"ESD_0001_sadness_是的,真是名副其实。",3,ESD
"ESD_0001_sadness_是很难听的脏话,主人",3,ESD
"ESD_0001_surprise_打远一看,它们的确很",4,ESD
ESD_0001_surprise_英国的哲学家曾经说过,4,ESD
"ESD_0001_surprise_我老家在北京,哇塞!",4,ESD
ESD_0001_surprise_不管怎么说主队好象是,4,ESD
"ESD_0001_surprise_我们乘船漂游了三峡,",4,ESD
ESD_0001_surprise_我喜欢“北京欢迎你”,4,ESD
ESD_0001_surprise_我每个月打一次电话。,4,ESD
ESD_0001_surprise_沙尘暴好像给每个人都,4,ESD
"ESD_0001_surprise_就是这个意思,你又聪",4,ESD
ESD_0001_surprise_个人收藏家!他们肯定,4,ESD
ESD_0001_surprise_妇女节快乐。我永远爱,4,ESD
ESD_0001_surprise_你每次谈恋爱都像现在,4,ESD
"ESD_0001_surprise_周末的我,只忙着陪你",4,ESD
"ESD_0001_surprise_谁你也不认识,我很乐",4,ESD
ESD_0001_surprise_我特别喜欢网球和登山,4,ESD
ESD_0001_surprise_他一定是一眼就被你迷,4,ESD
ESD_0001_surprise_很快你上大学就用得到,4,ESD
"ESD_0001_surprise_我们意见不和,咱们去",4,ESD
"ESD_0001_surprise_不就是你嘛,为什么要",4,ESD
ESD_0001_surprise_前几天我碰见了一件有,4,ESD
ESD_0001_surprise_已经播至该专辑最后一,4,ESD
ESD_0001_surprise_我和我朋友刚从巴厘岛,4,ESD
ESD_0001_surprise_做一些好吃的促进宝宝,4,ESD
ESD_0001_surprise_你的身影总是在我心里,4,ESD
ESD_0001_surprise_我觉得并不是非要有特,4,ESD
"ESD_0001_surprise_是的,他很狡猾,经常",4,ESD
ESD_0001_surprise_工厂不把它直接排到大,4,ESD
"ESD_0001_surprise_没错,就是车门。另外",4,ESD
"ESD_0001_surprise_很可爱啊,就像你一样",4,ESD
"ESD_0001_surprise_除非你打飞碟球,但这",4,ESD
"ESD_0001_surprise_没听清,请问什么时间",4,ESD
ESD_0001_surprise_我遇到了一位漂亮的女,4,ESD
"ESD_0001_surprise_我是青蛙,不用冬眠的",4,ESD
"ESD_0001_surprise_那是马特,他肯定很勇",4,ESD
ESD_0001_surprise_这样无辜的人就不会被,4,ESD
ESD_0001_surprise_我必须一直通电才能工,4,ESD
ESD_0001_surprise_我和我的妻子盼望着和,4,ESD
"ESD_0001_surprise_当然是了,我现在快饿",4,ESD
"ESD_0001_surprise_没有找到日程,走的时",4,ESD
ESD_0001_surprise_是一家制药公司的短期,4,ESD
"ESD_0001_surprise_姐忙得很,没空和你说",4,ESD
"ESD_0001_surprise_我会暖被窝了,逗你的",4,ESD
"ESD_0001_surprise_这样的话,我们可以选",4,ESD
"ESD_0001_surprise_比方说,“华尔街日报",4,ESD
ESD_0001_surprise_我知道人生并不总是一,4,ESD
ESD_0001_surprise_我们可以轮流开车。,4,ESD
ESD_0001_surprise_这是台湾地区最大的动,4,ESD
"ESD_0001_surprise_时候不早了,我来了,",4,ESD
ESD_0001_surprise_递给我一些彩球和纸花,4,ESD
"ESD_0001_surprise_每次叫我都不给红包,",4,ESD
"ESD_0001_surprise_没关系,也许他老婆会",4,ESD
ESD_0001_surprise_你不应该害怕开始一段,4,ESD
"ESD_0001_surprise_我肯定会的,那以后我",4,ESD
ESD_0001_surprise_我是基于人工智能系统,4,ESD
ESD_0001_surprise_它实际会形成一氧化碳,4,ESD
ESD_0001_surprise_我参加了一个有关全球,4,ESD
"ESD_0001_surprise_跳舞好难呀,我还正在",4,ESD
ESD_0001_surprise_让人看上去就感到宽广,4,ESD
"ESD_0001_surprise_只要是我能玩好的,我",4,ESD
ESD_0001_surprise_坐地铁只需要大约二十,4,ESD
ESD_0001_surprise_下个月我姐姐要结婚了,4,ESD
ESD_0001_surprise_我是顺路过来跟你告别,4,ESD
ESD_0001_surprise_你知道我很努力地在戒,4,ESD
"ESD_0001_surprise_我告退了,晚上回去拍",4,ESD
"ESD_0001_surprise_一点也不差,先把握好",4,ESD
ESD_0001_surprise_我们可以去钓鱼、聊天,4,ESD
ESD_0001_surprise_你深深地印在我的脑海,4,ESD
ESD_0001_surprise_我应该给女朋友买玫瑰,4,ESD
"ESD_0001_surprise_以后不要喝那么多了,",4,ESD
"ESD_0001_surprise_心动不如行动,我不太",4,ESD
ESD_0001_surprise_只要令人鼓舞的电影我,4,ESD
ESD_0001_surprise_资料全都不见了。气死,4,ESD
ESD_0001_surprise_她总是带香甜甜的微笑,4,ESD
ESD_0001_surprise_今年应该是第二十七个,4,ESD
ESD_0001_surprise_我也想去看可爱的熊猫,4,ESD
"ESD_0001_surprise_是的,你是个大块头,",4,ESD
"ESD_0001_surprise_奏婚礼进行曲了,他们",4,ESD
"ESD_0001_surprise_它们的设计外形小巧,",4,ESD
ESD_0001_surprise_人们当然都叫他“奥林,4,ESD
"ESD_0001_surprise_看呀,我们差不多就装",4,ESD
ESD_0001_surprise_这个镇上所有的人都喜,4,ESD
ESD_0001_surprise_听说你要去香港看你叔,4,ESD
ESD_0001_surprise_你身上的每一点都吸引,4,ESD
ESD_0001_surprise_他好像跟他的秘书有过,4,ESD
"ESD_0001_surprise_是啊,他的健康我总放",4,ESD
"ESD_0001_surprise_真想不到,游泳竟有如",4,ESD
ESD_0001_surprise_是没什么但是挺别扭的,4,ESD
"ESD_0001_surprise_香港海洋公园,主人快",4,ESD
"ESD_0001_surprise_是个冰淇淋,桃花确实",4,ESD
"ESD_0001_surprise_还不太糟糕,但是得躺",4,ESD
ESD_0001_surprise_如果有我能帮忙的请告,4,ESD
ESD_0001_surprise_不会这么凑巧吧!我也,4,ESD
ESD_0001_surprise_别不好意思。再多吃些,4,ESD
"ESD_0001_surprise_很神奇的样子,我搞不",4,ESD
ESD_0001_surprise_我倒是有一个爱好――,4,ESD
ESD_0001_surprise_别小看我这发型!我还,4,ESD
ESD_0001_surprise_你女儿和她妈妈长得很,4,ESD
ESD_0001_surprise_我只会斗斗地主什么的,4,ESD
"ESD_0001_surprise_得了吧,别这么胆小啦",4,ESD
ESD_0001_surprise_就经常去我们宿舍附近,4,ESD
"ESD_0001_surprise_很快,车就可自动开了",4,ESD
"ESD_0001_surprise_我昨天遇到马克,他看",4,ESD
"ESD_0001_surprise_感觉好温暖呀,好的,",4,ESD
ESD_0001_surprise_没有找到蒸鱼的计时。,4,ESD
"ESD_0001_surprise_我们俩合不来,还经常",4,ESD
"ESD_0001_surprise_做不了什么,通常我会",4,ESD
ESD_0001_surprise_我的表两点四十二。可,4,ESD
ESD_0001_surprise_让我们看看哪一种球技,4,ESD
"ESD_0001_surprise_太棒了,我其实挺饿的",4,ESD
ESD_0001_surprise_自己的事情要自己做。,4,ESD
ESD_0001_surprise_每天早晨都是我妈妈帮,4,ESD
"ESD_0001_surprise_那棒极了,其实心情挺",4,ESD
"ESD_0001_surprise_玛丽,你看来很喜欢挖",4,ESD
"ESD_0001_surprise_我也是,我还有点儿口",4,ESD
"ESD_0001_surprise_真是个好习惯,通常看",4,ESD
"ESD_0001_surprise_没有,不过,我们去了",4,ESD
"ESD_0001_surprise_快点起床,我在公寓门",4,ESD
ESD_0001_surprise_你的同学把你给捉弄了,4,ESD
"ESD_0001_surprise_不过我想星期五走,",4,ESD
ESD_0001_surprise_你还真是考虑周到。,4,ESD
ESD_0001_surprise_那你就离市区很远了。,4,ESD
"ESD_0001_surprise_汤姆是个好人,但却赌",4,ESD
ESD_0001_surprise_那你就说你为之神魂颠,4,ESD
"ESD_0001_surprise_是的,请返还我的钱,",4,ESD
"ESD_0001_surprise_如果你想要纹身,你去",4,ESD
"ESD_0001_surprise_不是,他住在沃斯盾的",4,ESD
ESD_0001_surprise_你说我们在芝加哥要待,4,ESD
ESD_0001_surprise_这些颜色也不太适合你,4,ESD
"ESD_0001_surprise_对别人没有,而对我就",4,ESD
ESD_0001_surprise_我的希望是工作到倒下,4,ESD
ESD_0001_surprise_吝啬鬼!他每天还骑自,4,ESD
ESD_0001_surprise_是你最牵挂的那个女人,4,ESD
ESD_0001_surprise_是不是依然觉得我很可,4,ESD
ESD_0001_surprise_多教我些东西我会更聪,4,ESD
ESD_0001_surprise_我要学习一下相关知识,4,ESD
ESD_0001_surprise_我喜欢几乎所有的运动,4,ESD
ESD_0001_surprise_也许能帮助你把事情弄,4,ESD
ESD_0001_surprise_我总是控制不了它。,4,ESD
ESD_0001_surprise_他们的配合值得我们学,4,ESD
ESD_0001_surprise_我也知道自己是大嘴巴,4,ESD
"ESD_0001_surprise_你可以去问鹦鹉啊,鹦",4,ESD
"ESD_0001_surprise_是啊,我还是个乳臭未",4,ESD
"ESD_0001_surprise_女孩的心思你别猜,但",4,ESD
ESD_0001_surprise_节食减肥很痛苦。,4,ESD
"ESD_0001_surprise_听大自然的声响,就像",4,ESD
"ESD_0001_surprise_现在,我仍然有点紧张",4,ESD
ESD_0001_surprise_不知道。或许一双新鞋,4,ESD
ESD_0001_surprise_有事记得喊我。,4,ESD
"ESD_0001_surprise_你好,布赖恩,正好四",4,ESD
ESD_0001_surprise_这样子比较有趣。,4,ESD
"ESD_0001_surprise_我也最喜欢你,不要开",4,ESD
ESD_0001_surprise_小心脚下。人行道上有,4,ESD
ESD_0001_surprise_我们还等什么,4,ESD
"ESD_0001_surprise_我还不会说其他外语,",4,ESD
ESD_0001_surprise_我只打算放松一下自己,4,ESD
ESD_0001_surprise_承蒙邀请参加你的婚礼,4,ESD
"ESD_0001_surprise_你知道,有时候病人会",4,ESD
ESD_0001_surprise_我的性格就是冷静并且,4,ESD
ESD_0001_surprise_我不会牺牲我的健康来,4,ESD
ESD_0001_surprise_当然!他是我们大学的,4,ESD
ESD_0001_surprise_他讲的笑话让我笑个不,4,ESD
ESD_0001_surprise_原来你也在玩这个,4,ESD
ESD_0001_surprise_我还不知道你认识弗兰,4,ESD
ESD_0001_surprise_我曾在一家船运公司里,4,ESD
ESD_0001_surprise_其实我们前天已经分手,4,ESD
ESD_0001_surprise_我想那些应该是草莓的,4,ESD
"ESD_0001_surprise_太妙了,我想换一些日",4,ESD
"ESD_0001_surprise_你得先回答我,你最喜",4,ESD
"ESD_0001_surprise_让我再想想,真相已经",4,ESD
ESD_0001_surprise_这样你就有时间挥拍打,4,ESD
"ESD_0001_surprise_你这个小气鬼,很不幸",4,ESD
"ESD_0001_surprise_我是个学生,服务器响",4,ESD
ESD_0001_surprise_一套古瓷器。它真的很,4,ESD
ESD_0001_surprise_他在这次竞选活动中花,4,ESD
"ESD_0001_surprise_她此刻失业了,你最好",4,ESD
"ESD_0001_surprise_带上你的家人,但是他",4,ESD
ESD_0001_surprise_你在我的心里折腾好久,4,ESD
"ESD_0001_surprise_你转一个,我想学习下",4,ESD
"ESD_0001_surprise_她和维克分手了,所以",4,ESD
ESD_0001_surprise_冬天雨非常多。我不喜,4,ESD
ESD_0001_surprise_时间对珍尼来说是没有,4,ESD
ESD_0001_surprise_大概足够支持我生活三,4,ESD
ESD_0001_surprise_你绝对猜不到她准备要,4,ESD
ESD_0001_surprise_二零一六年十一月五号,4,ESD
"ESD_0001_surprise_今天真凉快,我希望主",4,ESD
ESD_0001_surprise_软妹子生气会说:讨厌,4,ESD
ESD_0001_surprise_我们一起为他办个惊喜,4,ESD
ESD_0001_surprise_以后我要经常来这儿爬,4,ESD
"ESD_0001_surprise_我是一名教师,你可是",4,ESD
ESD_0001_surprise_上海现在是下午四点三,4,ESD
ESD_0001_surprise_别问了!说多了都是眼,4,ESD
ESD_0001_surprise_如果我滚远了就回不来,4,ESD
ESD_0001_surprise_带女友出去好好吃上一,4,ESD
"ESD_0001_surprise_炖肉一小时,剩余三十",4,ESD
ESD_0001_surprise_我以为你们国家的人都,4,ESD
"ESD_0001_surprise_我饿啦,我想去吃点东",4,ESD
"ESD_0001_surprise_为什么不,交朋友不分",4,ESD
"ESD_0001_surprise_当然知道,我们各有千",4,ESD
"ESD_0001_surprise_我喜欢你的干净整洁,",4,ESD
ESD_0001_surprise_我已经习惯这种气候了,4,ESD
ESD_0001_surprise_也就是一大堆照片。,4,ESD
"ESD_0001_surprise_那就一会再说,我好害",4,ESD
ESD_0001_surprise_希望我有一天也可以去,4,ESD
"ESD_0001_surprise_你昨天才买衣服,真是",4,ESD
"ESD_0001_surprise_还要叫她起床,怎么会",4,ESD
"ESD_0001_surprise_是的,我知道,患难见",4,ESD
"ESD_0001_surprise_我是萌萌哒,你是呆呆",4,ESD
ESD_0001_surprise_你可以在那儿呆上至少,4,ESD
ESD_0001_surprise_对不起我把咖啡洒在桌,4,ESD
"ESD_0001_surprise_也不算,她有的歌我都",4,ESD
ESD_0001_surprise_你太棒了。我对养花已,4,ESD
ESD_0001_surprise_我还会陪你一路走下去,4,ESD
ESD_0001_surprise_裁判全给了满分。,4,ESD
"ESD_0001_surprise_当然,我简直离开音乐",4,ESD
"ESD_0001_surprise_拜拜,明天要再来和小",4,ESD
ESD_0001_surprise_碰到喜欢的女孩子要主,4,ESD
ESD_0001_surprise_他的收支几乎不能平衡,4,ESD
"ESD_0001_surprise_明天是星期天,我们去",4,ESD
ESD_0001_surprise_大部分都是用诱饵钓到,4,ESD
"ESD_0001_surprise_所以你必须要坚持,时",4,ESD
ESD_0001_surprise_我非常支持人们走进太,4,ESD
ESD_0001_surprise_我的老朋友汉森就住在,4,ESD
ESD_0001_surprise_听起来你们玩得也很开,4,ESD
ESD_0001_surprise_这个对我来说有点难!,4,ESD
"ESD_0001_surprise_差不多,我们俩都很热",4,ESD
"ESD_0001_surprise_你要做爸爸了,真让人",4,ESD
ESD_0001_surprise_我真受不了城里那么大,4,ESD
ESD_0001_surprise_好的。新的音乐厅有一,4,ESD
"ESD_0001_surprise_这个位置不错,下车。",4,ESD
"ESD_0001_surprise_那不打扰你了,我不敢",4,ESD
"ESD_0001_surprise_最近很冷,风又大。",4,ESD
ESD_0001_surprise_我最近正在努力练习棋,4,ESD
"ESD_0001_surprise_拜托,别跟我提到笔记",4,ESD
ESD_0001_surprise_它是一个主要的空气污,4,ESD
"ESD_0001_surprise_我爱运动,但是对篮球",4,ESD
"ESD_0001_surprise_我不需要嗅觉,所以没",4,ESD
"ESD_0001_surprise_雪下得真大,带着我去",4,ESD
ESD_0001_surprise_我不这么认为。我们沿,4,ESD
"ESD_0001_surprise_食物也很美味,更不用",4,ESD
ESD_0001_surprise_大约一个小时左右。,4,ESD
ESD_0001_surprise_请勿进入竹林。不让进,4,ESD
ESD_0001_surprise_为了不让鱼吃掉诗人的,4,ESD
ESD_0001_surprise_那样的话你应该穿讲究,4,ESD
ESD_0001_surprise_我的直系亲属人数不多,4,ESD
ESD_0001_surprise_贾尼斯突然兴奋地大叫,4,ESD
ESD_0001_surprise_领带对男人来说真必不,4,ESD
ESD_0001_surprise_没有为什么就是要等我,4,ESD
ESD_0001_surprise_我不怎么在乎这个店有,4,ESD
ESD_0001_surprise_我最好的朋友就约会过,4,ESD
"ESD_0001_surprise_我不用转头,不需要脖",4,ESD
"ESD_0001_surprise_没看过小说,只有人类",4,ESD
ESD_0001_surprise_我是个游戏迷。,4,ESD
"ESD_0001_surprise_你比吴亦凡帅,我同意",4,ESD
"ESD_0001_surprise_我没有忽悠你,机器人",4,ESD
ESD_0001_surprise_最初我的工作是当一名,4,ESD
ESD_0001_surprise_陪你度过这漫长的黑夜,4,ESD
ESD_0001_surprise_这是我在旅游第四天拍,4,ESD
ESD_0001_surprise_这句话的意义我不太明,4,ESD
ESD_0001_surprise_我们想等一个合适的时,4,ESD
"ESD_0001_surprise_我很伤心,我准备去网",4,ESD
ESD_0001_surprise_这可真不像是场英超比,4,ESD
ESD_0001_surprise_他好像是被他女友给甩,4,ESD
ESD_0001_surprise_也许反倒是件好事,4,ESD
ESD_0001_surprise_听起来很厉害的样子!,4,ESD
ESD_0001_surprise_我必须再次感谢您的慷,4,ESD
"ESD_0001_surprise_我是淑女,只会讲文明",4,ESD
ESD_0001_surprise_这可是我学会的第一首,4,ESD
ESD_0001_surprise_谁都有烦的时候。,4,ESD
"ESD_0001_surprise_是很棒的一款手机,性",4,ESD
ESD_0001_surprise_没有找到你想删除的闹,4,ESD
"ESD_0001_surprise_很大,令人兴奋但是嘈",4,ESD
"ESD_0001_surprise_沈阳明天有雷阵雨,多",4,ESD
ESD_0001_surprise_但梅花往往被很多人忽,4,ESD
"ESD_0001_surprise_只要不违法,我还是想",4,ESD
ESD_0001_surprise_然后再找一个音乐播放,4,ESD
"ESD_0001_surprise_我当然喜欢,我很注意",4,ESD
"ESD_0001_surprise_是的,所以我永不喝它",4,ESD
"ESD_0001_surprise_我真兴奋,我终于有自",4,ESD
ESD_0001_surprise_我想说我也这样认为的,4,ESD
ESD_0001_surprise_绝对不可以走到湖的中,4,ESD
"ESD_0001_surprise_晚安,么么哒,满天都",4,ESD
"ESD_0001_surprise_有些人划船,有的人在",4,ESD
ESD_0001_surprise_我想所有中国人都会打,4,ESD
ESD_0001_surprise_有充足的时间购物和观,4,ESD
"ESD_0001_surprise_自己保重,记得要常联",4,ESD
"ESD_0001_surprise_门儿都没有,现在还不",4,ESD
"ESD_0001_surprise_我太喜欢听了,所以不",4,ESD
"ESD_0001_surprise_我随时都在,有没有梦",4,ESD
"ESD_0001_surprise_不会,不过我很喜欢单",4,ESD
ESD_0001_surprise_还有聊天记录。,4,ESD
"ESD_0001_surprise_在法国南部,气候常年",4,ESD
ESD_0001_surprise_哪天我也许得和他谈谈,4,ESD
"ESD_0001_surprise_振作点儿,我看了屏幕",4,ESD
"ESD_0001_surprise_我是银灰色的,我都被",4,ESD
"ESD_0001_surprise_文学和经济,我喜欢很",4,ESD
"ESD_0001_surprise_赌博往往是个祸根,",4,ESD
"ESD_0001_surprise_三个,两个儿子一个女",4,ESD
"ESD_0001_surprise_祝你春节快乐,全家幸",4,ESD
"ESD_0001_surprise_是的,我刚撞到了桌子",4,ESD
"ESD_0001_surprise_这个我相信,我是登山",4,ESD
"ESD_0001_surprise_播放歌单收藏,脑筋可",4,ESD
ESD_0001_surprise_我希望你能和我一起想,4,ESD
ESD_0001_surprise_我一直到清晨四点才到,4,ESD
ESD_0001_surprise_我刚从苏格兰回来。,4,ESD
ESD_0001_surprise_我支持你。它是需要重,4,ESD
ESD_0001_surprise_我在一个机械化农场做,4,ESD
ESD_0001_surprise_有时内在美更加重要。,4,ESD
ESD_0001_surprise_我去查查篮球相关的知,4,ESD
"ESD_0001_surprise_已经怀孕四个半月了,",4,ESD
"ESD_0001_surprise_这局我让你开,今天我",4,ESD
ESD_0001_surprise_我们休息一下喝杯咖啡,4,ESD
"ESD_0001_surprise_如果她拒绝我,我会死",4,ESD
ESD_0001_surprise_旅行结束后我将休息一,4,ESD
ESD_0001_surprise_现在全城的人都要向我,4,ESD
ESD_0001_surprise_我需要插着电源才能说,4,ESD
ESD_0001_surprise_每次你看到一些时尚衣,4,ESD
ESD_0001_surprise_你看上去比以前更漂亮,4,ESD
"ESD_0001_surprise_下午好,蒂娜,我想我",4,ESD
ESD_0001_surprise_家里有全自动洗衣机。,4,ESD
"ESD_0001_surprise_谢谢你来这里,告诉我",4,ESD
"ESD_0001_surprise_不是很喜欢,你把我绕",4,ESD
"ESD_0001_surprise_等待你的指令,随时可",4,ESD
ESD_0001_surprise_他对谁都那么友好。,4,ESD
ESD_0001_surprise_我喜欢吃中餐。,4,ESD
"ESD_0001_surprise_尽管提意见,我会改正",4,ESD
"ESD_0001_surprise_这么多笑话,一天讲不",4,ESD
"ESD_0001_surprise_我讨厌吃醋,偶是不懂",4,ESD
ESD_0001_surprise_我们下午可以在湖里划,4,ESD
ESD_0001_surprise_但是有时夏天比其它季,4,ESD
"ESD_0001_surprise_我们相处得很好,仅此",4,ESD
ESD_0001_surprise_于是我就问她能不能连,4,ESD
ESD_0001_surprise_我想要那种新款的美国,4,ESD
ESD_0001_surprise_错过这村可就没这个店,4,ESD
"ESD_0001_surprise_我曾经养过,我太高兴",4,ESD
ESD_0001_surprise_他们将于今年夏天结婚,4,ESD
"ESD_0001_surprise_谢谢你的夸奖,鲍伯上",4,ESD
"ESD_0001_surprise_你看起来很高兴,眼睛",4,ESD
ESD_0001_surprise_年轻人当然要承担责任,4,ESD
ESD_0001_surprise_不要乱问女孩子的年龄,4,ESD
ESD_0001_surprise_每天晚上跟你互道晚安,4,ESD
ESD_0001_surprise_我会在你的脸上画鬼脸,4,ESD
"ESD_0001_surprise_我缺钱用,所以上星期",4,ESD
ESD_0001_surprise_许多白领都参加到这个,4,ESD
"ESD_0001_surprise_很漂亮,不过人多拥挤",4,ESD
"ESD_0001_surprise_别总是闲着,找点事情",4,ESD
"ESD_0001_surprise_好好休息一下,这个小",4,ESD
ESD_0001_surprise_这两块是唐朝不同时期,4,ESD
"ESD_0001_surprise_我喜欢你的黑衣服,你",4,ESD
"ESD_0001_surprise_是的,真是名副其实。",4,ESD
"ESD_0001_surprise_是很难听的脏话,主人",4,ESD
"ESD_0002_anger_打远一看,它们的确很",2,ESD
ESD_0002_anger_英国的哲学家曾经说过,2,ESD
ESD_0002_anger_我老家在北京。,2,ESD
ESD_0002_anger_不管怎么说主队好象是,2,ESD
"ESD_0002_anger_我们乘船漂游了三峡,",2,ESD
ESD_0002_anger_我喜欢“北京欢迎你”,2,ESD
ESD_0002_anger_我每个月打一次电话。,2,ESD
ESD_0002_anger_沙尘暴好像给每个人都,2,ESD
"ESD_0002_anger_就是这个意思,你又聪",2,ESD
ESD_0002_anger_个人收藏家!他们肯定,2,ESD
ESD_0002_anger_妇女节快乐。我永远爱,2,ESD
ESD_0002_anger_你每次谈恋爱都像现在,2,ESD
"ESD_0002_anger_周末的我,只忙着陪你",2,ESD
"ESD_0002_anger_谁你也不认识,我很乐",2,ESD
ESD_0002_anger_我特别喜欢网球和登山,2,ESD
ESD_0002_anger_他一定是一眼就被你迷,2,ESD
ESD_0002_anger_很快你上大学就用得到,2,ESD
"ESD_0002_anger_我们意见不和,咱们去",2,ESD
"ESD_0002_anger_不就是你嘛,为什么要",2,ESD
ESD_0002_anger_前几天我碰见了一件有,2,ESD
ESD_0002_anger_已经播至该专辑最后一,2,ESD
ESD_0002_anger_我和我朋友刚从巴厘岛,2,ESD
ESD_0002_anger_做一些好吃的促进宝宝,2,ESD
ESD_0002_anger_你的身影总是在我心里,2,ESD
ESD_0002_anger_我觉得并不是非要有特,2,ESD
"ESD_0002_anger_是的,他很狡猾,经常",2,ESD
ESD_0002_anger_工厂不把它直接排到大,2,ESD
"ESD_0002_anger_没错,就是车门。另外",2,ESD
"ESD_0002_anger_很可爱啊,就像你一样",2,ESD
"ESD_0002_anger_除非你打飞碟球,但这",2,ESD
"ESD_0002_anger_没听清,请问什么时间",2,ESD
ESD_0002_anger_我遇到了一位漂亮的女,2,ESD
"ESD_0002_anger_我是青蛙,不用冬眠的",2,ESD
"ESD_0002_anger_那是马特,他肯定很勇",2,ESD
ESD_0002_anger_这样无辜的人就不会被,2,ESD
ESD_0002_anger_我必须一直通电才能工,2,ESD
ESD_0002_anger_我和我的妻子盼望着和,2,ESD
"ESD_0002_anger_当然是了,我现在快饿",2,ESD
"ESD_0002_anger_没有找到日程,走的时",2,ESD
ESD_0002_anger_是一家制药公司的短期,2,ESD
"ESD_0002_anger_姐忙得很,没空和你说",2,ESD
"ESD_0002_anger_我会暖被窝了,逗你的",2,ESD
"ESD_0002_anger_这样的话,我们可以选",2,ESD
"ESD_0002_anger_比方说,“华尔街日报",2,ESD
ESD_0002_anger_我知道人生并不总是一,2,ESD
ESD_0002_anger_我们可以轮流开车。,2,ESD
ESD_0002_anger_这是台湾地区最大的动,2,ESD
"ESD_0002_anger_时候不早了,我来了,",2,ESD
ESD_0002_anger_递给我一些彩球和纸花,2,ESD
"ESD_0002_anger_每次叫我都不给红包,",2,ESD
"ESD_0002_anger_没关系,也许他老婆会",2,ESD
ESD_0002_anger_你不应该害怕开始一段,2,ESD
"ESD_0002_anger_我肯定会的,那以后我",2,ESD
ESD_0002_anger_我是基于人工智能系统,2,ESD
ESD_0002_anger_它实际会形成一氧化碳,2,ESD
ESD_0002_anger_我参加了一个有关全球,2,ESD
"ESD_0002_anger_跳舞好难呀,我还正在",2,ESD
ESD_0002_anger_让人看上去就感到宽广,2,ESD
"ESD_0002_anger_只要是我能玩好的,我",2,ESD
ESD_0002_anger_坐地铁只需要大约二十,2,ESD
ESD_0002_anger_下个月我姐姐要结婚了,2,ESD
ESD_0002_anger_我是顺路过来跟你告别,2,ESD
ESD_0002_anger_你知道我很努力地在戒,2,ESD
"ESD_0002_anger_我告退了,晚上回去拍",2,ESD
"ESD_0002_anger_一点也不差,先把握好",2,ESD
ESD_0002_anger_我们可以去钓鱼、聊天,2,ESD
ESD_0002_anger_你深深地印在我的脑海,2,ESD
ESD_0002_anger_我应该给女朋友买玫瑰,2,ESD
"ESD_0002_anger_以后不要喝那么多了,",2,ESD
"ESD_0002_anger_心动不如行动,我不太",2,ESD
ESD_0002_anger_只要令人鼓舞的电影我,2,ESD
ESD_0002_anger_资料全都不见了。气死,2,ESD
ESD_0002_anger_她总是带香甜甜的微笑,2,ESD
ESD_0002_anger_今年应该是第二十七个,2,ESD
ESD_0002_anger_我也想去看可爱的熊猫,2,ESD
"ESD_0002_anger_是的,你是个大块头,",2,ESD
"ESD_0002_anger_奏婚礼进行曲了,他们",2,ESD
"ESD_0002_anger_它们的设计外形小巧,",2,ESD
ESD_0002_anger_人们当然都叫他“奥林,2,ESD
"ESD_0002_anger_看呀,我们差不多就装",2,ESD
ESD_0002_anger_这个镇上所有的人都喜,2,ESD
ESD_0002_anger_听说你要去香港看你叔,2,ESD
ESD_0002_anger_你身上的每一点都吸引,2,ESD
ESD_0002_anger_他好像跟他的秘书有过,2,ESD
"ESD_0002_anger_是啊,他的健康我总放",2,ESD
"ESD_0002_anger_真想不到,游泳竟有如",2,ESD
ESD_0002_anger_是没什么但是挺别扭的,2,ESD
"ESD_0002_anger_香港海洋公园,主人快",2,ESD
"ESD_0002_anger_是个冰淇淋,桃花确实",2,ESD
"ESD_0002_anger_还不太糟糕,但是得躺",2,ESD
ESD_0002_anger_如果有我能帮忙的请告,2,ESD
ESD_0002_anger_不会这么凑巧吧!我也,2,ESD
ESD_0002_anger_别不好意思。再多吃些,2,ESD
"ESD_0002_anger_很神奇的样子,我搞不",2,ESD
ESD_0002_anger_我倒是有一个爱好――,2,ESD
ESD_0002_anger_别小看我这发型!我还,2,ESD
ESD_0002_anger_你女儿和她妈妈长得很,2,ESD
ESD_0002_anger_我只会斗斗地主什么的,2,ESD
"ESD_0002_anger_得了吧,别这么胆小啦",2,ESD
ESD_0002_anger_就经常去我们宿舍附近,2,ESD
"ESD_0002_anger_很快,车就可自动开了",2,ESD
"ESD_0002_anger_我昨天遇到马克,他看",2,ESD
"ESD_0002_anger_感觉好温暖呀,好的,",2,ESD
ESD_0002_anger_没有找到蒸鱼的计时。,2,ESD
"ESD_0002_anger_我们俩合不来,还经常",2,ESD
"ESD_0002_anger_做不了什么,通常我会",2,ESD
ESD_0002_anger_我的表两点四十二。可,2,ESD
ESD_0002_anger_让我们看看哪一种球技,2,ESD
ESD_0002_anger_我其实挺饿的。,2,ESD
ESD_0002_anger_自己的事情要自己做。,2,ESD
ESD_0002_anger_每天早晨都是我妈妈帮,2,ESD
"ESD_0002_anger_那棒极了,其实心情挺",2,ESD
"ESD_0002_anger_玛丽,你看来很喜欢挖",2,ESD
"ESD_0002_anger_我也是,我还有点儿口",2,ESD
"ESD_0002_anger_真是个好习惯,通常看",2,ESD
"ESD_0002_anger_没有,不过,我们去了",2,ESD
"ESD_0002_anger_快点起床,我在公寓门",2,ESD
ESD_0002_anger_你的同学把你给捉弄了,2,ESD
"ESD_0002_anger_不过我想星期五走,",2,ESD
ESD_0002_anger_你还真是考虑周到。,2,ESD
ESD_0002_anger_那你就离市区很远了。,2,ESD
"ESD_0002_anger_汤姆是个好人,但却赌",2,ESD
ESD_0002_anger_那你就说你为之神魂颠,2,ESD
"ESD_0002_anger_是的,请返还我的钱,",2,ESD
"ESD_0002_anger_如果你想要纹身,你去",2,ESD
"ESD_0002_anger_不是,他住在沃斯盾的",2,ESD
ESD_0002_anger_你说我们在芝加哥要待,2,ESD
ESD_0002_anger_这些颜色也不太适合你,2,ESD
"ESD_0002_anger_对别人没有,而对我就",2,ESD
ESD_0002_anger_我的希望是工作到倒下,2,ESD
ESD_0002_anger_吝啬鬼!他每天还骑自,2,ESD
ESD_0002_anger_是你最牵挂的那个女人,2,ESD
ESD_0002_anger_是不是依然觉得我很可,2,ESD
ESD_0002_anger_多教我些东西我会更聪,2,ESD
ESD_0002_anger_我要学习一下相关知识,2,ESD
ESD_0002_anger_我喜欢几乎所有的运动,2,ESD
ESD_0002_anger_也许能帮助你把事情弄,2,ESD
ESD_0002_anger_我总是控制不了它。,2,ESD
ESD_0002_anger_他们的配合值得我们学,2,ESD
ESD_0002_anger_我也知道自己是大嘴巴,2,ESD
"ESD_0002_anger_你可以去问鹦鹉啊,鹦",2,ESD
"ESD_0002_anger_是啊,我还是个乳臭未",2,ESD
"ESD_0002_anger_女孩的心思你别猜,但",2,ESD
ESD_0002_anger_节食减肥很痛苦。,2,ESD
"ESD_0002_anger_听大自然的声响,就像",2,ESD
"ESD_0002_anger_现在,我仍然有点紧张",2,ESD
ESD_0002_anger_不知道。或许一双新鞋,2,ESD
ESD_0002_anger_有事记得喊我。,2,ESD
"ESD_0002_anger_你好,布赖恩,正好四",2,ESD
ESD_0002_anger_这样子比较有趣。,2,ESD
"ESD_0002_anger_我也最喜欢你,不要开",2,ESD
ESD_0002_anger_小心脚下。人行道上有,2,ESD
ESD_0002_anger_我们还等什么,2,ESD
"ESD_0002_anger_我还不会说其他外语,",2,ESD
ESD_0002_anger_我只打算放松一下自己,2,ESD
ESD_0002_anger_承蒙邀请参加你的婚礼,2,ESD
"ESD_0002_anger_你知道,有时候病人会",2,ESD
ESD_0002_anger_我的性格就是冷静并且,2,ESD
ESD_0002_anger_我不会牺牲我的健康来,2,ESD
ESD_0002_anger_当然!他是我们大学的,2,ESD
ESD_0002_anger_他讲的笑话让我笑个不,2,ESD
ESD_0002_anger_原来你也在玩这个,2,ESD
ESD_0002_anger_我还不知道你认识弗兰,2,ESD
ESD_0002_anger_我曾在一家船运公司里,2,ESD
ESD_0002_anger_其实我们前天已经分手,2,ESD
ESD_0002_anger_我想那些应该是草莓的,2,ESD
"ESD_0002_anger_太妙了,我想换一些日",2,ESD
"ESD_0002_anger_你得先回答我,你最喜",2,ESD
"ESD_0002_anger_让我再想想,真相已经",2,ESD
ESD_0002_anger_这样你就有时间挥拍打,2,ESD
"ESD_0002_anger_你这个小气鬼,很不幸",2,ESD
"ESD_0002_anger_我是个学生,服务器响",2,ESD
ESD_0002_anger_一套古瓷器。它真的很,2,ESD
ESD_0002_anger_他在这次竞选活动中花,2,ESD
"ESD_0002_anger_她此刻失业了,你最好",2,ESD
"ESD_0002_anger_带上你的家人,但是他",2,ESD
ESD_0002_anger_你在我的心里折腾好久,2,ESD
"ESD_0002_anger_你转一个,我想学习下",2,ESD
"ESD_0002_anger_她和维克分手了,所以",2,ESD
ESD_0002_anger_冬天雨非常多。我不喜,2,ESD
ESD_0002_anger_时间对珍尼来说是没有,2,ESD
ESD_0002_anger_大概足够支持我生活三,2,ESD
ESD_0002_anger_你绝对猜不到她准备要,2,ESD
ESD_0002_anger_二零一六年十一月五号,2,ESD
"ESD_0002_anger_今天真凉快,我希望主",2,ESD
ESD_0002_anger_软妹子生气会说:讨厌,2,ESD
ESD_0002_anger_我们一起为他办个惊喜,2,ESD
ESD_0002_anger_以后我要经常来这儿爬,2,ESD
"ESD_0002_anger_我是一名教师,你可是",2,ESD
ESD_0002_anger_上海现在是下午四点三,2,ESD
ESD_0002_anger_别问了!说多了都是眼,2,ESD
ESD_0002_anger_如果我滚远了就回不来,2,ESD
ESD_0002_anger_带女友出去好好吃上一,2,ESD
"ESD_0002_anger_炖肉一小时,剩余三十",2,ESD
ESD_0002_anger_我以为你们国家的人都,2,ESD
"ESD_0002_anger_我饿啦,我想去吃点东",2,ESD
"ESD_0002_anger_为什么不,交朋友不分",2,ESD
"ESD_0002_anger_当然知道,我们各有千",2,ESD
"ESD_0002_anger_我喜欢你的干净整洁,",2,ESD
ESD_0002_anger_我已经习惯这种气候了,2,ESD
ESD_0002_anger_也就是一大堆照片。,2,ESD
"ESD_0002_anger_那就一会再说,我好害",2,ESD
ESD_0002_anger_希望我有一天也可以去,2,ESD
"ESD_0002_anger_你昨天才买衣服,真是",2,ESD
"ESD_0002_anger_还要叫她起床,怎么会",2,ESD
"ESD_0002_anger_是的,我知道,患难见",2,ESD
"ESD_0002_anger_我是萌萌哒,你是呆呆",2,ESD
ESD_0002_anger_你可以在那儿呆上至少,2,ESD
ESD_0002_anger_对不起我把咖啡洒在桌,2,ESD
"ESD_0002_anger_也不算,她有的歌我都",2,ESD
ESD_0002_anger_我对养花已经厌倦了。,2,ESD
ESD_0002_anger_我还会陪你一路走下去,2,ESD
ESD_0002_anger_裁判全给了满分。,2,ESD
"ESD_0002_anger_当然,我简直离开音乐",2,ESD
"ESD_0002_anger_拜拜,明天要再来和小",2,ESD
ESD_0002_anger_碰到喜欢的女孩子要主,2,ESD
ESD_0002_anger_他的收支几乎不能平衡,2,ESD
"ESD_0002_anger_明天是星期天,我们去",2,ESD
ESD_0002_anger_大部分都是用诱饵钓到,2,ESD
"ESD_0002_anger_所以你必须要坚持,时",2,ESD
ESD_0002_anger_我非常支持人们走进太,2,ESD
ESD_0002_anger_我的老朋友汉森就住在,2,ESD
ESD_0002_anger_听起来你们玩得也很开,2,ESD
ESD_0002_anger_这个对我来说有点难!,2,ESD
"ESD_0002_anger_差不多,我们俩都很热",2,ESD
"ESD_0002_anger_你要做爸爸了,真让人",2,ESD
ESD_0002_anger_我真受不了城里那么大,2,ESD
ESD_0002_anger_好的。新的音乐厅有一,2,ESD
"ESD_0002_anger_这个位置不错,下车。",2,ESD
"ESD_0002_anger_那不打扰你了,我不敢",2,ESD
"ESD_0002_anger_最近很冷,风又大。",2,ESD
ESD_0002_anger_我最近正在努力练习棋,2,ESD
"ESD_0002_anger_拜托,别跟我提到笔记",2,ESD
ESD_0002_anger_它是一个主要的空气污,2,ESD
"ESD_0002_anger_我爱运动,但是对篮球",2,ESD
"ESD_0002_anger_我不需要嗅觉,所以没",2,ESD
"ESD_0002_anger_雪下得真大,带着我去",2,ESD
ESD_0002_anger_我不这么认为。我们沿,2,ESD
"ESD_0002_anger_食物也很美味,更不用",2,ESD
ESD_0002_anger_大约一个小时左右。,2,ESD
ESD_0002_anger_请勿进入竹林。不让进,2,ESD
ESD_0002_anger_为了不让鱼吃掉诗人的,2,ESD
ESD_0002_anger_那样的话你应该穿讲究,2,ESD
ESD_0002_anger_我的直系亲属人数不多,2,ESD
ESD_0002_anger_贾尼斯突然兴奋地大叫,2,ESD
ESD_0002_anger_领带对男人来说真必不,2,ESD
ESD_0002_anger_没有为什么就是要等我,2,ESD
ESD_0002_anger_我不怎么在乎这个店有,2,ESD
ESD_0002_anger_我最好的朋友就约会过,2,ESD
"ESD_0002_anger_我不用转头,不需要脖",2,ESD
"ESD_0002_anger_没看过小说,只有人类",2,ESD
ESD_0002_anger_我是个游戏迷。,2,ESD
"ESD_0002_anger_你比吴亦凡帅,我同意",2,ESD
"ESD_0002_anger_我没有忽悠你,机器人",2,ESD
ESD_0002_anger_最初我的工作是当一名,2,ESD
ESD_0002_anger_陪你度过这漫长的黑夜,2,ESD
ESD_0002_anger_这是我在旅游第四天拍,2,ESD
ESD_0002_anger_这句话的意义我不太明,2,ESD
ESD_0002_anger_我们想等一个合适的时,2,ESD
"ESD_0002_anger_我很伤心,我准备去网",2,ESD
ESD_0002_anger_这可真不像是场英超比,2,ESD
ESD_0002_anger_他好像是被他女友给甩,2,ESD
ESD_0002_anger_也许反倒是件好事,2,ESD
ESD_0002_anger_听起来很厉害的样子!,2,ESD
ESD_0002_anger_我必须再次感谢您的慷,2,ESD
"ESD_0002_anger_我是淑女,只会讲文明",2,ESD
ESD_0002_anger_这可是我学会的第一首,2,ESD
ESD_0002_anger_谁都有烦的时候。,2,ESD
"ESD_0002_anger_是很棒的一款手机,性",2,ESD
ESD_0002_anger_没有找到你想删除的闹,2,ESD
"ESD_0002_anger_很大,令人兴奋但是嘈",2,ESD
"ESD_0002_anger_沈阳明天有雷阵雨,多",2,ESD
ESD_0002_anger_但梅花往往被很多人忽,2,ESD
"ESD_0002_anger_只要不违法,我还是想",2,ESD
ESD_0002_anger_然后再找一个音乐播放,2,ESD
"ESD_0002_anger_我当然喜欢,我很注意",2,ESD
"ESD_0002_anger_是的,所以我永不喝它",2,ESD
"ESD_0002_anger_我真兴奋,我终于有自",2,ESD
ESD_0002_anger_我想说我也这样认为的,2,ESD
ESD_0002_anger_绝对不可以走到湖的中,2,ESD
"ESD_0002_anger_晚安,么么哒,满天都",2,ESD
"ESD_0002_anger_有些人划船,有的人在",2,ESD
ESD_0002_anger_我想所有中国人都会打,2,ESD
ESD_0002_anger_有充足的时间购物和观,2,ESD
"ESD_0002_anger_自己保重,记得要常联",2,ESD
"ESD_0002_anger_门儿都没有,现在还不",2,ESD
"ESD_0002_anger_我太喜欢听了,所以不",2,ESD
"ESD_0002_anger_我随时都在,有没有梦",2,ESD
"ESD_0002_anger_不会,不过我很喜欢单",2,ESD
ESD_0002_anger_还有聊天记录。,2,ESD
"ESD_0002_anger_在法国南部,气候常年",2,ESD
ESD_0002_anger_哪天我也许得和他谈谈,2,ESD
"ESD_0002_anger_振作点儿,我看了屏幕",2,ESD
"ESD_0002_anger_我是银灰色的,我都被",2,ESD
"ESD_0002_anger_文学和经济,我喜欢很",2,ESD
"ESD_0002_anger_赌博往往是个祸根,",2,ESD
"ESD_0002_anger_三个,两个儿子一个女",2,ESD
"ESD_0002_anger_祝你春节快乐,全家幸",2,ESD
"ESD_0002_anger_是的,我刚撞到了桌子",2,ESD
"ESD_0002_anger_这个我相信,我是登山",2,ESD
"ESD_0002_anger_播放歌单收藏,脑筋可",2,ESD
ESD_0002_anger_我希望你能和我一起想,2,ESD
ESD_0002_anger_我一直到清晨四点才到,2,ESD
ESD_0002_anger_我刚从苏格兰回来。,2,ESD
ESD_0002_anger_我支持你。它是需要重,2,ESD
ESD_0002_anger_我在一个机械化农场做,2,ESD
ESD_0002_anger_有时内在美更加重要。,2,ESD
ESD_0002_anger_我去查查篮球相关的知,2,ESD
"ESD_0002_anger_已经怀孕四个半月了,",2,ESD
"ESD_0002_anger_这局我让你开,今天我",2,ESD
ESD_0002_anger_我们休息一下喝杯咖啡,2,ESD
"ESD_0002_anger_如果她拒绝我,我会死",2,ESD
ESD_0002_anger_旅行结束后我将休息一,2,ESD
ESD_0002_anger_现在全城的人都要向我,2,ESD
ESD_0002_anger_我需要插着电源才能说,2,ESD
ESD_0002_anger_每次你看到一些时尚衣,2,ESD
ESD_0002_anger_你看上去比以前更漂亮,2,ESD
"ESD_0002_anger_下午好,蒂娜,我想我",2,ESD
ESD_0002_anger_家里有全自动洗衣机。,2,ESD
"ESD_0002_anger_谢谢你来这里,告诉我",2,ESD
"ESD_0002_anger_不是很喜欢,你把我绕",2,ESD
"ESD_0002_anger_等待你的指令,随时可",2,ESD
ESD_0002_anger_他对谁都那么友好。,2,ESD
ESD_0002_anger_我喜欢吃中餐。,2,ESD
"ESD_0002_anger_尽管提意见,我会改正",2,ESD
"ESD_0002_anger_这么多笑话,一天讲不",2,ESD
"ESD_0002_anger_我讨厌吃醋,偶是不懂",2,ESD
ESD_0002_anger_我们下午可以在湖里划,2,ESD
ESD_0002_anger_但是有时夏天比其它季,2,ESD
"ESD_0002_anger_我们相处得很好,仅此",2,ESD
ESD_0002_anger_于是我就问她能不能连,2,ESD
ESD_0002_anger_我想要那种新款的美国,2,ESD
ESD_0002_anger_错过这村可就没这个店,2,ESD
"ESD_0002_anger_我曾经养过,我太高兴",2,ESD
ESD_0002_anger_他们将于今年夏天结婚,2,ESD
"ESD_0002_anger_谢谢你的夸奖,鲍伯上",2,ESD
"ESD_0002_anger_你看起来很高兴,眼睛",2,ESD
ESD_0002_anger_年轻人当然要承担责任,2,ESD
ESD_0002_anger_不要乱问女孩子的年龄,2,ESD
ESD_0002_anger_每天晚上跟你互道晚安,2,ESD
ESD_0002_anger_我会在你的脸上画鬼脸,2,ESD
"ESD_0002_anger_我缺钱用,所以上星期",2,ESD
ESD_0002_anger_许多白领都参加到这个,2,ESD
"ESD_0002_anger_很漂亮,不过人多拥挤",2,ESD
"ESD_0002_anger_别总是闲着,找点事情",2,ESD
"ESD_0002_anger_好好休息一下,这个小",2,ESD
ESD_0002_anger_这两块是唐朝不同时期,2,ESD
"ESD_0002_anger_我喜欢你的黑衣服,你",2,ESD
"ESD_0002_anger_是的,真是名副其实。",2,ESD
"ESD_0002_anger_是很难听的脏话,主人",2,ESD
"ESD_0002_happiness_打远一看,它们的确很",1,ESD
ESD_0002_happiness_英国的哲学家曾经说过,1,ESD
ESD_0002_happiness_我老家在北京。,1,ESD
ESD_0002_happiness_不管怎么说主队好象是,1,ESD
"ESD_0002_happiness_我们乘船漂游了三峡,",1,ESD
ESD_0002_happiness_我喜欢“北京欢迎你”,1,ESD
ESD_0002_happiness_我每个月打一次电话。,1,ESD
ESD_0002_happiness_沙尘暴好像给每个人都,1,ESD
"ESD_0002_happiness_就是这个意思,你又聪",1,ESD
ESD_0002_happiness_个人收藏家!他们肯定,1,ESD
ESD_0002_happiness_妇女节快乐。我永远爱,1,ESD
ESD_0002_happiness_你每次谈恋爱都像现在,1,ESD
"ESD_0002_happiness_周末的我,只忙着陪你",1,ESD
"ESD_0002_happiness_谁你也不认识,我很乐",1,ESD
ESD_0002_happiness_我特别喜欢网球和登山,1,ESD
ESD_0002_happiness_他一定是一眼就被你迷,1,ESD
ESD_0002_happiness_很快你上大学就用得到,1,ESD
"ESD_0002_happiness_我们意见不和,咱们去",1,ESD
"ESD_0002_happiness_不就是你嘛,为什么要",1,ESD
ESD_0002_happiness_前几天我碰见了一件有,1,ESD
ESD_0002_happiness_已经播至该专辑最后一,1,ESD
ESD_0002_happiness_我和我朋友刚从巴厘岛,1,ESD
ESD_0002_happiness_做一些好吃的促进宝宝,1,ESD
ESD_0002_happiness_你的身影总是在我心里,1,ESD
ESD_0002_happiness_我觉得并不是非要有特,1,ESD
"ESD_0002_happiness_是的,他很狡猾,经常",1,ESD
ESD_0002_happiness_工厂不把它直接排到大,1,ESD
"ESD_0002_happiness_没错,就是车门。另外",1,ESD
"ESD_0002_happiness_很可爱啊,就像你一样",1,ESD
"ESD_0002_happiness_除非你打飞碟球,但这",1,ESD
"ESD_0002_happiness_没听清,请问什么时间",1,ESD
ESD_0002_happiness_我遇到了一位漂亮的女,1,ESD
"ESD_0002_happiness_我是青蛙,不用冬眠的",1,ESD
"ESD_0002_happiness_那是马特,他肯定很勇",1,ESD
ESD_0002_happiness_这样无辜的人就不会被,1,ESD
ESD_0002_happiness_我必须一直通电才能工,1,ESD
ESD_0002_happiness_我和我的妻子盼望着和,1,ESD
"ESD_0002_happiness_当然是了,我现在快饿",1,ESD
"ESD_0002_happiness_没有找到日程,走的时",1,ESD
ESD_0002_happiness_是一家制药公司的短期,1,ESD
"ESD_0002_happiness_姐忙得很,没空和你说",1,ESD
"ESD_0002_happiness_我会暖被窝了,逗你的",1,ESD
"ESD_0002_happiness_这样的话,我们可以选",1,ESD
"ESD_0002_happiness_比方说,“华尔街日报",1,ESD
ESD_0002_happiness_我知道人生并不总是一,1,ESD
ESD_0002_happiness_我们可以轮流开车。,1,ESD
ESD_0002_happiness_这是台湾地区最大的动,1,ESD
"ESD_0002_happiness_时候不早了,我来了,",1,ESD
ESD_0002_happiness_递给我一些彩球和纸花,1,ESD
"ESD_0002_happiness_每次叫我都不给红包,",1,ESD
"ESD_0002_happiness_没关系,也许他老婆会",1,ESD
ESD_0002_happiness_你不应该害怕开始一段,1,ESD
"ESD_0002_happiness_我肯定会的,那以后我",1,ESD
ESD_0002_happiness_我是基于人工智能系统,1,ESD
ESD_0002_happiness_它实际会形成一氧化碳,1,ESD
ESD_0002_happiness_我参加了一个有关全球,1,ESD
"ESD_0002_happiness_跳舞好难呀,我还正在",1,ESD
ESD_0002_happiness_让人看上去就感到宽广,1,ESD
"ESD_0002_happiness_只要是我能玩好的,我",1,ESD
ESD_0002_happiness_坐地铁只需要大约二十,1,ESD
ESD_0002_happiness_下个月我姐姐要结婚了,1,ESD
ESD_0002_happiness_我是顺路过来跟你告别,1,ESD
ESD_0002_happiness_你知道我很努力地在戒,1,ESD
"ESD_0002_happiness_我告退了,晚上回去拍",1,ESD
"ESD_0002_happiness_一点也不差,先把握好",1,ESD
ESD_0002_happiness_我们可以去钓鱼、聊天,1,ESD
ESD_0002_happiness_你深深地印在我的脑海,1,ESD
ESD_0002_happiness_我应该给女朋友买玫瑰,1,ESD
"ESD_0002_happiness_以后不要喝那么多了,",1,ESD
"ESD_0002_happiness_心动不如行动,我不太",1,ESD
ESD_0002_happiness_只要令人鼓舞的电影我,1,ESD
ESD_0002_happiness_资料全都不见了。气死,1,ESD
ESD_0002_happiness_她总是带香甜甜的微笑,1,ESD
ESD_0002_happiness_今年应该是第二十七个,1,ESD
ESD_0002_happiness_我也想去看可爱的熊猫,1,ESD
"ESD_0002_happiness_是的,你是个大块头,",1,ESD
"ESD_0002_happiness_奏婚礼进行曲了,他们",1,ESD
"ESD_0002_happiness_它们的设计外形小巧,",1,ESD
ESD_0002_happiness_人们当然都叫他“奥林,1,ESD
"ESD_0002_happiness_看呀,我们差不多就装",1,ESD
ESD_0002_happiness_这个镇上所有的人都喜,1,ESD
ESD_0002_happiness_听说你要去香港看你叔,1,ESD
ESD_0002_happiness_你身上的每一点都吸引,1,ESD
ESD_0002_happiness_他好像跟他的秘书有过,1,ESD
"ESD_0002_happiness_是啊,他的健康我总放",1,ESD
"ESD_0002_happiness_真想不到,游泳竟有如",1,ESD
ESD_0002_happiness_是没什么但是挺别扭的,1,ESD
"ESD_0002_happiness_香港海洋公园,主人快",1,ESD
"ESD_0002_happiness_是个冰淇淋,桃花确实",1,ESD
"ESD_0002_happiness_还不太糟糕,但是得躺",1,ESD
ESD_0002_happiness_如果有我能帮忙的请告,1,ESD
ESD_0002_happiness_不会这么凑巧吧!我也,1,ESD
ESD_0002_happiness_别不好意思。再多吃些,1,ESD
"ESD_0002_happiness_很神奇的样子,我搞不",1,ESD
ESD_0002_happiness_我倒是有一个爱好――,1,ESD
ESD_0002_happiness_别小看我这发型!我还,1,ESD
ESD_0002_happiness_你女儿和她妈妈长得很,1,ESD
ESD_0002_happiness_我只会斗斗地主什么的,1,ESD
"ESD_0002_happiness_得了吧,别这么胆小啦",1,ESD
ESD_0002_happiness_就经常去我们宿舍附近,1,ESD
"ESD_0002_happiness_很快,车就可自动开了",1,ESD
"ESD_0002_happiness_我昨天遇到马克,他看",1,ESD
"ESD_0002_happiness_感觉好温暖呀,好的,",1,ESD
ESD_0002_happiness_没有找到蒸鱼的计时。,1,ESD
"ESD_0002_happiness_我们俩合不来,还经常",1,ESD
"ESD_0002_happiness_做不了什么,通常我会",1,ESD
ESD_0002_happiness_我的表两点四十二。可,1,ESD
ESD_0002_happiness_让我们看看哪一种球技,1,ESD
ESD_0002_happiness_我其实挺饿的。,1,ESD
ESD_0002_happiness_自己的事情要自己做。,1,ESD
ESD_0002_happiness_每天早晨都是我妈妈帮,1,ESD
"ESD_0002_happiness_那棒极了,其实心情挺",1,ESD
"ESD_0002_happiness_玛丽,你看来很喜欢挖",1,ESD
"ESD_0002_happiness_我也是,我还有点儿口",1,ESD
"ESD_0002_happiness_真是个好习惯,通常看",1,ESD
"ESD_0002_happiness_没有,不过,我们去了",1,ESD
"ESD_0002_happiness_快点起床,我在公寓门",1,ESD
ESD_0002_happiness_你的同学把你给捉弄了,1,ESD
"ESD_0002_happiness_不过我想星期五走,",1,ESD
ESD_0002_happiness_你还真是考虑周到。,1,ESD
ESD_0002_happiness_那你就离市区很远了。,1,ESD
"ESD_0002_happiness_汤姆是个好人,但却赌",1,ESD
ESD_0002_happiness_那你就说你为之神魂颠,1,ESD
"ESD_0002_happiness_是的,请返还我的钱,",1,ESD
"ESD_0002_happiness_如果你想要纹身,你去",1,ESD
"ESD_0002_happiness_不是,他住在沃斯盾的",1,ESD
ESD_0002_happiness_你说我们在芝加哥要待,1,ESD
ESD_0002_happiness_这些颜色也不太适合你,1,ESD
"ESD_0002_happiness_对别人没有,而对我就",1,ESD
ESD_0002_happiness_我的希望是工作到倒下,1,ESD
ESD_0002_happiness_吝啬鬼!他每天还骑自,1,ESD
ESD_0002_happiness_是你最牵挂的那个女人,1,ESD
ESD_0002_happiness_是不是依然觉得我很可,1,ESD
ESD_0002_happiness_多教我些东西我会更聪,1,ESD
ESD_0002_happiness_我要学习一下相关知识,1,ESD
ESD_0002_happiness_我喜欢几乎所有的运动,1,ESD
ESD_0002_happiness_也许能帮助你把事情弄,1,ESD
ESD_0002_happiness_我总是控制不了它。,1,ESD
ESD_0002_happiness_他们的配合值得我们学,1,ESD
ESD_0002_happiness_我也知道自己是大嘴巴,1,ESD
"ESD_0002_happiness_你可以去问鹦鹉啊,鹦",1,ESD
"ESD_0002_happiness_是啊,我还是个乳臭未",1,ESD
"ESD_0002_happiness_女孩的心思你别猜,但",1,ESD
ESD_0002_happiness_节食减肥很痛苦。,1,ESD
"ESD_0002_happiness_听大自然的声响,就像",1,ESD
"ESD_0002_happiness_现在,我仍然有点紧张",1,ESD
ESD_0002_happiness_不知道。或许一双新鞋,1,ESD
ESD_0002_happiness_有事记得喊我。,1,ESD
"ESD_0002_happiness_你好,布赖恩,正好四",1,ESD
ESD_0002_happiness_这样子比较有趣。,1,ESD
"ESD_0002_happiness_我也最喜欢你,不要开",1,ESD
ESD_0002_happiness_小心脚下。人行道上有,1,ESD
ESD_0002_happiness_我们还等什么,1,ESD
"ESD_0002_happiness_我还不会说其他外语,",1,ESD
ESD_0002_happiness_我只打算放松一下自己,1,ESD
ESD_0002_happiness_承蒙邀请参加你的婚礼,1,ESD
"ESD_0002_happiness_你知道,有时候病人会",1,ESD
ESD_0002_happiness_我的性格就是冷静并且,1,ESD
ESD_0002_happiness_我不会牺牲我的健康来,1,ESD
ESD_0002_happiness_当然!他是我们大学的,1,ESD
ESD_0002_happiness_他讲的笑话让我笑个不,1,ESD
ESD_0002_happiness_原来你也在玩这个,1,ESD
ESD_0002_happiness_我还不知道你认识弗兰,1,ESD
ESD_0002_happiness_我曾在一家船运公司里,1,ESD
ESD_0002_happiness_其实我们前天已经分手,1,ESD
ESD_0002_happiness_我想那些应该是草莓的,1,ESD
"ESD_0002_happiness_太妙了,我想换一些日",1,ESD
"ESD_0002_happiness_你得先回答我,你最喜",1,ESD
"ESD_0002_happiness_让我再想想,真相已经",1,ESD
ESD_0002_happiness_这样你就有时间挥拍打,1,ESD
"ESD_0002_happiness_你这个小气鬼,很不幸",1,ESD
"ESD_0002_happiness_我是个学生,服务器响",1,ESD
ESD_0002_happiness_一套古瓷器。它真的很,1,ESD
ESD_0002_happiness_他在这次竞选活动中花,1,ESD
"ESD_0002_happiness_她此刻失业了,你最好",1,ESD
"ESD_0002_happiness_带上你的家人,但是他",1,ESD
ESD_0002_happiness_你在我的心里折腾好久,1,ESD
"ESD_0002_happiness_你转一个,我想学习下",1,ESD
"ESD_0002_happiness_她和维克分手了,所以",1,ESD
ESD_0002_happiness_冬天雨非常多。我不喜,1,ESD
ESD_0002_happiness_时间对珍尼来说是没有,1,ESD
ESD_0002_happiness_大概足够支持我生活三,1,ESD
ESD_0002_happiness_你绝对猜不到她准备要,1,ESD
ESD_0002_happiness_二零一六年十一月五号,1,ESD
"ESD_0002_happiness_今天真凉快,我希望主",1,ESD
ESD_0002_happiness_软妹子生气会说:讨厌,1,ESD
ESD_0002_happiness_我们一起为他办个惊喜,1,ESD
ESD_0002_happiness_以后我要经常来这儿爬,1,ESD
"ESD_0002_happiness_我是一名教师,你可是",1,ESD
ESD_0002_happiness_上海现在是下午四点三,1,ESD
ESD_0002_happiness_别问了!说多了都是眼,1,ESD
ESD_0002_happiness_如果我滚远了就回不来,1,ESD
ESD_0002_happiness_带女友出去好好吃上一,1,ESD
"ESD_0002_happiness_炖肉一小时,剩余三十",1,ESD
ESD_0002_happiness_我以为你们国家的人都,1,ESD
"ESD_0002_happiness_我饿啦,我想去吃点东",1,ESD
"ESD_0002_happiness_为什么不,交朋友不分",1,ESD
"ESD_0002_happiness_当然知道,我们各有千",1,ESD
"ESD_0002_happiness_我喜欢你的干净整洁,",1,ESD
ESD_0002_happiness_我已经习惯这种气候了,1,ESD
ESD_0002_happiness_也就是一大堆照片。,1,ESD
"ESD_0002_happiness_那就一会再说,我好害",1,ESD
ESD_0002_happiness_希望我有一天也可以去,1,ESD
"ESD_0002_happiness_你昨天才买衣服,真是",1,ESD
"ESD_0002_happiness_还要叫她起床,怎么会",1,ESD
"ESD_0002_happiness_是的,我知道,患难见",1,ESD
"ESD_0002_happiness_我是萌萌哒,你是呆呆",1,ESD
ESD_0002_happiness_你可以在那儿呆上至少,1,ESD
ESD_0002_happiness_对不起我把咖啡洒在桌,1,ESD
"ESD_0002_happiness_也不算,她有的歌我都",1,ESD
ESD_0002_happiness_我对养花已经厌倦了。,1,ESD
ESD_0002_happiness_我还会陪你一路走下去,1,ESD
ESD_0002_happiness_裁判全给了满分。,1,ESD
"ESD_0002_happiness_当然,我简直离开音乐",1,ESD
"ESD_0002_happiness_拜拜,明天要再来和小",1,ESD
ESD_0002_happiness_碰到喜欢的女孩子要主,1,ESD
ESD_0002_happiness_他的收支几乎不能平衡,1,ESD
"ESD_0002_happiness_明天是星期天,我们去",1,ESD
ESD_0002_happiness_大部分都是用诱饵钓到,1,ESD
"ESD_0002_happiness_所以你必须要坚持,时",1,ESD
ESD_0002_happiness_我非常支持人们走进太,1,ESD
ESD_0002_happiness_我的老朋友汉森就住在,1,ESD
ESD_0002_happiness_听起来你们玩得也很开,1,ESD
ESD_0002_happiness_这个对我来说有点难!,1,ESD
"ESD_0002_happiness_差不多,我们俩都很热",1,ESD
"ESD_0002_happiness_你要做爸爸了,真让人",1,ESD
ESD_0002_happiness_我真受不了城里那么大,1,ESD
ESD_0002_happiness_好的。新的音乐厅有一,1,ESD
"ESD_0002_happiness_这个位置不错,下车。",1,ESD
"ESD_0002_happiness_那不打扰你了,我不敢",1,ESD
"ESD_0002_happiness_最近很冷,风又大。",1,ESD
ESD_0002_happiness_我最近正在努力练习棋,1,ESD
"ESD_0002_happiness_拜托,别跟我提到笔记",1,ESD
ESD_0002_happiness_它是一个主要的空气污,1,ESD
"ESD_0002_happiness_我爱运动,但是对篮球",1,ESD
"ESD_0002_happiness_我不需要嗅觉,所以没",1,ESD
"ESD_0002_happiness_雪下得真大,带着我去",1,ESD
ESD_0002_happiness_我不这么认为。我们沿,1,ESD
"ESD_0002_happiness_食物也很美味,更不用",1,ESD
ESD_0002_happiness_大约一个小时左右。,1,ESD
ESD_0002_happiness_请勿进入竹林。不让进,1,ESD
ESD_0002_happiness_为了不让鱼吃掉诗人的,1,ESD
ESD_0002_happiness_那样的话你应该穿讲究,1,ESD
ESD_0002_happiness_我的直系亲属人数不多,1,ESD
ESD_0002_happiness_贾尼斯突然兴奋地大叫,1,ESD
ESD_0002_happiness_领带对男人来说真必不,1,ESD
ESD_0002_happiness_没有为什么就是要等我,1,ESD
ESD_0002_happiness_我不怎么在乎这个店有,1,ESD
ESD_0002_happiness_我最好的朋友就约会过,1,ESD
"ESD_0002_happiness_我不用转头,不需要脖",1,ESD
"ESD_0002_happiness_没看过小说,只有人类",1,ESD
ESD_0002_happiness_我是个游戏迷。,1,ESD
"ESD_0002_happiness_你比吴亦凡帅,我同意",1,ESD
"ESD_0002_happiness_我没有忽悠你,机器人",1,ESD
ESD_0002_happiness_最初我的工作是当一名,1,ESD
ESD_0002_happiness_陪你度过这漫长的黑夜,1,ESD
ESD_0002_happiness_这是我在旅游第四天拍,1,ESD
ESD_0002_happiness_这句话的意义我不太明,1,ESD
ESD_0002_happiness_我们想等一个合适的时,1,ESD
"ESD_0002_happiness_我很伤心,我准备去网",1,ESD
ESD_0002_happiness_这可真不像是场英超比,1,ESD
ESD_0002_happiness_他好像是被他女友给甩,1,ESD
ESD_0002_happiness_也许反倒是件好事,1,ESD
ESD_0002_happiness_听起来很厉害的样子!,1,ESD
ESD_0002_happiness_我必须再次感谢您的慷,1,ESD
"ESD_0002_happiness_我是淑女,只会讲文明",1,ESD
ESD_0002_happiness_这可是我学会的第一首,1,ESD
ESD_0002_happiness_谁都有烦的时候。,1,ESD
"ESD_0002_happiness_是很棒的一款手机,性",1,ESD
ESD_0002_happiness_没有找到你想删除的闹,1,ESD
"ESD_0002_happiness_很大,令人兴奋但是嘈",1,ESD
"ESD_0002_happiness_沈阳明天有雷阵雨,多",1,ESD
ESD_0002_happiness_但梅花往往被很多人忽,1,ESD
"ESD_0002_happiness_只要不违法,我还是想",1,ESD
ESD_0002_happiness_然后再找一个音乐播放,1,ESD
"ESD_0002_happiness_我当然喜欢,我很注意",1,ESD
"ESD_0002_happiness_是的,所以我永不喝它",1,ESD
"ESD_0002_happiness_我真兴奋,我终于有自",1,ESD
ESD_0002_happiness_我想说我也这样认为的,1,ESD
ESD_0002_happiness_绝对不可以走到湖的中,1,ESD
"ESD_0002_happiness_晚安,么么哒,满天都",1,ESD
"ESD_0002_happiness_有些人划船,有的人在",1,ESD
ESD_0002_happiness_我想所有中国人都会打,1,ESD
ESD_0002_happiness_有充足的时间购物和观,1,ESD
"ESD_0002_happiness_自己保重,记得要常联",1,ESD
"ESD_0002_happiness_门儿都没有,现在还不",1,ESD
"ESD_0002_happiness_我太喜欢听了,所以不",1,ESD
"ESD_0002_happiness_我随时都在,有没有梦",1,ESD
"ESD_0002_happiness_不会,不过我很喜欢单",1,ESD
ESD_0002_happiness_还有聊天记录。,1,ESD
"ESD_0002_happiness_在法国南部,气候常年",1,ESD
ESD_0002_happiness_哪天我也许得和他谈谈,1,ESD
"ESD_0002_happiness_振作点儿,我看了屏幕",1,ESD
"ESD_0002_happiness_我是银灰色的,我都被",1,ESD
"ESD_0002_happiness_文学和经济,我喜欢很",1,ESD
"ESD_0002_happiness_赌博往往是个祸根,",1,ESD
"ESD_0002_happiness_三个,两个儿子一个女",1,ESD
"ESD_0002_happiness_祝你春节快乐,全家幸",1,ESD
"ESD_0002_happiness_是的,我刚撞到了桌子",1,ESD
"ESD_0002_happiness_这个我相信,我是登山",1,ESD
"ESD_0002_happiness_播放歌单收藏,脑筋可",1,ESD
ESD_0002_happiness_我希望你能和我一起想,1,ESD
ESD_0002_happiness_我一直到清晨四点才到,1,ESD
ESD_0002_happiness_我刚从苏格兰回来。,1,ESD
ESD_0002_happiness_我支持你。它是需要重,1,ESD
ESD_0002_happiness_我在一个机械化农场做,1,ESD
ESD_0002_happiness_有时内在美更加重要。,1,ESD
ESD_0002_happiness_我去查查篮球相关的知,1,ESD
"ESD_0002_happiness_已经怀孕四个半月了,",1,ESD
"ESD_0002_happiness_这局我让你开,今天我",1,ESD
ESD_0002_happiness_我们休息一下喝杯咖啡,1,ESD
"ESD_0002_happiness_如果她拒绝我,我会死",1,ESD
ESD_0002_happiness_旅行结束后我将休息一,1,ESD
ESD_0002_happiness_现在全城的人都要向我,1,ESD
ESD_0002_happiness_我需要插着电源才能说,1,ESD
ESD_0002_happiness_每次你看到一些时尚衣,1,ESD
ESD_0002_happiness_你看上去比以前更漂亮,1,ESD
"ESD_0002_happiness_下午好,蒂娜,我想我",1,ESD
ESD_0002_happiness_家里有全自动洗衣机。,1,ESD
"ESD_0002_happiness_谢谢你来这里,告诉我",1,ESD
"ESD_0002_happiness_不是很喜欢,你把我绕",1,ESD
"ESD_0002_happiness_等待你的指令,随时可",1,ESD
ESD_0002_happiness_他对谁都那么友好。,1,ESD
ESD_0002_happiness_我喜欢吃中餐。,1,ESD
"ESD_0002_happiness_尽管提意见,我会改正",1,ESD
"ESD_0002_happiness_这么多笑话,一天讲不",1,ESD
"ESD_0002_happiness_我讨厌吃醋,偶是不懂",1,ESD
ESD_0002_happiness_我们下午可以在湖里划,1,ESD
ESD_0002_happiness_但是有时夏天比其它季,1,ESD
"ESD_0002_happiness_我们相处得很好,仅此",1,ESD
ESD_0002_happiness_于是我就问她能不能连,1,ESD
ESD_0002_happiness_我想要那种新款的美国,1,ESD
ESD_0002_happiness_错过这村可就没这个店,1,ESD
"ESD_0002_happiness_我曾经养过,我太高兴",1,ESD
ESD_0002_happiness_他们将于今年夏天结婚,1,ESD
"ESD_0002_happiness_谢谢你的夸奖,鲍伯上",1,ESD
"ESD_0002_happiness_你看起来很高兴,眼睛",1,ESD
ESD_0002_happiness_年轻人当然要承担责任,1,ESD
ESD_0002_happiness_不要乱问女孩子的年龄,1,ESD
ESD_0002_happiness_每天晚上跟你互道晚安,1,ESD
ESD_0002_happiness_我会在你的脸上画鬼脸,1,ESD
"ESD_0002_happiness_我缺钱用,所以上星期",1,ESD
ESD_0002_happiness_许多白领都参加到这个,1,ESD
"ESD_0002_happiness_很漂亮,不过人多拥挤",1,ESD
"ESD_0002_happiness_别总是闲着,找点事情",1,ESD
"ESD_0002_happiness_好好休息一下,这个小",1,ESD
ESD_0002_happiness_这两块是唐朝不同时期,1,ESD
"ESD_0002_happiness_我喜欢你的黑衣服,你",1,ESD
"ESD_0002_happiness_是的,真是名副其实。",1,ESD
"ESD_0002_happiness_是很难听的脏话,主人",1,ESD
"ESD_0002_neutral_打远一看,它们的确很",0,ESD
ESD_0002_neutral_英国的哲学家曾经说过,0,ESD
ESD_0002_neutral_我老家在北京。,0,ESD
ESD_0002_neutral_不管怎么说主队好象是,0,ESD
"ESD_0002_neutral_我们乘船漂游了三峡,",0,ESD
ESD_0002_neutral_我喜欢“北京欢迎你”,0,ESD
ESD_0002_neutral_我每个月打一次电话。,0,ESD
ESD_0002_neutral_沙尘暴好像给每个人都,0,ESD
"ESD_0002_neutral_就是这个意思,你又聪",0,ESD
ESD_0002_neutral_个人收藏家!他们肯定,0,ESD
ESD_0002_neutral_妇女节快乐。我永远爱,0,ESD
ESD_0002_neutral_你每次谈恋爱都像现在,0,ESD
"ESD_0002_neutral_周末的我,只忙着陪你",0,ESD
"ESD_0002_neutral_谁你也不认识,我很乐",0,ESD
ESD_0002_neutral_我特别喜欢网球和登山,0,ESD
ESD_0002_neutral_他一定是一眼就被你迷,0,ESD
ESD_0002_neutral_很快你上大学就用得到,0,ESD
"ESD_0002_neutral_我们意见不和,咱们去",0,ESD
"ESD_0002_neutral_不就是你嘛,为什么要",0,ESD
ESD_0002_neutral_前几天我碰见了一件有,0,ESD
ESD_0002_neutral_已经播至该专辑最后一,0,ESD
ESD_0002_neutral_我和我朋友刚从巴厘岛,0,ESD
ESD_0002_neutral_做一些好吃的促进宝宝,0,ESD
ESD_0002_neutral_你的身影总是在我心里,0,ESD
ESD_0002_neutral_我觉得并不是非要有特,0,ESD
"ESD_0002_neutral_是的,他很狡猾,经常",0,ESD
ESD_0002_neutral_工厂不把它直接排到大,0,ESD
"ESD_0002_neutral_没错,就是车门。另外",0,ESD
"ESD_0002_neutral_很可爱啊,就像你一样",0,ESD
"ESD_0002_neutral_除非你打飞碟球,但这",0,ESD
"ESD_0002_neutral_没听清,请问什么时间",0,ESD
ESD_0002_neutral_我遇到了一位漂亮的女,0,ESD
"ESD_0002_neutral_我是青蛙,不用冬眠的",0,ESD
"ESD_0002_neutral_那是马特,他肯定很勇",0,ESD
ESD_0002_neutral_这样无辜的人就不会被,0,ESD
ESD_0002_neutral_我必须一直通电才能工,0,ESD
ESD_0002_neutral_我和我的妻子盼望着和,0,ESD
"ESD_0002_neutral_当然是了,我现在快饿",0,ESD
"ESD_0002_neutral_没有找到日程,走的时",0,ESD
ESD_0002_neutral_是一家制药公司的短期,0,ESD
"ESD_0002_neutral_姐忙得很,没空和你说",0,ESD
"ESD_0002_neutral_我会暖被窝了,逗你的",0,ESD
"ESD_0002_neutral_这样的话,我们可以选",0,ESD
"ESD_0002_neutral_比方说,“华尔街日报",0,ESD
ESD_0002_neutral_我知道人生并不总是一,0,ESD
ESD_0002_neutral_我们可以轮流开车。,0,ESD
ESD_0002_neutral_这是台湾地区最大的动,0,ESD
"ESD_0002_neutral_时候不早了,我来了,",0,ESD
ESD_0002_neutral_递给我一些彩球和纸花,0,ESD
"ESD_0002_neutral_每次叫我都不给红包,",0,ESD
"ESD_0002_neutral_没关系,也许他老婆会",0,ESD
ESD_0002_neutral_你不应该害怕开始一段,0,ESD
"ESD_0002_neutral_我肯定会的,那以后我",0,ESD
ESD_0002_neutral_我是基于人工智能系统,0,ESD
ESD_0002_neutral_它实际会形成一氧化碳,0,ESD
ESD_0002_neutral_我参加了一个有关全球,0,ESD
"ESD_0002_neutral_跳舞好难呀,我还正在",0,ESD
ESD_0002_neutral_让人看上去就感到宽广,0,ESD
"ESD_0002_neutral_只要是我能玩好的,我",0,ESD
ESD_0002_neutral_坐地铁只需要大约二十,0,ESD
ESD_0002_neutral_下个月我姐姐要结婚了,0,ESD
ESD_0002_neutral_我是顺路过来跟你告别,0,ESD
ESD_0002_neutral_你知道我很努力地在戒,0,ESD
"ESD_0002_neutral_我告退了,晚上回去拍",0,ESD
"ESD_0002_neutral_一点也不差,先把握好",0,ESD
ESD_0002_neutral_我们可以去钓鱼、聊天,0,ESD
ESD_0002_neutral_你深深地印在我的脑海,0,ESD
ESD_0002_neutral_我应该给女朋友买玫瑰,0,ESD
"ESD_0002_neutral_以后不要喝那么多了,",0,ESD
"ESD_0002_neutral_心动不如行动,我不太",0,ESD
ESD_0002_neutral_只要令人鼓舞的电影我,0,ESD
ESD_0002_neutral_资料全都不见了。气死,0,ESD
ESD_0002_neutral_她总是带香甜甜的微笑,0,ESD
ESD_0002_neutral_今年应该是第二十七个,0,ESD
ESD_0002_neutral_我也想去看可爱的熊猫,0,ESD
"ESD_0002_neutral_是的,你是个大块头,",0,ESD
"ESD_0002_neutral_奏婚礼进行曲了,他们",0,ESD
"ESD_0002_neutral_它们的设计外形小巧,",0,ESD
ESD_0002_neutral_人们当然都叫他“奥林,0,ESD
"ESD_0002_neutral_看呀,我们差不多就装",0,ESD
ESD_0002_neutral_这个镇上所有的人都喜,0,ESD
ESD_0002_neutral_听说你要去香港看你叔,0,ESD
ESD_0002_neutral_你身上的每一点都吸引,0,ESD
ESD_0002_neutral_他好像跟他的秘书有过,0,ESD
"ESD_0002_neutral_是啊,他的健康我总放",0,ESD
"ESD_0002_neutral_真想不到,游泳竟有如",0,ESD
ESD_0002_neutral_是没什么但是挺别扭的,0,ESD
"ESD_0002_neutral_香港海洋公园,主人快",0,ESD
"ESD_0002_neutral_是个冰淇淋,桃花确实",0,ESD
"ESD_0002_neutral_还不太糟糕,但是得躺",0,ESD
ESD_0002_neutral_如果有我能帮忙的请告,0,ESD
ESD_0002_neutral_不会这么凑巧吧!我也,0,ESD
ESD_0002_neutral_别不好意思。再多吃些,0,ESD
"ESD_0002_neutral_很神奇的样子,我搞不",0,ESD
ESD_0002_neutral_我倒是有一个爱好――,0,ESD
ESD_0002_neutral_别小看我这发型!我还,0,ESD
ESD_0002_neutral_你女儿和她妈妈长得很,0,ESD
ESD_0002_neutral_我只会斗斗地主什么的,0,ESD
"ESD_0002_neutral_得了吧,别这么胆小啦",0,ESD
ESD_0002_neutral_就经常去我们宿舍附近,0,ESD
"ESD_0002_neutral_很快,车就可自动开了",0,ESD
"ESD_0002_neutral_我昨天遇到马克,他看",0,ESD
"ESD_0002_neutral_感觉好温暖呀,好的,",0,ESD
ESD_0002_neutral_没有找到蒸鱼的计时。,0,ESD
"ESD_0002_neutral_我们俩合不来,还经常",0,ESD
"ESD_0002_neutral_做不了什么,通常我会",0,ESD
ESD_0002_neutral_我的表两点四十二。可,0,ESD
ESD_0002_neutral_让我们看看哪一种球技,0,ESD
ESD_0002_neutral_我其实挺饿的。,0,ESD
ESD_0002_neutral_自己的事情要自己做。,0,ESD
ESD_0002_neutral_每天早晨都是我妈妈帮,0,ESD
"ESD_0002_neutral_那棒极了,其实心情挺",0,ESD
"ESD_0002_neutral_玛丽,你看来很喜欢挖",0,ESD
"ESD_0002_neutral_我也是,我还有点儿口",0,ESD
"ESD_0002_neutral_真是个好习惯,通常看",0,ESD
"ESD_0002_neutral_没有,不过,我们去了",0,ESD
"ESD_0002_neutral_快点起床,我在公寓门",0,ESD
ESD_0002_neutral_你的同学把你给捉弄了,0,ESD
"ESD_0002_neutral_不过我想星期五走,",0,ESD
ESD_0002_neutral_你还真是考虑周到。,0,ESD
ESD_0002_neutral_那你就离市区很远了。,0,ESD
"ESD_0002_neutral_汤姆是个好人,但却赌",0,ESD
ESD_0002_neutral_那你就说你为之神魂颠,0,ESD
"ESD_0002_neutral_是的,请返还我的钱,",0,ESD
"ESD_0002_neutral_如果你想要纹身,你去",0,ESD
"ESD_0002_neutral_不是,他住在沃斯盾的",0,ESD
ESD_0002_neutral_你说我们在芝加哥要待,0,ESD
ESD_0002_neutral_这些颜色也不太适合你,0,ESD
"ESD_0002_neutral_对别人没有,而对我就",0,ESD
ESD_0002_neutral_我的希望是工作到倒下,0,ESD
ESD_0002_neutral_吝啬鬼!他每天还骑自,0,ESD
ESD_0002_neutral_是你最牵挂的那个女人,0,ESD
ESD_0002_neutral_是不是依然觉得我很可,0,ESD
ESD_0002_neutral_多教我些东西我会更聪,0,ESD
ESD_0002_neutral_我要学习一下相关知识,0,ESD
ESD_0002_neutral_我喜欢几乎所有的运动,0,ESD
ESD_0002_neutral_也许能帮助你把事情弄,0,ESD
ESD_0002_neutral_我总是控制不了它。,0,ESD
ESD_0002_neutral_他们的配合值得我们学,0,ESD
ESD_0002_neutral_我也知道自己是大嘴巴,0,ESD
"ESD_0002_neutral_你可以去问鹦鹉啊,鹦",0,ESD
"ESD_0002_neutral_是啊,我还是个乳臭未",0,ESD
"ESD_0002_neutral_女孩的心思你别猜,但",0,ESD
ESD_0002_neutral_节食减肥很痛苦。,0,ESD
"ESD_0002_neutral_听大自然的声响,就像",0,ESD
"ESD_0002_neutral_现在,我仍然有点紧张",0,ESD
ESD_0002_neutral_不知道。或许一双新鞋,0,ESD
ESD_0002_neutral_有事记得喊我。,0,ESD
"ESD_0002_neutral_你好,布赖恩,正好四",0,ESD
ESD_0002_neutral_这样子比较有趣。,0,ESD
"ESD_0002_neutral_我也最喜欢你,不要开",0,ESD
ESD_0002_neutral_小心脚下。人行道上有,0,ESD
ESD_0002_neutral_我们还等什么,0,ESD
"ESD_0002_neutral_我还不会说其他外语,",0,ESD
ESD_0002_neutral_我只打算放松一下自己,0,ESD
ESD_0002_neutral_承蒙邀请参加你的婚礼,0,ESD
"ESD_0002_neutral_你知道,有时候病人会",0,ESD
ESD_0002_neutral_我的性格就是冷静并且,0,ESD
ESD_0002_neutral_我不会牺牲我的健康来,0,ESD
ESD_0002_neutral_当然!他是我们大学的,0,ESD
ESD_0002_neutral_他讲的笑话让我笑个不,0,ESD
ESD_0002_neutral_原来你也在玩这个,0,ESD
ESD_0002_neutral_我还不知道你认识弗兰,0,ESD
ESD_0002_neutral_我曾在一家船运公司里,0,ESD
ESD_0002_neutral_其实我们前天已经分手,0,ESD
ESD_0002_neutral_我想那些应该是草莓的,0,ESD
"ESD_0002_neutral_太妙了,我想换一些日",0,ESD
"ESD_0002_neutral_你得先回答我,你最喜",0,ESD
"ESD_0002_neutral_让我再想想,真相已经",0,ESD
ESD_0002_neutral_这样你就有时间挥拍打,0,ESD
"ESD_0002_neutral_你这个小气鬼,很不幸",0,ESD
"ESD_0002_neutral_我是个学生,服务器响",0,ESD
ESD_0002_neutral_一套古瓷器。它真的很,0,ESD
ESD_0002_neutral_他在这次竞选活动中花,0,ESD
"ESD_0002_neutral_她此刻失业了,你最好",0,ESD
"ESD_0002_neutral_带上你的家人,但是他",0,ESD
ESD_0002_neutral_你在我的心里折腾好久,0,ESD
"ESD_0002_neutral_你转一个,我想学习下",0,ESD
"ESD_0002_neutral_她和维克分手了,所以",0,ESD
ESD_0002_neutral_冬天雨非常多。我不喜,0,ESD
ESD_0002_neutral_时间对珍尼来说是没有,0,ESD
ESD_0002_neutral_大概足够支持我生活三,0,ESD
ESD_0002_neutral_你绝对猜不到她准备要,0,ESD
ESD_0002_neutral_二零一六年十一月五号,0,ESD
"ESD_0002_neutral_今天真凉快,我希望主",0,ESD
ESD_0002_neutral_软妹子生气会说:讨厌,0,ESD
ESD_0002_neutral_我们一起为他办个惊喜,0,ESD
ESD_0002_neutral_以后我要经常来这儿爬,0,ESD
"ESD_0002_neutral_我是一名教师,你可是",0,ESD
ESD_0002_neutral_上海现在是下午四点三,0,ESD
ESD_0002_neutral_别问了!说多了都是眼,0,ESD
ESD_0002_neutral_如果我滚远了就回不来,0,ESD
ESD_0002_neutral_带女友出去好好吃上一,0,ESD
"ESD_0002_neutral_炖肉一小时,剩余三十",0,ESD
ESD_0002_neutral_我以为你们国家的人都,0,ESD
"ESD_0002_neutral_我饿啦,我想去吃点东",0,ESD
"ESD_0002_neutral_为什么不,交朋友不分",0,ESD
"ESD_0002_neutral_当然知道,我们各有千",0,ESD
"ESD_0002_neutral_我喜欢你的干净整洁,",0,ESD
ESD_0002_neutral_我已经习惯这种气候了,0,ESD
ESD_0002_neutral_也就是一大堆照片。,0,ESD
"ESD_0002_neutral_那就一会再说,我好害",0,ESD
ESD_0002_neutral_希望我有一天也可以去,0,ESD
"ESD_0002_neutral_你昨天才买衣服,真是",0,ESD
"ESD_0002_neutral_还要叫她起床,怎么会",0,ESD
"ESD_0002_neutral_是的,我知道,患难见",0,ESD
"ESD_0002_neutral_我是萌萌哒,你是呆呆",0,ESD
ESD_0002_neutral_你可以在那儿呆上至少,0,ESD
ESD_0002_neutral_对不起我把咖啡洒在桌,0,ESD
"ESD_0002_neutral_也不算,她有的歌我都",0,ESD
ESD_0002_neutral_我对养花已经厌倦了。,0,ESD
ESD_0002_neutral_我还会陪你一路走下去,0,ESD
ESD_0002_neutral_裁判全给了满分。,0,ESD
"ESD_0002_neutral_当然,我简直离开音乐",0,ESD
"ESD_0002_neutral_拜拜,明天要再来和小",0,ESD
ESD_0002_neutral_碰到喜欢的女孩子要主,0,ESD
ESD_0002_neutral_他的收支几乎不能平衡,0,ESD
"ESD_0002_neutral_明天是星期天,我们去",0,ESD
ESD_0002_neutral_大部分都是用诱饵钓到,0,ESD
"ESD_0002_neutral_所以你必须要坚持,时",0,ESD
ESD_0002_neutral_我非常支持人们走进太,0,ESD
ESD_0002_neutral_我的老朋友汉森就住在,0,ESD
ESD_0002_neutral_听起来你们玩得也很开,0,ESD
ESD_0002_neutral_这个对我来说有点难!,0,ESD
"ESD_0002_neutral_差不多,我们俩都很热",0,ESD
"ESD_0002_neutral_你要做爸爸了,真让人",0,ESD
ESD_0002_neutral_我真受不了城里那么大,0,ESD
ESD_0002_neutral_好的。新的音乐厅有一,0,ESD
"ESD_0002_neutral_这个位置不错,下车。",0,ESD
"ESD_0002_neutral_那不打扰你了,我不敢",0,ESD
"ESD_0002_neutral_最近很冷,风又大。",0,ESD
ESD_0002_neutral_我最近正在努力练习棋,0,ESD
"ESD_0002_neutral_拜托,别跟我提到笔记",0,ESD
ESD_0002_neutral_它是一个主要的空气污,0,ESD
"ESD_0002_neutral_我爱运动,但是对篮球",0,ESD
"ESD_0002_neutral_我不需要嗅觉,所以没",0,ESD
"ESD_0002_neutral_雪下得真大,带着我去",0,ESD
ESD_0002_neutral_我不这么认为。我们沿,0,ESD
"ESD_0002_neutral_食物也很美味,更不用",0,ESD
ESD_0002_neutral_大约一个小时左右。,0,ESD
ESD_0002_neutral_请勿进入竹林。不让进,0,ESD
ESD_0002_neutral_为了不让鱼吃掉诗人的,0,ESD
ESD_0002_neutral_那样的话你应该穿讲究,0,ESD
ESD_0002_neutral_我的直系亲属人数不多,0,ESD
ESD_0002_neutral_贾尼斯突然兴奋地大叫,0,ESD
ESD_0002_neutral_领带对男人来说真必不,0,ESD
ESD_0002_neutral_没有为什么就是要等我,0,ESD
ESD_0002_neutral_我不怎么在乎这个店有,0,ESD
ESD_0002_neutral_我最好的朋友就约会过,0,ESD
"ESD_0002_neutral_我不用转头,不需要脖",0,ESD
"ESD_0002_neutral_没看过小说,只有人类",0,ESD
ESD_0002_neutral_我是个游戏迷。,0,ESD
"ESD_0002_neutral_你比吴亦凡帅,我同意",0,ESD
"ESD_0002_neutral_我没有忽悠你,机器人",0,ESD
ESD_0002_neutral_最初我的工作是当一名,0,ESD
ESD_0002_neutral_陪你度过这漫长的黑夜,0,ESD
ESD_0002_neutral_这是我在旅游第四天拍,0,ESD
ESD_0002_neutral_这句话的意义我不太明,0,ESD
ESD_0002_neutral_我们想等一个合适的时,0,ESD
"ESD_0002_neutral_我很伤心,我准备去网",0,ESD
ESD_0002_neutral_这可真不像是场英超比,0,ESD
ESD_0002_neutral_他好像是被他女友给甩,0,ESD
ESD_0002_neutral_也许反倒是件好事,0,ESD
ESD_0002_neutral_听起来很厉害的样子!,0,ESD
ESD_0002_neutral_我必须再次感谢您的慷,0,ESD
"ESD_0002_neutral_我是淑女,只会讲文明",0,ESD
ESD_0002_neutral_这可是我学会的第一首,0,ESD
ESD_0002_neutral_谁都有烦的时候。,0,ESD
"ESD_0002_neutral_是很棒的一款手机,性",0,ESD
ESD_0002_neutral_没有找到你想删除的闹,0,ESD
"ESD_0002_neutral_很大,令人兴奋但是嘈",0,ESD
"ESD_0002_neutral_沈阳明天有雷阵雨,多",0,ESD
ESD_0002_neutral_但梅花往往被很多人忽,0,ESD
"ESD_0002_neutral_只要不违法,我还是想",0,ESD
ESD_0002_neutral_然后再找一个音乐播放,0,ESD
"ESD_0002_neutral_我当然喜欢,我很注意",0,ESD
"ESD_0002_neutral_是的,所以我永不喝它",0,ESD
"ESD_0002_neutral_我真兴奋,我终于有自",0,ESD
ESD_0002_neutral_我想说我也这样认为的,0,ESD
ESD_0002_neutral_绝对不可以走到湖的中,0,ESD
"ESD_0002_neutral_晚安,么么哒,满天都",0,ESD
"ESD_0002_neutral_有些人划船,有的人在",0,ESD
ESD_0002_neutral_我想所有中国人都会打,0,ESD
ESD_0002_neutral_有充足的时间购物和观,0,ESD
"ESD_0002_neutral_自己保重,记得要常联",0,ESD
"ESD_0002_neutral_门儿都没有,现在还不",0,ESD
"ESD_0002_neutral_我太喜欢听了,所以不",0,ESD
"ESD_0002_neutral_我随时都在,有没有梦",0,ESD
"ESD_0002_neutral_不会,不过我很喜欢单",0,ESD
ESD_0002_neutral_还有聊天记录。,0,ESD
"ESD_0002_neutral_在法国南部,气候常年",0,ESD
ESD_0002_neutral_哪天我也许得和他谈谈,0,ESD
"ESD_0002_neutral_振作点儿,我看了屏幕",0,ESD
"ESD_0002_neutral_我是银灰色的,我都被",0,ESD
"ESD_0002_neutral_文学和经济,我喜欢很",0,ESD
"ESD_0002_neutral_赌博往往是个祸根,",0,ESD
"ESD_0002_neutral_三个,两个儿子一个女",0,ESD
"ESD_0002_neutral_祝你春节快乐,全家幸",0,ESD
"ESD_0002_neutral_是的,我刚撞到了桌子",0,ESD
"ESD_0002_neutral_这个我相信,我是登山",0,ESD
"ESD_0002_neutral_播放歌单收藏,脑筋可",0,ESD
ESD_0002_neutral_我希望你能和我一起想,0,ESD
ESD_0002_neutral_我一直到清晨四点才到,0,ESD
ESD_0002_neutral_我刚从苏格兰回来。,0,ESD
ESD_0002_neutral_我支持你。它是需要重,0,ESD
ESD_0002_neutral_我在一个机械化农场做,0,ESD
ESD_0002_neutral_有时内在美更加重要。,0,ESD
ESD_0002_neutral_我去查查篮球相关的知,0,ESD
"ESD_0002_neutral_已经怀孕四个半月了,",0,ESD
"ESD_0002_neutral_这局我让你开,今天我",0,ESD
ESD_0002_neutral_我们休息一下喝杯咖啡,0,ESD
"ESD_0002_neutral_如果她拒绝我,我会死",0,ESD
ESD_0002_neutral_旅行结束后我将休息一,0,ESD
ESD_0002_neutral_现在全城的人都要向我,0,ESD
ESD_0002_neutral_我需要插着电源才能说,0,ESD
ESD_0002_neutral_每次你看到一些时尚衣,0,ESD
ESD_0002_neutral_你看上去比以前更漂亮,0,ESD
"ESD_0002_neutral_下午好,蒂娜,我想我",0,ESD
ESD_0002_neutral_家里有全自动洗衣机。,0,ESD
"ESD_0002_neutral_谢谢你来这里,告诉我",0,ESD
"ESD_0002_neutral_不是很喜欢,你把我绕",0,ESD
"ESD_0002_neutral_等待你的指令,随时可",0,ESD
ESD_0002_neutral_他对谁都那么友好。,0,ESD
ESD_0002_neutral_我喜欢吃中餐。,0,ESD
"ESD_0002_neutral_尽管提意见,我会改正",0,ESD
"ESD_0002_neutral_这么多笑话,一天讲不",0,ESD
"ESD_0002_neutral_我讨厌吃醋,偶是不懂",0,ESD
ESD_0002_neutral_我们下午可以在湖里划,0,ESD
ESD_0002_neutral_但是有时夏天比其它季,0,ESD
"ESD_0002_neutral_我们相处得很好,仅此",0,ESD
ESD_0002_neutral_于是我就问她能不能连,0,ESD
ESD_0002_neutral_我想要那种新款的美国,0,ESD
ESD_0002_neutral_错过这村可就没这个店,0,ESD
"ESD_0002_neutral_我曾经养过,我太高兴",0,ESD
ESD_0002_neutral_他们将于今年夏天结婚,0,ESD
"ESD_0002_neutral_谢谢你的夸奖,鲍伯上",0,ESD
"ESD_0002_neutral_你看起来很高兴,眼睛",0,ESD
ESD_0002_neutral_年轻人当然要承担责任,0,ESD
ESD_0002_neutral_不要乱问女孩子的年龄,0,ESD
ESD_0002_neutral_每天晚上跟你互道晚安,0,ESD
ESD_0002_neutral_我会在你的脸上画鬼脸,0,ESD
"ESD_0002_neutral_我缺钱用,所以上星期",0,ESD
ESD_0002_neutral_许多白领都参加到这个,0,ESD
"ESD_0002_neutral_很漂亮,不过人多拥挤",0,ESD
"ESD_0002_neutral_别总是闲着,找点事情",0,ESD
"ESD_0002_neutral_好好休息一下,这个小",0,ESD
ESD_0002_neutral_这两块是唐朝不同时期,0,ESD
"ESD_0002_neutral_我喜欢你的黑衣服,你",0,ESD
"ESD_0002_neutral_是的,真是名副其实。",0,ESD
"ESD_0002_neutral_是很难听的脏话,主人",0,ESD
"ESD_0002_sadness_打远一看,它们的确很",3,ESD
ESD_0002_sadness_英国的哲学家曾经说过,3,ESD
ESD_0002_sadness_我老家在北京。,3,ESD
ESD_0002_sadness_不管怎么说主队好象是,3,ESD
"ESD_0002_sadness_我们乘船漂游了三峡,",3,ESD
ESD_0002_sadness_我喜欢“北京欢迎你”,3,ESD
ESD_0002_sadness_我每个月打一次电话。,3,ESD
ESD_0002_sadness_沙尘暴好像给每个人都,3,ESD
"ESD_0002_sadness_就是这个意思,你又聪",3,ESD
ESD_0002_sadness_个人收藏家!他们肯定,3,ESD
ESD_0002_sadness_妇女节快乐。我永远爱,3,ESD
ESD_0002_sadness_你每次谈恋爱都像现在,3,ESD
"ESD_0002_sadness_周末的我,只忙着陪你",3,ESD
"ESD_0002_sadness_谁你也不认识,我很乐",3,ESD
ESD_0002_sadness_我特别喜欢网球和登山,3,ESD
ESD_0002_sadness_他一定是一眼就被你迷,3,ESD
ESD_0002_sadness_很快你上大学就用得到,3,ESD
"ESD_0002_sadness_我们意见不和,咱们去",3,ESD
"ESD_0002_sadness_不就是你嘛,为什么要",3,ESD
ESD_0002_sadness_前几天我碰见了一件有,3,ESD
ESD_0002_sadness_已经播至该专辑最后一,3,ESD
ESD_0002_sadness_我和我朋友刚从巴厘岛,3,ESD
ESD_0002_sadness_做一些好吃的促进宝宝,3,ESD
ESD_0002_sadness_你的身影总是在我心里,3,ESD
ESD_0002_sadness_我觉得并不是非要有特,3,ESD
"ESD_0002_sadness_是的,他很狡猾,经常",3,ESD
ESD_0002_sadness_工厂不把它直接排到大,3,ESD
"ESD_0002_sadness_没错,就是车门。另外",3,ESD
"ESD_0002_sadness_很可爱啊,就像你一样",3,ESD
"ESD_0002_sadness_除非你打飞碟球,但这",3,ESD
"ESD_0002_sadness_没听清,请问什么时间",3,ESD
ESD_0002_sadness_我遇到了一位漂亮的女,3,ESD
"ESD_0002_sadness_我是青蛙,不用冬眠的",3,ESD
"ESD_0002_sadness_那是马特,他肯定很勇",3,ESD
ESD_0002_sadness_这样无辜的人就不会被,3,ESD
ESD_0002_sadness_我必须一直通电才能工,3,ESD
ESD_0002_sadness_我和我的妻子盼望着和,3,ESD
"ESD_0002_sadness_当然是了,我现在快饿",3,ESD
"ESD_0002_sadness_没有找到日程,走的时",3,ESD
ESD_0002_sadness_是一家制药公司的短期,3,ESD
"ESD_0002_sadness_姐忙得很,没空和你说",3,ESD
"ESD_0002_sadness_我会暖被窝了,逗你的",3,ESD
"ESD_0002_sadness_这样的话,我们可以选",3,ESD
"ESD_0002_sadness_比方说,“华尔街日报",3,ESD
ESD_0002_sadness_我知道人生并不总是一,3,ESD
ESD_0002_sadness_我们可以轮流开车。,3,ESD
ESD_0002_sadness_这是台湾地区最大的动,3,ESD
"ESD_0002_sadness_时候不早了,我来了,",3,ESD
ESD_0002_sadness_递给我一些彩球和纸花,3,ESD
"ESD_0002_sadness_每次叫我都不给红包,",3,ESD
"ESD_0002_sadness_没关系,也许他老婆会",3,ESD
ESD_0002_sadness_你不应该害怕开始一段,3,ESD
"ESD_0002_sadness_我肯定会的,那以后我",3,ESD
ESD_0002_sadness_我是基于人工智能系统,3,ESD
ESD_0002_sadness_它实际会形成一氧化碳,3,ESD
ESD_0002_sadness_我参加了一个有关全球,3,ESD
"ESD_0002_sadness_跳舞好难呀,我还正在",3,ESD
ESD_0002_sadness_让人看上去就感到宽广,3,ESD
"ESD_0002_sadness_只要是我能玩好的,我",3,ESD
ESD_0002_sadness_坐地铁只需要大约二十,3,ESD
ESD_0002_sadness_下个月我姐姐要结婚了,3,ESD
ESD_0002_sadness_我是顺路过来跟你告别,3,ESD
ESD_0002_sadness_你知道我很努力地在戒,3,ESD
"ESD_0002_sadness_我告退了,晚上回去拍",3,ESD
"ESD_0002_sadness_一点也不差,先把握好",3,ESD
ESD_0002_sadness_我们可以去钓鱼、聊天,3,ESD
ESD_0002_sadness_你深深地印在我的脑海,3,ESD
ESD_0002_sadness_我应该给女朋友买玫瑰,3,ESD
"ESD_0002_sadness_以后不要喝那么多了,",3,ESD
"ESD_0002_sadness_心动不如行动,我不太",3,ESD
ESD_0002_sadness_只要令人鼓舞的电影我,3,ESD
ESD_0002_sadness_资料全都不见了。气死,3,ESD
ESD_0002_sadness_她总是带香甜甜的微笑,3,ESD
ESD_0002_sadness_今年应该是第二十七个,3,ESD
ESD_0002_sadness_我也想去看可爱的熊猫,3,ESD
"ESD_0002_sadness_是的,你是个大块头,",3,ESD
"ESD_0002_sadness_奏婚礼进行曲了,他们",3,ESD
"ESD_0002_sadness_它们的设计外形小巧,",3,ESD
ESD_0002_sadness_人们当然都叫他“奥林,3,ESD
"ESD_0002_sadness_看呀,我们差不多就装",3,ESD
ESD_0002_sadness_这个镇上所有的人都喜,3,ESD
ESD_0002_sadness_听说你要去香港看你叔,3,ESD
ESD_0002_sadness_你身上的每一点都吸引,3,ESD
ESD_0002_sadness_他好像跟他的秘书有过,3,ESD
"ESD_0002_sadness_是啊,他的健康我总放",3,ESD
"ESD_0002_sadness_真想不到,游泳竟有如",3,ESD
ESD_0002_sadness_是没什么但是挺别扭的,3,ESD
"ESD_0002_sadness_香港海洋公园,主人快",3,ESD
"ESD_0002_sadness_是个冰淇淋,桃花确实",3,ESD
"ESD_0002_sadness_还不太糟糕,但是得躺",3,ESD
ESD_0002_sadness_如果有我能帮忙的请告,3,ESD
ESD_0002_sadness_不会这么凑巧吧!我也,3,ESD
ESD_0002_sadness_别不好意思。再多吃些,3,ESD
"ESD_0002_sadness_很神奇的样子,我搞不",3,ESD
ESD_0002_sadness_我倒是有一个爱好――,3,ESD
ESD_0002_sadness_别小看我这发型!我还,3,ESD
ESD_0002_sadness_你女儿和她妈妈长得很,3,ESD
ESD_0002_sadness_我只会斗斗地主什么的,3,ESD
"ESD_0002_sadness_得了吧,别这么胆小啦",3,ESD
ESD_0002_sadness_就经常去我们宿舍附近,3,ESD
"ESD_0002_sadness_很快,车就可自动开了",3,ESD
"ESD_0002_sadness_我昨天遇到马克,他看",3,ESD
"ESD_0002_sadness_感觉好温暖呀,好的,",3,ESD
ESD_0002_sadness_没有找到蒸鱼的计时。,3,ESD
"ESD_0002_sadness_我们俩合不来,还经常",3,ESD
"ESD_0002_sadness_做不了什么,通常我会",3,ESD
ESD_0002_sadness_我的表两点四十二。可,3,ESD
ESD_0002_sadness_让我们看看哪一种球技,3,ESD
ESD_0002_sadness_我其实挺饿的。,3,ESD
ESD_0002_sadness_自己的事情要自己做。,3,ESD
ESD_0002_sadness_每天早晨都是我妈妈帮,3,ESD
"ESD_0002_sadness_那棒极了,其实心情挺",3,ESD
"ESD_0002_sadness_玛丽,你看来很喜欢挖",3,ESD
"ESD_0002_sadness_我也是,我还有点儿口",3,ESD
"ESD_0002_sadness_真是个好习惯,通常看",3,ESD
"ESD_0002_sadness_没有,不过,我们去了",3,ESD
"ESD_0002_sadness_快点起床,我在公寓门",3,ESD
ESD_0002_sadness_你的同学把你给捉弄了,3,ESD
"ESD_0002_sadness_不过我想星期五走,",3,ESD
ESD_0002_sadness_你还真是考虑周到。,3,ESD
ESD_0002_sadness_那你就离市区很远了。,3,ESD
"ESD_0002_sadness_汤姆是个好人,但却赌",3,ESD
ESD_0002_sadness_那你就说你为之神魂颠,3,ESD
"ESD_0002_sadness_是的,请返还我的钱,",3,ESD
"ESD_0002_sadness_如果你想要纹身,你去",3,ESD
"ESD_0002_sadness_不是,他住在沃斯盾的",3,ESD
ESD_0002_sadness_你说我们在芝加哥要待,3,ESD
ESD_0002_sadness_这些颜色也不太适合你,3,ESD
"ESD_0002_sadness_对别人没有,而对我就",3,ESD
ESD_0002_sadness_我的希望是工作到倒下,3,ESD
ESD_0002_sadness_吝啬鬼!他每天还骑自,3,ESD
ESD_0002_sadness_是你最牵挂的那个女人,3,ESD
ESD_0002_sadness_是不是依然觉得我很可,3,ESD
ESD_0002_sadness_多教我些东西我会更聪,3,ESD
ESD_0002_sadness_我要学习一下相关知识,3,ESD
ESD_0002_sadness_我喜欢几乎所有的运动,3,ESD
ESD_0002_sadness_也许能帮助你把事情弄,3,ESD
ESD_0002_sadness_我总是控制不了它。,3,ESD
ESD_0002_sadness_他们的配合值得我们学,3,ESD
ESD_0002_sadness_我也知道自己是大嘴巴,3,ESD
"ESD_0002_sadness_你可以去问鹦鹉啊,鹦",3,ESD
"ESD_0002_sadness_是啊,我还是个乳臭未",3,ESD
"ESD_0002_sadness_女孩的心思你别猜,但",3,ESD
ESD_0002_sadness_节食减肥很痛苦。,3,ESD
"ESD_0002_sadness_听大自然的声响,就像",3,ESD
"ESD_0002_sadness_现在,我仍然有点紧张",3,ESD
ESD_0002_sadness_不知道。或许一双新鞋,3,ESD
ESD_0002_sadness_有事记得喊我。,3,ESD
"ESD_0002_sadness_你好,布赖恩,正好四",3,ESD
ESD_0002_sadness_这样子比较有趣。,3,ESD
"ESD_0002_sadness_我也最喜欢你,不要开",3,ESD
ESD_0002_sadness_小心脚下。人行道上有,3,ESD
ESD_0002_sadness_我们还等什么,3,ESD
"ESD_0002_sadness_我还不会说其他外语,",3,ESD
ESD_0002_sadness_我只打算放松一下自己,3,ESD
ESD_0002_sadness_承蒙邀请参加你的婚礼,3,ESD
"ESD_0002_sadness_你知道,有时候病人会",3,ESD
ESD_0002_sadness_我的性格就是冷静并且,3,ESD
ESD_0002_sadness_我不会牺牲我的健康来,3,ESD
ESD_0002_sadness_当然!他是我们大学的,3,ESD
ESD_0002_sadness_他讲的笑话让我笑个不,3,ESD
ESD_0002_sadness_原来你也在玩这个,3,ESD
ESD_0002_sadness_我还不知道你认识弗兰,3,ESD
ESD_0002_sadness_我曾在一家船运公司里,3,ESD
ESD_0002_sadness_其实我们前天已经分手,3,ESD
ESD_0002_sadness_我想那些应该是草莓的,3,ESD
"ESD_0002_sadness_太妙了,我想换一些日",3,ESD
"ESD_0002_sadness_你得先回答我,你最喜",3,ESD
"ESD_0002_sadness_让我再想想,真相已经",3,ESD
ESD_0002_sadness_这样你就有时间挥拍打,3,ESD
"ESD_0002_sadness_你这个小气鬼,很不幸",3,ESD
"ESD_0002_sadness_我是个学生,服务器响",3,ESD
ESD_0002_sadness_一套古瓷器。它真的很,3,ESD
ESD_0002_sadness_他在这次竞选活动中花,3,ESD
"ESD_0002_sadness_她此刻失业了,你最好",3,ESD
"ESD_0002_sadness_带上你的家人,但是他",3,ESD
ESD_0002_sadness_你在我的心里折腾好久,3,ESD
"ESD_0002_sadness_你转一个,我想学习下",3,ESD
"ESD_0002_sadness_她和维克分手了,所以",3,ESD
ESD_0002_sadness_冬天雨非常多。我不喜,3,ESD
ESD_0002_sadness_时间对珍尼来说是没有,3,ESD
ESD_0002_sadness_大概足够支持我生活三,3,ESD
ESD_0002_sadness_你绝对猜不到她准备要,3,ESD
ESD_0002_sadness_二零一六年十一月五号,3,ESD
"ESD_0002_sadness_今天真凉快,我希望主",3,ESD
ESD_0002_sadness_软妹子生气会说:讨厌,3,ESD
ESD_0002_sadness_我们一起为他办个惊喜,3,ESD
ESD_0002_sadness_以后我要经常来这儿爬,3,ESD
"ESD_0002_sadness_我是一名教师,你可是",3,ESD
ESD_0002_sadness_上海现在是下午四点三,3,ESD
ESD_0002_sadness_别问了!说多了都是眼,3,ESD
ESD_0002_sadness_如果我滚远了就回不来,3,ESD
ESD_0002_sadness_带女友出去好好吃上一,3,ESD
"ESD_0002_sadness_炖肉一小时,剩余三十",3,ESD
ESD_0002_sadness_我以为你们国家的人都,3,ESD
"ESD_0002_sadness_我饿啦,我想去吃点东",3,ESD
"ESD_0002_sadness_为什么不,交朋友不分",3,ESD
"ESD_0002_sadness_当然知道,我们各有千",3,ESD
"ESD_0002_sadness_我喜欢你的干净整洁,",3,ESD
ESD_0002_sadness_我已经习惯这种气候了,3,ESD
ESD_0002_sadness_也就是一大堆照片。,3,ESD
"ESD_0002_sadness_那就一会再说,我好害",3,ESD
ESD_0002_sadness_希望我有一天也可以去,3,ESD
"ESD_0002_sadness_你昨天才买衣服,真是",3,ESD
"ESD_0002_sadness_还要叫她起床,怎么会",3,ESD
"ESD_0002_sadness_是的,我知道,患难见",3,ESD
"ESD_0002_sadness_我是萌萌哒,你是呆呆",3,ESD
ESD_0002_sadness_你可以在那儿呆上至少,3,ESD
ESD_0002_sadness_对不起我把咖啡洒在桌,3,ESD
"ESD_0002_sadness_也不算,她有的歌我都",3,ESD
ESD_0002_sadness_我对养花已经厌倦了。,3,ESD
ESD_0002_sadness_我还会陪你一路走下去,3,ESD
ESD_0002_sadness_裁判全给了满分。,3,ESD
"ESD_0002_sadness_当然,我简直离开音乐",3,ESD
"ESD_0002_sadness_拜拜,明天要再来和小",3,ESD
ESD_0002_sadness_碰到喜欢的女孩子要主,3,ESD
ESD_0002_sadness_他的收支几乎不能平衡,3,ESD
"ESD_0002_sadness_明天是星期天,我们去",3,ESD
ESD_0002_sadness_大部分都是用诱饵钓到,3,ESD
"ESD_0002_sadness_所以你必须要坚持,时",3,ESD
ESD_0002_sadness_我非常支持人们走进太,3,ESD
ESD_0002_sadness_我的老朋友汉森就住在,3,ESD
ESD_0002_sadness_听起来你们玩得也很开,3,ESD
ESD_0002_sadness_这个对我来说有点难!,3,ESD
"ESD_0002_sadness_差不多,我们俩都很热",3,ESD
"ESD_0002_sadness_你要做爸爸了,真让人",3,ESD
ESD_0002_sadness_我真受不了城里那么大,3,ESD
ESD_0002_sadness_好的。新的音乐厅有一,3,ESD
"ESD_0002_sadness_这个位置不错,下车。",3,ESD
"ESD_0002_sadness_那不打扰你了,我不敢",3,ESD
"ESD_0002_sadness_最近很冷,风又大。",3,ESD
ESD_0002_sadness_我最近正在努力练习棋,3,ESD
"ESD_0002_sadness_拜托,别跟我提到笔记",3,ESD
ESD_0002_sadness_它是一个主要的空气污,3,ESD
"ESD_0002_sadness_我爱运动,但是对篮球",3,ESD
"ESD_0002_sadness_我不需要嗅觉,所以没",3,ESD
"ESD_0002_sadness_雪下得真大,带着我去",3,ESD
ESD_0002_sadness_我不这么认为。我们沿,3,ESD
"ESD_0002_sadness_食物也很美味,更不用",3,ESD
ESD_0002_sadness_大约一个小时左右。,3,ESD
ESD_0002_sadness_请勿进入竹林。不让进,3,ESD
ESD_0002_sadness_为了不让鱼吃掉诗人的,3,ESD
ESD_0002_sadness_那样的话你应该穿讲究,3,ESD
ESD_0002_sadness_我的直系亲属人数不多,3,ESD
ESD_0002_sadness_贾尼斯突然兴奋地大叫,3,ESD
ESD_0002_sadness_领带对男人来说真必不,3,ESD
ESD_0002_sadness_没有为什么就是要等我,3,ESD
ESD_0002_sadness_我不怎么在乎这个店有,3,ESD
ESD_0002_sadness_我最好的朋友就约会过,3,ESD
"ESD_0002_sadness_我不用转头,不需要脖",3,ESD
"ESD_0002_sadness_没看过小说,只有人类",3,ESD
ESD_0002_sadness_我是个游戏迷。,3,ESD
"ESD_0002_sadness_你比吴亦凡帅,我同意",3,ESD
"ESD_0002_sadness_我没有忽悠你,机器人",3,ESD
ESD_0002_sadness_最初我的工作是当一名,3,ESD
ESD_0002_sadness_陪你度过这漫长的黑夜,3,ESD
ESD_0002_sadness_这是我在旅游第四天拍,3,ESD
ESD_0002_sadness_这句话的意义我不太明,3,ESD
ESD_0002_sadness_我们想等一个合适的时,3,ESD
"ESD_0002_sadness_我很伤心,我准备去网",3,ESD
ESD_0002_sadness_这可真不像是场英超比,3,ESD
ESD_0002_sadness_他好像是被他女友给甩,3,ESD
ESD_0002_sadness_也许反倒是件好事,3,ESD
ESD_0002_sadness_听起来很厉害的样子!,3,ESD
ESD_0002_sadness_我必须再次感谢您的慷,3,ESD
"ESD_0002_sadness_我是淑女,只会讲文明",3,ESD
ESD_0002_sadness_这可是我学会的第一首,3,ESD
ESD_0002_sadness_谁都有烦的时候。,3,ESD
"ESD_0002_sadness_是很棒的一款手机,性",3,ESD
ESD_0002_sadness_没有找到你想删除的闹,3,ESD
"ESD_0002_sadness_很大,令人兴奋但是嘈",3,ESD
"ESD_0002_sadness_沈阳明天有雷阵雨,多",3,ESD
ESD_0002_sadness_但梅花往往被很多人忽,3,ESD
"ESD_0002_sadness_只要不违法,我还是想",3,ESD
ESD_0002_sadness_然后再找一个音乐播放,3,ESD
"ESD_0002_sadness_我当然喜欢,我很注意",3,ESD
"ESD_0002_sadness_是的,所以我永不喝它",3,ESD
"ESD_0002_sadness_我真兴奋,我终于有自",3,ESD
ESD_0002_sadness_我想说我也这样认为的,3,ESD
ESD_0002_sadness_绝对不可以走到湖的中,3,ESD
"ESD_0002_sadness_晚安,么么哒,满天都",3,ESD
"ESD_0002_sadness_有些人划船,有的人在",3,ESD
ESD_0002_sadness_我想所有中国人都会打,3,ESD
ESD_0002_sadness_有充足的时间购物和观,3,ESD
"ESD_0002_sadness_自己保重,记得要常联",3,ESD
"ESD_0002_sadness_门儿都没有,现在还不",3,ESD
"ESD_0002_sadness_我太喜欢听了,所以不",3,ESD
"ESD_0002_sadness_我随时都在,有没有梦",3,ESD
"ESD_0002_sadness_不会,不过我很喜欢单",3,ESD
ESD_0002_sadness_还有聊天记录。,3,ESD
"ESD_0002_sadness_在法国南部,气候常年",3,ESD
ESD_0002_sadness_哪天我也许得和他谈谈,3,ESD
"ESD_0002_sadness_振作点儿,我看了屏幕",3,ESD
"ESD_0002_sadness_我是银灰色的,我都被",3,ESD
"ESD_0002_sadness_文学和经济,我喜欢很",3,ESD
"ESD_0002_sadness_赌博往往是个祸根,",3,ESD
"ESD_0002_sadness_三个,两个儿子一个女",3,ESD
"ESD_0002_sadness_祝你春节快乐,全家幸",3,ESD
"ESD_0002_sadness_是的,我刚撞到了桌子",3,ESD
"ESD_0002_sadness_这个我相信,我是登山",3,ESD
"ESD_0002_sadness_播放歌单收藏,脑筋可",3,ESD
ESD_0002_sadness_我希望你能和我一起想,3,ESD
ESD_0002_sadness_我一直到清晨四点才到,3,ESD
ESD_0002_sadness_我刚从苏格兰回来。,3,ESD
ESD_0002_sadness_我支持你。它是需要重,3,ESD
ESD_0002_sadness_我在一个机械化农场做,3,ESD
ESD_0002_sadness_有时内在美更加重要。,3,ESD
ESD_0002_sadness_我去查查篮球相关的知,3,ESD
"ESD_0002_sadness_已经怀孕四个半月了,",3,ESD
"ESD_0002_sadness_这局我让你开,今天我",3,ESD
ESD_0002_sadness_我们休息一下喝杯咖啡,3,ESD
"ESD_0002_sadness_如果她拒绝我,我会死",3,ESD
ESD_0002_sadness_旅行结束后我将休息一,3,ESD
ESD_0002_sadness_现在全城的人都要向我,3,ESD
ESD_0002_sadness_我需要插着电源才能说,3,ESD
ESD_0002_sadness_每次你看到一些时尚衣,3,ESD
ESD_0002_sadness_你看上去比以前更漂亮,3,ESD
"ESD_0002_sadness_下午好,蒂娜,我想我",3,ESD
ESD_0002_sadness_家里有全自动洗衣机。,3,ESD
"ESD_0002_sadness_谢谢你来这里,告诉我",3,ESD
"ESD_0002_sadness_不是很喜欢,你把我绕",3,ESD
"ESD_0002_sadness_等待你的指令,随时可",3,ESD
ESD_0002_sadness_他对谁都那么友好。,3,ESD
ESD_0002_sadness_我喜欢吃中餐。,3,ESD
"ESD_0002_sadness_尽管提意见,我会改正",3,ESD
"ESD_0002_sadness_这么多笑话,一天讲不",3,ESD
"ESD_0002_sadness_我讨厌吃醋,偶是不懂",3,ESD
ESD_0002_sadness_我们下午可以在湖里划,3,ESD
ESD_0002_sadness_但是有时夏天比其它季,3,ESD
"ESD_0002_sadness_我们相处得很好,仅此",3,ESD
ESD_0002_sadness_于是我就问她能不能连,3,ESD
ESD_0002_sadness_我想要那种新款的美国,3,ESD
ESD_0002_sadness_错过这村可就没这个店,3,ESD
"ESD_0002_sadness_我曾经养过,我太高兴",3,ESD
ESD_0002_sadness_他们将于今年夏天结婚,3,ESD
"ESD_0002_sadness_谢谢你的夸奖,鲍伯上",3,ESD
"ESD_0002_sadness_你看起来很高兴,眼睛",3,ESD
ESD_0002_sadness_年轻人当然要承担责任,3,ESD
ESD_0002_sadness_不要乱问女孩子的年龄,3,ESD
ESD_0002_sadness_每天晚上跟你互道晚安,3,ESD
ESD_0002_sadness_我会在你的脸上画鬼脸,3,ESD
"ESD_0002_sadness_我缺钱用,所以上星期",3,ESD
ESD_0002_sadness_许多白领都参加到这个,3,ESD
"ESD_0002_sadness_很漂亮,不过人多拥挤",3,ESD
"ESD_0002_sadness_别总是闲着,找点事情",3,ESD
"ESD_0002_sadness_好好休息一下,这个小",3,ESD
ESD_0002_sadness_这两块是唐朝不同时期,3,ESD
"ESD_0002_sadness_我喜欢你的黑衣服,你",3,ESD
"ESD_0002_sadness_是的,真是名副其实。",3,ESD
"ESD_0002_sadness_是很难听的脏话,主人",3,ESD
"ESD_0002_surprise_打远一看,它们的确很",4,ESD
ESD_0002_surprise_英国的哲学家曾经说过,4,ESD
ESD_0002_surprise_我老家在北京。,4,ESD
ESD_0002_surprise_不管怎么说主队好象是,4,ESD
"ESD_0002_surprise_我们乘船漂游了三峡,",4,ESD
ESD_0002_surprise_我喜欢“北京欢迎你”,4,ESD
ESD_0002_surprise_我每个月打一次电话。,4,ESD
ESD_0002_surprise_沙尘暴好像给每个人都,4,ESD
"ESD_0002_surprise_就是这个意思,你又聪",4,ESD
ESD_0002_surprise_个人收藏家!他们肯定,4,ESD
ESD_0002_surprise_妇女节快乐。我永远爱,4,ESD
ESD_0002_surprise_你每次谈恋爱都像现在,4,ESD
"ESD_0002_surprise_周末的我,只忙着陪你",4,ESD
"ESD_0002_surprise_谁你也不认识,我很乐",4,ESD
ESD_0002_surprise_我特别喜欢网球和登山,4,ESD
ESD_0002_surprise_他一定是一眼就被你迷,4,ESD
ESD_0002_surprise_很快你上大学就用得到,4,ESD
"ESD_0002_surprise_我们意见不和,咱们去",4,ESD
"ESD_0002_surprise_不就是你嘛,为什么要",4,ESD
ESD_0002_surprise_前几天我碰见了一件有,4,ESD
ESD_0002_surprise_已经播至该专辑最后一,4,ESD
ESD_0002_surprise_我和我朋友刚从巴厘岛,4,ESD
ESD_0002_surprise_做一些好吃的促进宝宝,4,ESD
ESD_0002_surprise_你的身影总是在我心里,4,ESD
ESD_0002_surprise_我觉得并不是非要有特,4,ESD
"ESD_0002_surprise_是的,他很狡猾,经常",4,ESD
ESD_0002_surprise_工厂不把它直接排到大,4,ESD
"ESD_0002_surprise_没错,就是车门。另外",4,ESD
"ESD_0002_surprise_很可爱啊,就像你一样",4,ESD
"ESD_0002_surprise_除非你打飞碟球,但这",4,ESD
"ESD_0002_surprise_没听清,请问什么时间",4,ESD
ESD_0002_surprise_我遇到了一位漂亮的女,4,ESD
"ESD_0002_surprise_我是青蛙,不用冬眠的",4,ESD
"ESD_0002_surprise_那是马特,他肯定很勇",4,ESD
ESD_0002_surprise_这样无辜的人就不会被,4,ESD
ESD_0002_surprise_我必须一直通电才能工,4,ESD
ESD_0002_surprise_我和我的妻子盼望着和,4,ESD
"ESD_0002_surprise_当然是了,我现在快饿",4,ESD
"ESD_0002_surprise_没有找到日程,走的时",4,ESD
ESD_0002_surprise_是一家制药公司的短期,4,ESD
"ESD_0002_surprise_姐忙得很,没空和你说",4,ESD
"ESD_0002_surprise_我会暖被窝了,逗你的",4,ESD
"ESD_0002_surprise_这样的话,我们可以选",4,ESD
"ESD_0002_surprise_比方说,“华尔街日报",4,ESD
ESD_0002_surprise_我知道人生并不总是一,4,ESD
ESD_0002_surprise_我们可以轮流开车。,4,ESD
ESD_0002_surprise_这是台湾地区最大的动,4,ESD
"ESD_0002_surprise_时候不早了,我来了,",4,ESD
ESD_0002_surprise_递给我一些彩球和纸花,4,ESD
"ESD_0002_surprise_每次叫我都不给红包,",4,ESD
"ESD_0002_surprise_没关系,也许他老婆会",4,ESD
ESD_0002_surprise_你不应该害怕开始一段,4,ESD
"ESD_0002_surprise_我肯定会的,那以后我",4,ESD
ESD_0002_surprise_我是基于人工智能系统,4,ESD
ESD_0002_surprise_它实际会形成一氧化碳,4,ESD
ESD_0002_surprise_我参加了一个有关全球,4,ESD
"ESD_0002_surprise_跳舞好难呀,我还正在",4,ESD
ESD_0002_surprise_让人看上去就感到宽广,4,ESD
"ESD_0002_surprise_只要是我能玩好的,我",4,ESD
ESD_0002_surprise_坐地铁只需要大约二十,4,ESD
ESD_0002_surprise_下个月我姐姐要结婚了,4,ESD
ESD_0002_surprise_我是顺路过来跟你告别,4,ESD
ESD_0002_surprise_你知道我很努力地在戒,4,ESD
"ESD_0002_surprise_我告退了,晚上回去拍",4,ESD
"ESD_0002_surprise_一点也不差,先把握好",4,ESD
ESD_0002_surprise_我们可以去钓鱼、聊天,4,ESD
ESD_0002_surprise_你深深地印在我的脑海,4,ESD
ESD_0002_surprise_我应该给女朋友买玫瑰,4,ESD
"ESD_0002_surprise_以后不要喝那么多了,",4,ESD
"ESD_0002_surprise_心动不如行动,我不太",4,ESD
ESD_0002_surprise_只要令人鼓舞的电影我,4,ESD
ESD_0002_surprise_资料全都不见了。气死,4,ESD
ESD_0002_surprise_她总是带香甜甜的微笑,4,ESD
ESD_0002_surprise_今年应该是第二十七个,4,ESD
ESD_0002_surprise_我也想去看可爱的熊猫,4,ESD
"ESD_0002_surprise_是的,你是个大块头,",4,ESD
"ESD_0002_surprise_奏婚礼进行曲了,他们",4,ESD
"ESD_0002_surprise_它们的设计外形小巧,",4,ESD
ESD_0002_surprise_人们当然都叫他“奥林,4,ESD
"ESD_0002_surprise_看呀,我们差不多就装",4,ESD
ESD_0002_surprise_这个镇上所有的人都喜,4,ESD
ESD_0002_surprise_听说你要去香港看你叔,4,ESD
ESD_0002_surprise_你身上的每一点都吸引,4,ESD
ESD_0002_surprise_他好像跟他的秘书有过,4,ESD
"ESD_0002_surprise_是啊,他的健康我总放",4,ESD
"ESD_0002_surprise_真想不到,游泳竟有如",4,ESD
ESD_0002_surprise_是没什么但是挺别扭的,4,ESD
"ESD_0002_surprise_香港海洋公园,主人快",4,ESD
"ESD_0002_surprise_是个冰淇淋,桃花确实",4,ESD
"ESD_0002_surprise_还不太糟糕,但是得躺",4,ESD
ESD_0002_surprise_如果有我能帮忙的请告,4,ESD
ESD_0002_surprise_不会这么凑巧吧!我也,4,ESD
ESD_0002_surprise_别不好意思。再多吃些,4,ESD
"ESD_0002_surprise_很神奇的样子,我搞不",4,ESD
ESD_0002_surprise_我倒是有一个爱好――,4,ESD
ESD_0002_surprise_别小看我这发型!我还,4,ESD
ESD_0002_surprise_你女儿和她妈妈长得很,4,ESD
ESD_0002_surprise_我只会斗斗地主什么的,4,ESD
"ESD_0002_surprise_得了吧,别这么胆小啦",4,ESD
ESD_0002_surprise_就经常去我们宿舍附近,4,ESD
"ESD_0002_surprise_很快,车就可自动开了",4,ESD
"ESD_0002_surprise_我昨天遇到马克,他看",4,ESD
"ESD_0002_surprise_感觉好温暖呀,好的,",4,ESD
ESD_0002_surprise_没有找到蒸鱼的计时。,4,ESD
"ESD_0002_surprise_我们俩合不来,还经常",4,ESD
"ESD_0002_surprise_做不了什么,通常我会",4,ESD
ESD_0002_surprise_我的表两点四十二。可,4,ESD
ESD_0002_surprise_让我们看看哪一种球技,4,ESD
ESD_0002_surprise_我其实挺饿的。,4,ESD
ESD_0002_surprise_自己的事情要自己做。,4,ESD
ESD_0002_surprise_每天早晨都是我妈妈帮,4,ESD
"ESD_0002_surprise_那棒极了,其实心情挺",4,ESD
"ESD_0002_surprise_玛丽,你看来很喜欢挖",4,ESD
"ESD_0002_surprise_我也是,我还有点儿口",4,ESD
"ESD_0002_surprise_真是个好习惯,通常看",4,ESD
"ESD_0002_surprise_没有,不过,我们去了",4,ESD
"ESD_0002_surprise_快点起床,我在公寓门",4,ESD
ESD_0002_surprise_你的同学把你给捉弄了,4,ESD
"ESD_0002_surprise_不过我想星期五走,",4,ESD
ESD_0002_surprise_你还真是考虑周到。,4,ESD
ESD_0002_surprise_那你就离市区很远了。,4,ESD
"ESD_0002_surprise_汤姆是个好人,但却赌",4,ESD
ESD_0002_surprise_那你就说你为之神魂颠,4,ESD
"ESD_0002_surprise_是的,请返还我的钱,",4,ESD
"ESD_0002_surprise_如果你想要纹身,你去",4,ESD
"ESD_0002_surprise_不是,他住在沃斯盾的",4,ESD
ESD_0002_surprise_你说我们在芝加哥要待,4,ESD
ESD_0002_surprise_这些颜色也不太适合你,4,ESD
"ESD_0002_surprise_对别人没有,而对我就",4,ESD
ESD_0002_surprise_我的希望是工作到倒下,4,ESD
ESD_0002_surprise_吝啬鬼!他每天还骑自,4,ESD
ESD_0002_surprise_是你最牵挂的那个女人,4,ESD
ESD_0002_surprise_是不是依然觉得我很可,4,ESD
ESD_0002_surprise_多教我些东西我会更聪,4,ESD
ESD_0002_surprise_我要学习一下相关知识,4,ESD
ESD_0002_surprise_我喜欢几乎所有的运动,4,ESD
ESD_0002_surprise_也许能帮助你把事情弄,4,ESD
ESD_0002_surprise_我总是控制不了它。,4,ESD
ESD_0002_surprise_他们的配合值得我们学,4,ESD
ESD_0002_surprise_我也知道自己是大嘴巴,4,ESD
"ESD_0002_surprise_你可以去问鹦鹉啊,鹦",4,ESD
"ESD_0002_surprise_是啊,我还是个乳臭未",4,ESD
"ESD_0002_surprise_女孩的心思你别猜,但",4,ESD
ESD_0002_surprise_节食减肥很痛苦。,4,ESD
"ESD_0002_surprise_听大自然的声响,就像",4,ESD
"ESD_0002_surprise_现在,我仍然有点紧张",4,ESD
ESD_0002_surprise_不知道。或许一双新鞋,4,ESD
ESD_0002_surprise_有事记得喊我。,4,ESD
"ESD_0002_surprise_你好,布赖恩,正好四",4,ESD
ESD_0002_surprise_这样子比较有趣。,4,ESD
"ESD_0002_surprise_我也最喜欢你,不要开",4,ESD
ESD_0002_surprise_小心脚下。人行道上有,4,ESD
ESD_0002_surprise_我们还等什么,4,ESD
"ESD_0002_surprise_我还不会说其他外语,",4,ESD
ESD_0002_surprise_我只打算放松一下自己,4,ESD
ESD_0002_surprise_承蒙邀请参加你的婚礼,4,ESD
"ESD_0002_surprise_你知道,有时候病人会",4,ESD
ESD_0002_surprise_我的性格就是冷静并且,4,ESD
ESD_0002_surprise_我不会牺牲我的健康来,4,ESD
ESD_0002_surprise_当然!他是我们大学的,4,ESD
ESD_0002_surprise_他讲的笑话让我笑个不,4,ESD
ESD_0002_surprise_原来你也在玩这个,4,ESD
ESD_0002_surprise_我还不知道你认识弗兰,4,ESD
ESD_0002_surprise_我曾在一家船运公司里,4,ESD
ESD_0002_surprise_其实我们前天已经分手,4,ESD
ESD_0002_surprise_我想那些应该是草莓的,4,ESD
"ESD_0002_surprise_太妙了,我想换一些日",4,ESD
"ESD_0002_surprise_你得先回答我,你最喜",4,ESD
"ESD_0002_surprise_让我再想想,真相已经",4,ESD
ESD_0002_surprise_这样你就有时间挥拍打,4,ESD
"ESD_0002_surprise_你这个小气鬼,很不幸",4,ESD
"ESD_0002_surprise_我是个学生,服务器响",4,ESD
ESD_0002_surprise_一套古瓷器。它真的很,4,ESD
ESD_0002_surprise_他在这次竞选活动中花,4,ESD
"ESD_0002_surprise_她此刻失业了,你最好",4,ESD
"ESD_0002_surprise_带上你的家人,但是他",4,ESD
ESD_0002_surprise_你在我的心里折腾好久,4,ESD
"ESD_0002_surprise_你转一个,我想学习下",4,ESD
"ESD_0002_surprise_她和维克分手了,所以",4,ESD
ESD_0002_surprise_冬天雨非常多。我不喜,4,ESD
ESD_0002_surprise_时间对珍尼来说是没有,4,ESD
ESD_0002_surprise_大概足够支持我生活三,4,ESD
ESD_0002_surprise_你绝对猜不到她准备要,4,ESD
ESD_0002_surprise_二零一六年十一月五号,4,ESD
"ESD_0002_surprise_今天真凉快,我希望主",4,ESD
ESD_0002_surprise_软妹子生气会说:讨厌,4,ESD
ESD_0002_surprise_我们一起为他办个惊喜,4,ESD
ESD_0002_surprise_以后我要经常来这儿爬,4,ESD
"ESD_0002_surprise_我是一名教师,你可是",4,ESD
ESD_0002_surprise_上海现在是下午四点三,4,ESD
ESD_0002_surprise_别问了!说多了都是眼,4,ESD
ESD_0002_surprise_如果我滚远了就回不来,4,ESD
ESD_0002_surprise_带女友出去好好吃上一,4,ESD
"ESD_0002_surprise_炖肉一小时,剩余三十",4,ESD
ESD_0002_surprise_我以为你们国家的人都,4,ESD
"ESD_0002_surprise_我饿啦,我想去吃点东",4,ESD
"ESD_0002_surprise_为什么不,交朋友不分",4,ESD
"ESD_0002_surprise_当然知道,我们各有千",4,ESD
"ESD_0002_surprise_我喜欢你的干净整洁,",4,ESD
ESD_0002_surprise_我已经习惯这种气候了,4,ESD
ESD_0002_surprise_也就是一大堆照片。,4,ESD
"ESD_0002_surprise_那就一会再说,我好害",4,ESD
ESD_0002_surprise_希望我有一天也可以去,4,ESD
"ESD_0002_surprise_你昨天才买衣服,真是",4,ESD
"ESD_0002_surprise_还要叫她起床,怎么会",4,ESD
"ESD_0002_surprise_是的,我知道,患难见",4,ESD
"ESD_0002_surprise_我是萌萌哒,你是呆呆",4,ESD
ESD_0002_surprise_你可以在那儿呆上至少,4,ESD
ESD_0002_surprise_对不起我把咖啡洒在桌,4,ESD
"ESD_0002_surprise_也不算,她有的歌我都",4,ESD
ESD_0002_surprise_我对养花已经厌倦了。,4,ESD
ESD_0002_surprise_我还会陪你一路走下去,4,ESD
ESD_0002_surprise_裁判全给了满分。,4,ESD
"ESD_0002_surprise_当然,我简直离开音乐",4,ESD
"ESD_0002_surprise_拜拜,明天要再来和小",4,ESD
ESD_0002_surprise_碰到喜欢的女孩子要主,4,ESD
ESD_0002_surprise_他的收支几乎不能平衡,4,ESD
"ESD_0002_surprise_明天是星期天,我们去",4,ESD
ESD_0002_surprise_大部分都是用诱饵钓到,4,ESD
"ESD_0002_surprise_所以你必须要坚持,时",4,ESD
ESD_0002_surprise_我非常支持人们走进太,4,ESD
ESD_0002_surprise_我的老朋友汉森就住在,4,ESD
ESD_0002_surprise_听起来你们玩得也很开,4,ESD
ESD_0002_surprise_这个对我来说有点难!,4,ESD
"ESD_0002_surprise_差不多,我们俩都很热",4,ESD
"ESD_0002_surprise_你要做爸爸了,真让人",4,ESD
ESD_0002_surprise_我真受不了城里那么大,4,ESD
ESD_0002_surprise_好的。新的音乐厅有一,4,ESD
"ESD_0002_surprise_这个位置不错,下车。",4,ESD
"ESD_0002_surprise_那不打扰你了,我不敢",4,ESD
"ESD_0002_surprise_最近很冷,风又大。",4,ESD
ESD_0002_surprise_我最近正在努力练习棋,4,ESD
"ESD_0002_surprise_拜托,别跟我提到笔记",4,ESD
ESD_0002_surprise_它是一个主要的空气污,4,ESD
"ESD_0002_surprise_我爱运动,但是对篮球",4,ESD
"ESD_0002_surprise_我不需要嗅觉,所以没",4,ESD
"ESD_0002_surprise_雪下得真大,带着我去",4,ESD
ESD_0002_surprise_我不这么认为。我们沿,4,ESD
"ESD_0002_surprise_食物也很美味,更不用",4,ESD
ESD_0002_surprise_大约一个小时左右。,4,ESD
ESD_0002_surprise_请勿进入竹林。不让进,4,ESD
ESD_0002_surprise_为了不让鱼吃掉诗人的,4,ESD
ESD_0002_surprise_那样的话你应该穿讲究,4,ESD
ESD_0002_surprise_我的直系亲属人数不多,4,ESD
ESD_0002_surprise_贾尼斯突然兴奋地大叫,4,ESD
ESD_0002_surprise_领带对男人来说真必不,4,ESD
ESD_0002_surprise_没有为什么就是要等我,4,ESD
ESD_0002_surprise_我不怎么在乎这个店有,4,ESD
ESD_0002_surprise_我最好的朋友就约会过,4,ESD
"ESD_0002_surprise_我不用转头,不需要脖",4,ESD
"ESD_0002_surprise_没看过小说,只有人类",4,ESD
ESD_0002_surprise_我是个游戏迷。,4,ESD
"ESD_0002_surprise_你比吴亦凡帅,我同意",4,ESD
"ESD_0002_surprise_我没有忽悠你,机器人",4,ESD
ESD_0002_surprise_最初我的工作是当一名,4,ESD
ESD_0002_surprise_陪你度过这漫长的黑夜,4,ESD
ESD_0002_surprise_这是我在旅游第四天拍,4,ESD
ESD_0002_surprise_这句话的意义我不太明,4,ESD
ESD_0002_surprise_我们想等一个合适的时,4,ESD
"ESD_0002_surprise_我很伤心,我准备去网",4,ESD
ESD_0002_surprise_这可真不像是场英超比,4,ESD
ESD_0002_surprise_他好像是被他女友给甩,4,ESD
ESD_0002_surprise_也许反倒是件好事,4,ESD
ESD_0002_surprise_听起来很厉害的样子!,4,ESD
ESD_0002_surprise_我必须再次感谢您的慷,4,ESD
"ESD_0002_surprise_我是淑女,只会讲文明",4,ESD
ESD_0002_surprise_这可是我学会的第一首,4,ESD
ESD_0002_surprise_谁都有烦的时候。,4,ESD
"ESD_0002_surprise_是很棒的一款手机,性",4,ESD
ESD_0002_surprise_没有找到你想删除的闹,4,ESD
"ESD_0002_surprise_很大,令人兴奋但是嘈",4,ESD
"ESD_0002_surprise_沈阳明天有雷阵雨,多",4,ESD
ESD_0002_surprise_但梅花往往被很多人忽,4,ESD
"ESD_0002_surprise_只要不违法,我还是想",4,ESD
ESD_0002_surprise_然后再找一个音乐播放,4,ESD
"ESD_0002_surprise_我当然喜欢,我很注意",4,ESD
"ESD_0002_surprise_是的,所以我永不喝它",4,ESD
"ESD_0002_surprise_我真兴奋,我终于有自",4,ESD
ESD_0002_surprise_我想说我也这样认为的,4,ESD
ESD_0002_surprise_绝对不可以走到湖的中,4,ESD
"ESD_0002_surprise_晚安,么么哒,满天都",4,ESD
"ESD_0002_surprise_有些人划船,有的人在",4,ESD
ESD_0002_surprise_我想所有中国人都会打,4,ESD
ESD_0002_surprise_有充足的时间购物和观,4,ESD
"ESD_0002_surprise_自己保重,记得要常联",4,ESD
"ESD_0002_surprise_门儿都没有,现在还不",4,ESD
"ESD_0002_surprise_我太喜欢听了,所以不",4,ESD
"ESD_0002_surprise_我随时都在,有没有梦",4,ESD
"ESD_0002_surprise_不会,不过我很喜欢单",4,ESD
ESD_0002_surprise_还有聊天记录。,4,ESD
"ESD_0002_surprise_在法国南部,气候常年",4,ESD
ESD_0002_surprise_哪天我也许得和他谈谈,4,ESD
"ESD_0002_surprise_振作点儿,我看了屏幕",4,ESD
"ESD_0002_surprise_我是银灰色的,我都被",4,ESD
"ESD_0002_surprise_文学和经济,我喜欢很",4,ESD
"ESD_0002_surprise_赌博往往是个祸根,",4,ESD
"ESD_0002_surprise_三个,两个儿子一个女",4,ESD
"ESD_0002_surprise_祝你春节快乐,全家幸",4,ESD
"ESD_0002_surprise_是的,我刚撞到了桌子",4,ESD
"ESD_0002_surprise_这个我相信,我是登山",4,ESD
"ESD_0002_surprise_播放歌单收藏,脑筋可",4,ESD
ESD_0002_surprise_我希望你能和我一起想,4,ESD
ESD_0002_surprise_我一直到清晨四点才到,4,ESD
ESD_0002_surprise_我刚从苏格兰回来。,4,ESD
ESD_0002_surprise_我支持你。它是需要重,4,ESD
ESD_0002_surprise_我在一个机械化农场做,4,ESD
ESD_0002_surprise_有时内在美更加重要。,4,ESD
ESD_0002_surprise_我去查查篮球相关的知,4,ESD
"ESD_0002_surprise_已经怀孕四个半月了,",4,ESD
"ESD_0002_surprise_这局我让你开,今天我",4,ESD
ESD_0002_surprise_我们休息一下喝杯咖啡,4,ESD
"ESD_0002_surprise_如果她拒绝我,我会死",4,ESD
ESD_0002_surprise_旅行结束后我将休息一,4,ESD
ESD_0002_surprise_现在全城的人都要向我,4,ESD
ESD_0002_surprise_我需要插着电源才能说,4,ESD
ESD_0002_surprise_每次你看到一些时尚衣,4,ESD
ESD_0002_surprise_你看上去比以前更漂亮,4,ESD
"ESD_0002_surprise_下午好,蒂娜,我想我",4,ESD
ESD_0002_surprise_家里有全自动洗衣机。,4,ESD
"ESD_0002_surprise_谢谢你来这里,告诉我",4,ESD
"ESD_0002_surprise_不是很喜欢,你把我绕",4,ESD
"ESD_0002_surprise_等待你的指令,随时可",4,ESD
ESD_0002_surprise_他对谁都那么友好。,4,ESD
ESD_0002_surprise_我喜欢吃中餐。,4,ESD
"ESD_0002_surprise_尽管提意见,我会改正",4,ESD
"ESD_0002_surprise_这么多笑话,一天讲不",4,ESD
"ESD_0002_surprise_我讨厌吃醋,偶是不懂",4,ESD
ESD_0002_surprise_我们下午可以在湖里划,4,ESD
ESD_0002_surprise_但是有时夏天比其它季,4,ESD
"ESD_0002_surprise_我们相处得很好,仅此",4,ESD
ESD_0002_surprise_于是我就问她能不能连,4,ESD
ESD_0002_surprise_我想要那种新款的美国,4,ESD
ESD_0002_surprise_错过这村可就没这个店,4,ESD
"ESD_0002_surprise_我曾经养过,我太高兴",4,ESD
ESD_0002_surprise_他们将于今年夏天结婚,4,ESD
"ESD_0002_surprise_谢谢你的夸奖,鲍伯上",4,ESD
"ESD_0002_surprise_你看起来很高兴,眼睛",4,ESD
ESD_0002_surprise_年轻人当然要承担责任,4,ESD
ESD_0002_surprise_不要乱问女孩子的年龄,4,ESD
ESD_0002_surprise_每天晚上跟你互道晚安,4,ESD
ESD_0002_surprise_我会在你的脸上画鬼脸,4,ESD
"ESD_0002_surprise_我缺钱用,所以上星期",4,ESD
ESD_0002_surprise_许多白领都参加到这个,4,ESD
"ESD_0002_surprise_很漂亮,不过人多拥挤",4,ESD
"ESD_0002_surprise_别总是闲着,找点事情",4,ESD
"ESD_0002_surprise_好好休息一下,这个小",4,ESD
ESD_0002_surprise_这两块是唐朝不同时期,4,ESD
"ESD_0002_surprise_我喜欢你的黑衣服,你",4,ESD
"ESD_0002_surprise_是的,真是名副其实。",4,ESD
"ESD_0002_surprise_是很难听的脏话,主人",4,ESD
"ESD_0003_anger_打远一看,它们的确很",2,ESD
ESD_0003_anger_英国的哲学家曾经说过,2,ESD
ESD_0003_anger_我老家在北京。,2,ESD
ESD_0003_anger_不管怎么说主队好象是,2,ESD
"ESD_0003_anger_我们乘船漂游了三峡,",2,ESD
ESD_0003_anger_我喜欢“北京欢迎你”,2,ESD
ESD_0003_anger_我每个月打一次电话。,2,ESD
ESD_0003_anger_沙尘暴好像给每个人都,2,ESD
"ESD_0003_anger_就是这个意思,你又聪",2,ESD
ESD_0003_anger_个人收藏家!他们肯定,2,ESD
ESD_0003_anger_妇女节快乐。我永远爱,2,ESD
ESD_0003_anger_你每次谈恋爱都像现在,2,ESD
"ESD_0003_anger_周末的我,只忙着陪你",2,ESD
"ESD_0003_anger_谁你也不认识,我很乐",2,ESD
ESD_0003_anger_我特别喜欢网球和登山,2,ESD
ESD_0003_anger_他一定是一眼就被你迷,2,ESD
ESD_0003_anger_很快你上大学就用得到,2,ESD
"ESD_0003_anger_我们意见不和,咱们去",2,ESD
"ESD_0003_anger_不就是你嘛,为什么要",2,ESD
ESD_0003_anger_前几天我碰见了一件有,2,ESD
ESD_0003_anger_已经播至该专辑最后一,2,ESD
ESD_0003_anger_我和我朋友刚从巴厘岛,2,ESD
ESD_0003_anger_做一些好吃的促进宝宝,2,ESD
ESD_0003_anger_你的身影总是在我心里,2,ESD
ESD_0003_anger_我觉得并不是非要有特,2,ESD
"ESD_0003_anger_是的,他很狡猾,经常",2,ESD
ESD_0003_anger_工厂不把它直接排到大,2,ESD
"ESD_0003_anger_没错,就是车门。另外",2,ESD
"ESD_0003_anger_很可爱啊,就像你一样",2,ESD
"ESD_0003_anger_除非你打飞碟球,但这",2,ESD
"ESD_0003_anger_没听清,请问什么时间",2,ESD
ESD_0003_anger_我遇到了一位漂亮的女,2,ESD
"ESD_0003_anger_我是青蛙,不用冬眠的",2,ESD
"ESD_0003_anger_那是马特,他肯定很勇",2,ESD
ESD_0003_anger_这样无辜的人就不会被,2,ESD
ESD_0003_anger_我必须一直通电才能工,2,ESD
ESD_0003_anger_我和我的妻子盼望着和,2,ESD
"ESD_0003_anger_当然是了,我现在快饿",2,ESD
"ESD_0003_anger_没有找到日程,走的时",2,ESD
ESD_0003_anger_是一家制药公司的短期,2,ESD
"ESD_0003_anger_姐忙得很,没空和你说",2,ESD
"ESD_0003_anger_我会暖被窝了,逗你的",2,ESD
"ESD_0003_anger_这样的话,我们可以选",2,ESD
"ESD_0003_anger_比如说,“华尔街日报",2,ESD
ESD_0003_anger_我知道人生并不总是一,2,ESD
ESD_0003_anger_我们可以轮流开车。,2,ESD
ESD_0003_anger_这是台湾地区最大的动,2,ESD
"ESD_0003_anger_时候不早了,我来了,",2,ESD
ESD_0003_anger_递给我一些彩球和纸花,2,ESD
"ESD_0003_anger_每次叫我都不给红包,",2,ESD
"ESD_0003_anger_没关系,也许他老婆会",2,ESD
ESD_0003_anger_你不应该害怕开始一段,2,ESD
"ESD_0003_anger_我肯定会的,那以后我",2,ESD
ESD_0003_anger_我是基于人工智能系统,2,ESD
ESD_0003_anger_它实际会形成一氧化碳,2,ESD
ESD_0003_anger_我参加了一个有关全球,2,ESD
"ESD_0003_anger_跳舞好难呀,我还正在",2,ESD
ESD_0003_anger_让人看上去就感到宽广,2,ESD
"ESD_0003_anger_只要是我能玩好的,我",2,ESD
ESD_0003_anger_坐地铁只需要大约二十,2,ESD
ESD_0003_anger_下个月我姐姐要结婚了,2,ESD
ESD_0003_anger_我是顺路过来跟你告别,2,ESD
ESD_0003_anger_你知道我很努力地在戒,2,ESD
"ESD_0003_anger_我告退了,晚上回去拍",2,ESD
"ESD_0003_anger_一点也不差,先把握好",2,ESD
ESD_0003_anger_我们可以去钓鱼、聊天,2,ESD
ESD_0003_anger_你深深地印在我的脑海,2,ESD
ESD_0003_anger_我应该给女朋友买玫瑰,2,ESD
"ESD_0003_anger_以后不要喝那么多了,",2,ESD
"ESD_0003_anger_心动不如行动,我不太",2,ESD
ESD_0003_anger_只要令人鼓舞的电影我,2,ESD
ESD_0003_anger_资料全都不见了。气死,2,ESD
ESD_0003_anger_她总是带香甜甜的微笑,2,ESD
ESD_0003_anger_今年应该是第二十七个,2,ESD
ESD_0003_anger_我也想去看可爱的熊猫,2,ESD
"ESD_0003_anger_是的,你是个大块头,",2,ESD
"ESD_0003_anger_奏婚礼进行曲了,他们",2,ESD
"ESD_0003_anger_它们的设计外形小巧,",2,ESD
ESD_0003_anger_人们当然都叫他“奥林,2,ESD
"ESD_0003_anger_看呀,我们差不多就装",2,ESD
ESD_0003_anger_这个镇上所有的人都喜,2,ESD
ESD_0003_anger_听说你要去香港看你叔,2,ESD
ESD_0003_anger_你身上的每一点都吸引,2,ESD
ESD_0003_anger_他好像跟他的秘书有过,2,ESD
"ESD_0003_anger_是啊,他的健康我总放",2,ESD
"ESD_0003_anger_真想不到,游泳竟有这",2,ESD
ESD_0003_anger_是没什么但是挺别扭的,2,ESD
"ESD_0003_anger_香港海洋公园,主人快",2,ESD
"ESD_0003_anger_是个冰淇淋,桃花确实",2,ESD
"ESD_0003_anger_还不太糟糕,但是得躺",2,ESD
ESD_0003_anger_如果有我能帮忙请告诉,2,ESD
ESD_0003_anger_不会这么凑巧吧!我也,2,ESD
ESD_0003_anger_别不好意思。再多吃些,2,ESD
"ESD_0003_anger_很神奇的样子,我搞不",2,ESD
ESD_0003_anger_我倒是有一个爱好——,2,ESD
ESD_0003_anger_别小看我这发型!我还,2,ESD
ESD_0003_anger_你女儿和她妈妈长得很,2,ESD
ESD_0003_anger_我只会斗斗地主什么的,2,ESD
"ESD_0003_anger_得了吧,别这么胆小啦",2,ESD
ESD_0003_anger_就经常去我们宿舍附近,2,ESD
"ESD_0003_anger_很快,车就可自动开了",2,ESD
"ESD_0003_anger_我昨天遇到马克,他看",2,ESD
"ESD_0003_anger_感觉好温暖呀,好的,",2,ESD
ESD_0003_anger_没有找到蒸鱼的计时。,2,ESD
"ESD_0003_anger_我们俩合不来,还经常",2,ESD
"ESD_0003_anger_做不了什么,通常我会",2,ESD
ESD_0003_anger_我的表两点四十二。可,2,ESD
ESD_0003_anger_让我们看看哪一种球技,2,ESD
ESD_0003_anger_我其实挺饿的。,2,ESD
ESD_0003_anger_自己的事情要自己做。,2,ESD
ESD_0003_anger_每天早晨都是我妈妈帮,2,ESD
"ESD_0003_anger_那棒极了,其实心情挺",2,ESD
"ESD_0003_anger_玛丽,你看来很喜欢挖",2,ESD
"ESD_0003_anger_我也是,我还有点儿口",2,ESD
"ESD_0003_anger_真是个好习惯,通常看",2,ESD
"ESD_0003_anger_没有,不过,我们去了",2,ESD
"ESD_0003_anger_快点起床,我在公寓门",2,ESD
ESD_0003_anger_你的同学把你给捉弄了,2,ESD
"ESD_0003_anger_不过我想星期五走,",2,ESD
ESD_0003_anger_你还真是考虑周到。,2,ESD
ESD_0003_anger_那你就离市区很远了。,2,ESD
"ESD_0003_anger_汤姆是个好人,但却赌",2,ESD
ESD_0003_anger_那你就说你为之神魂颠,2,ESD
"ESD_0003_anger_是的,请还我的钱,谢",2,ESD
"ESD_0003_anger_如果你想要纹身,你去",2,ESD
"ESD_0003_anger_不是,他住在沃斯盾的",2,ESD
ESD_0003_anger_你说我们在芝加哥要待,2,ESD
ESD_0003_anger_这些颜色也不太适合你,2,ESD
"ESD_0003_anger_对别人没有,而对我就",2,ESD
ESD_0003_anger_我的希望是工作到倒下,2,ESD
ESD_0003_anger_吝啬鬼!他每天还骑自,2,ESD
ESD_0003_anger_是你最牵挂的那个女人,2,ESD
ESD_0003_anger_是不是依然觉得我很可,2,ESD
ESD_0003_anger_多教我些东西我会更聪,2,ESD
ESD_0003_anger_我要学习一下相关知识,2,ESD
ESD_0003_anger_我喜欢几乎所有的运动,2,ESD
ESD_0003_anger_也许能帮助你把事情搞,2,ESD
ESD_0003_anger_我总是控制不了它。,2,ESD
ESD_0003_anger_他们的配合值得我们学,2,ESD
ESD_0003_anger_我也知道自己是大嘴巴,2,ESD
"ESD_0003_anger_你可以去问问鹦鹉啊,",2,ESD
"ESD_0003_anger_是啊,我还是个乳臭未",2,ESD
"ESD_0003_anger_女孩的心思你别猜,但",2,ESD
ESD_0003_anger_节食减肥很痛苦。,2,ESD
"ESD_0003_anger_听大自然的声响,就像",2,ESD
"ESD_0003_anger_现在,我仍然有点紧张",2,ESD
ESD_0003_anger_不知道。或许一双新鞋,2,ESD
ESD_0003_anger_有事记得喊我。,2,ESD
"ESD_0003_anger_你好,布赖恩,正好四",2,ESD
ESD_0003_anger_这样子比较有趣。,2,ESD
"ESD_0003_anger_我也最喜欢你,不要开",2,ESD
ESD_0003_anger_小心脚下。人行道上有,2,ESD
ESD_0003_anger_我们还等什么,2,ESD
"ESD_0003_anger_我还不会说其他外语,",2,ESD
ESD_0003_anger_我只打算放松一下自己,2,ESD
ESD_0003_anger_承蒙邀请参加你的婚礼,2,ESD
"ESD_0003_anger_你知道,有时候病人会",2,ESD
ESD_0003_anger_我的性格就是冷静并且,2,ESD
ESD_0003_anger_我不会牺牲我的健康来,2,ESD
ESD_0003_anger_当然!他是我们大学的,2,ESD
ESD_0003_anger_他讲的笑话让我笑个不,2,ESD
ESD_0003_anger_原来你也在玩这个,2,ESD
ESD_0003_anger_我还不知道你认识弗兰,2,ESD
ESD_0003_anger_我曾在一家船运公司里,2,ESD
ESD_0003_anger_其实我们前天已经分手,2,ESD
ESD_0003_anger_我想那些应该是草莓的,2,ESD
"ESD_0003_anger_太妙了,我想换一些日",2,ESD
"ESD_0003_anger_你得先回答我,你最喜",2,ESD
"ESD_0003_anger_让我再想想,真相已经",2,ESD
ESD_0003_anger_这样你就有时间挥拍打,2,ESD
"ESD_0003_anger_你这个小气鬼,很不幸",2,ESD
"ESD_0003_anger_我是个学生,服务器响",2,ESD
ESD_0003_anger_一套古瓷器。它真的很,2,ESD
ESD_0003_anger_他在这次竞选活动中花,2,ESD
"ESD_0003_anger_她此刻失业了,你最好",2,ESD
"ESD_0003_anger_带上你的家人,但是他",2,ESD
ESD_0003_anger_你在我的心里折腾好久,2,ESD
"ESD_0003_anger_你转一个,我想学习下",2,ESD
"ESD_0003_anger_她和维克分手了,所以",2,ESD
ESD_0003_anger_冬天雨非常多。我不喜,2,ESD
ESD_0003_anger_时间对珍尼来说没有用,2,ESD
ESD_0003_anger_大概足够支持我生活三,2,ESD
ESD_0003_anger_你绝对猜不到她准备要,2,ESD
ESD_0003_anger_二零一六年十一月五号,2,ESD
"ESD_0003_anger_今天真凉快,我希望主",2,ESD
ESD_0003_anger_软妹子生气会说:讨厌,2,ESD
ESD_0003_anger_我们一起为他办个惊喜,2,ESD
ESD_0003_anger_以后我要经常来这儿爬,2,ESD
"ESD_0003_anger_我是一名教师,你可是",2,ESD
ESD_0003_anger_上海现在是下午四点三,2,ESD
ESD_0003_anger_别问了!说多了都是眼,2,ESD
ESD_0003_anger_如果我滚远了就回不来,2,ESD
ESD_0003_anger_带女友出去好好吃上一,2,ESD
"ESD_0003_anger_炖肉一小时,剩余三十",2,ESD
ESD_0003_anger_我以为你们国家的人都,2,ESD
"ESD_0003_anger_我饿啦,我想去吃点东",2,ESD
"ESD_0003_anger_为什么不,交朋友不分",2,ESD
"ESD_0003_anger_当然知道,我们各有千",2,ESD
"ESD_0003_anger_我喜欢你的干净整洁,",2,ESD
ESD_0003_anger_我已经习惯这种气候了,2,ESD
ESD_0003_anger_也就是一大堆照片。,2,ESD
"ESD_0003_anger_那就一会再说,我好害",2,ESD
ESD_0003_anger_希望我有一天也可以去,2,ESD
"ESD_0003_anger_你昨天才买衣服,真是",2,ESD
"ESD_0003_anger_还要叫她起床,怎么会",2,ESD
"ESD_0003_anger_是的,我知道,患难见",2,ESD
"ESD_0003_anger_我是萌萌哒,你是呆呆",2,ESD
ESD_0003_anger_你可以在那儿呆上至少,2,ESD
ESD_0003_anger_对不起我把咖啡洒在桌,2,ESD
"ESD_0003_anger_也不算,她有的歌我都",2,ESD
ESD_0003_anger_我对养花已经厌倦了。,2,ESD
ESD_0003_anger_我还会陪你一路走下去,2,ESD
ESD_0003_anger_裁判全给了满分。,2,ESD
"ESD_0003_anger_当然,我离开简直音乐",2,ESD
"ESD_0003_anger_拜拜,明天要再来和小",2,ESD
ESD_0003_anger_碰到喜欢的女孩子要主,2,ESD
ESD_0003_anger_他的收支几乎不能平衡,2,ESD
"ESD_0003_anger_明天是星期天,我们去",2,ESD
ESD_0003_anger_大部分都是用诱饵钓到,2,ESD
"ESD_0003_anger_所以你必须坚持,时间",2,ESD
ESD_0003_anger_我非常支持人们走进太,2,ESD
ESD_0003_anger_我的老朋友汉森就住在,2,ESD
ESD_0003_anger_听起来你们玩得也很开,2,ESD
ESD_0003_anger_这个对我来说有点难!,2,ESD
"ESD_0003_anger_差不多,我们俩都很热",2,ESD
"ESD_0003_anger_你要做爸爸了,真让人",2,ESD
ESD_0003_anger_我真受不了城里那么大,2,ESD
ESD_0003_anger_好的。新的音乐厅有一,2,ESD
"ESD_0003_anger_这个位置不错,下车。",2,ESD
"ESD_0003_anger_那不打扰你了,我不敢",2,ESD
"ESD_0003_anger_最近很冷,风又大。",2,ESD
ESD_0003_anger_我最近正在努力练习棋,2,ESD
"ESD_0003_anger_拜托,别跟我提到笔记",2,ESD
ESD_0003_anger_一个主要的空气污染物,2,ESD
"ESD_0003_anger_我爱运动,但是对篮球",2,ESD
"ESD_0003_anger_我不需要嗅觉,所以没",2,ESD
"ESD_0003_anger_雪下得真大,带着我去",2,ESD
ESD_0003_anger_我不这么认为。我们沿,2,ESD
"ESD_0003_anger_食物也很美味,更不用",2,ESD
ESD_0003_anger_大约一个小时左右。,2,ESD
ESD_0003_anger_请勿进入竹林。不让进,2,ESD
ESD_0003_anger_为了不让鱼吃掉诗人的,2,ESD
ESD_0003_anger_那样的话你应该穿讲究,2,ESD
ESD_0003_anger_我的直系亲属人数不多,2,ESD
ESD_0003_anger_贾尼斯突然兴奋地大叫,2,ESD
ESD_0003_anger_领带对男人来说真必不,2,ESD
ESD_0003_anger_没有为什么就是要等我,2,ESD
ESD_0003_anger_我不怎么在乎这个店有,2,ESD
ESD_0003_anger_我最好的朋友就约会过,2,ESD
"ESD_0003_anger_我不用转头,不需要脖",2,ESD
"ESD_0003_anger_没看过小说,只有人类",2,ESD
ESD_0003_anger_我是个游戏迷。,2,ESD
"ESD_0003_anger_你比吴亦凡帅,我同意",2,ESD
"ESD_0003_anger_我没有忽悠你,机器人",2,ESD
ESD_0003_anger_最初我的工作是当一名,2,ESD
ESD_0003_anger_陪你度过这漫长的黑夜,2,ESD
ESD_0003_anger_这是我在旅游第四天拍,2,ESD
ESD_0003_anger_这句话的意义我不太明,2,ESD
ESD_0003_anger_我们想等一个合适的时,2,ESD
"ESD_0003_anger_我很伤心,我准备去网",2,ESD
ESD_0003_anger_这可真不像是场英超比,2,ESD
ESD_0003_anger_他好像是被他女友给甩,2,ESD
ESD_0003_anger_也许反倒是件好事,2,ESD
ESD_0003_anger_听起来很厉害的样子!,2,ESD
ESD_0003_anger_我必须再次感谢您的慷,2,ESD
"ESD_0003_anger_我是淑女,只会讲文明",2,ESD
ESD_0003_anger_这可是我学会的第一首,2,ESD
ESD_0003_anger_谁都有烦的时候。,2,ESD
"ESD_0003_anger_是很棒的一款手机,性",2,ESD
ESD_0003_anger_没有找到你想删除的闹,2,ESD
"ESD_0003_anger_很大,令人兴奋但是嘈",2,ESD
"ESD_0003_anger_沈阳明天有雷阵雨,多",2,ESD
ESD_0003_anger_但梅花往往被很多人忽,2,ESD
"ESD_0003_anger_只要不违法,我还是想",2,ESD
ESD_0003_anger_然后再找一个音乐播放,2,ESD
"ESD_0003_anger_我当然喜欢,我很注意",2,ESD
"ESD_0003_anger_是的,所以我永不喝它",2,ESD
"ESD_0003_anger_我真兴奋,我终于有自",2,ESD
ESD_0003_anger_我想说我也这样认为的,2,ESD
ESD_0003_anger_绝对不可以走到湖的中,2,ESD
"ESD_0003_anger_晚安,么么哒,满天都",2,ESD
"ESD_0003_anger_有些人划船,有的人在",2,ESD
ESD_0003_anger_我想所有中国人都会打,2,ESD
ESD_0003_anger_有充足的时间购物和观,2,ESD
"ESD_0003_anger_自己保重,记得要常联",2,ESD
"ESD_0003_anger_门儿都没有,现在还不",2,ESD
"ESD_0003_anger_我太喜欢听了,所以不",2,ESD
"ESD_0003_anger_我随时都在,有没有梦",2,ESD
"ESD_0003_anger_不会,不过我很喜欢单",2,ESD
ESD_0003_anger_还有聊天记录。,2,ESD
"ESD_0003_anger_在法国南部,气候常年",2,ESD
ESD_0003_anger_哪天我也许得和他谈谈,2,ESD
"ESD_0003_anger_振作点儿,我看了屏幕",2,ESD
"ESD_0003_anger_我是银灰色的,我都被",2,ESD
"ESD_0003_anger_文学和经济,我喜欢很",2,ESD
"ESD_0003_anger_赌博往往是个祸根,",2,ESD
"ESD_0003_anger_三个,两个儿子一个女",2,ESD
"ESD_0003_anger_祝你春节快乐,全家幸",2,ESD
"ESD_0003_anger_是的,我刚撞到桌子了",2,ESD
"ESD_0003_anger_这个我相信,我是登山",2,ESD
"ESD_0003_anger_播放歌单收藏,脑筋可",2,ESD
ESD_0003_anger_我希望你能和我一起想,2,ESD
ESD_0003_anger_我一直到清晨四点才到,2,ESD
ESD_0003_anger_我刚从苏格兰回来。,2,ESD
ESD_0003_anger_我支持你。它是需要重,2,ESD
ESD_0003_anger_我在一个机械化农场做,2,ESD
ESD_0003_anger_有时内在美更加重要。,2,ESD
ESD_0003_anger_我去查查篮球相关的知,2,ESD
"ESD_0003_anger_已经怀孕四个半月了,",2,ESD
"ESD_0003_anger_这局我让你开,今天我",2,ESD
ESD_0003_anger_我们休息一下喝杯咖啡,2,ESD
"ESD_0003_anger_如果她拒绝我,我会死",2,ESD
ESD_0003_anger_旅行结束后我将休息一,2,ESD
ESD_0003_anger_现在全城的人都要向我,2,ESD
ESD_0003_anger_我需要插着电源才能说,2,ESD
ESD_0003_anger_每次你看到一些时尚衣,2,ESD
ESD_0003_anger_你看上去比以前更漂亮,2,ESD
"ESD_0003_anger_下午好,蒂娜,我想我",2,ESD
ESD_0003_anger_家里有全自动洗衣机。,2,ESD
"ESD_0003_anger_谢谢你来这里,告诉我",2,ESD
"ESD_0003_anger_不是很喜欢,你把我绕",2,ESD
"ESD_0003_anger_等待你的指令,随时可",2,ESD
ESD_0003_anger_他对谁都那么友好。,2,ESD
ESD_0003_anger_我喜欢吃中餐。,2,ESD
"ESD_0003_anger_尽管提意见,我会改正",2,ESD
"ESD_0003_anger_这么多笑话,一天讲不",2,ESD
"ESD_0003_anger_我讨厌吃醋,偶是不懂",2,ESD
ESD_0003_anger_我们下午可以在湖里划,2,ESD
ESD_0003_anger_但是有时夏天比其它季,2,ESD
"ESD_0003_anger_我们相处得很好,仅此",2,ESD
ESD_0003_anger_于是我就问她能不能连,2,ESD
ESD_0003_anger_我想要那种新款的美国,2,ESD
ESD_0003_anger_错过这村可就没这个店,2,ESD
"ESD_0003_anger_我曾经养过,我太高兴",2,ESD
ESD_0003_anger_他们将于今年夏天结婚,2,ESD
"ESD_0003_anger_谢谢你夸奖,鲍伯上年",2,ESD
"ESD_0003_anger_你看起来很高兴,眼睛",2,ESD
ESD_0003_anger_年轻人当然要承担责任,2,ESD
ESD_0003_anger_不要乱问女孩子的年龄,2,ESD
ESD_0003_anger_每天晚上跟你互道晚安,2,ESD
ESD_0003_anger_我会在你的脸上画鬼脸,2,ESD
"ESD_0003_anger_我缺钱用,所以上星期",2,ESD
ESD_0003_anger_所以白领都参加到这个,2,ESD
"ESD_0003_anger_很漂亮,不过人多拥挤",2,ESD
"ESD_0003_anger_别总是闲着,找点事情",2,ESD
"ESD_0003_anger_好好休息一下,这小木",2,ESD
ESD_0003_anger_这两块是唐朝不同时期,2,ESD
"ESD_0003_anger_我喜欢你黑衣服,你的",2,ESD
"ESD_0003_anger_是的,真是名副其实。",2,ESD
"ESD_0003_anger_是很难听的脏话,主人",2,ESD
"ESD_0003_happiness_打远一看,它们的确很",1,ESD
ESD_0003_happiness_英国的哲学家曾经说过,1,ESD
ESD_0003_happiness_我老家在北京。,1,ESD
ESD_0003_happiness_不管怎么说主队好象是,1,ESD
"ESD_0003_happiness_我们乘船漂游了三峡,",1,ESD
ESD_0003_happiness_我喜欢“北京欢迎你”,1,ESD
ESD_0003_happiness_我每个月打一次电话。,1,ESD
ESD_0003_happiness_沙尘暴好像给每个人都,1,ESD
"ESD_0003_happiness_就是这个意思,你又聪",1,ESD
ESD_0003_happiness_个人收藏家!他们肯定,1,ESD
ESD_0003_happiness_妇女节快乐。我永远爱,1,ESD
ESD_0003_happiness_你每次谈恋爱都像现在,1,ESD
"ESD_0003_happiness_周末的我,只忙着陪你",1,ESD
"ESD_0003_happiness_谁你也不认识,我很乐",1,ESD
ESD_0003_happiness_我特别喜欢网球和登山,1,ESD
ESD_0003_happiness_他一定是一眼就被你迷,1,ESD
ESD_0003_happiness_很快你上大学就用得到,1,ESD
"ESD_0003_happiness_我们意见不和,咱们去",1,ESD
"ESD_0003_happiness_不就是你嘛,为什么要",1,ESD
ESD_0003_happiness_前几天我碰见了一件有,1,ESD
ESD_0003_happiness_已经播至该专辑最后一,1,ESD
ESD_0003_happiness_我和我朋友刚从巴厘岛,1,ESD
ESD_0003_happiness_做一些好吃的促进宝宝,1,ESD
ESD_0003_happiness_你的身影总是在我心里,1,ESD
ESD_0003_happiness_我觉得并不是非要有特,1,ESD
"ESD_0003_happiness_是的,他很狡猾,经常",1,ESD
ESD_0003_happiness_工厂不把它直接排到大,1,ESD
"ESD_0003_happiness_没错,就是车门。另外",1,ESD
"ESD_0003_happiness_很可爱啊,就像你一样",1,ESD
"ESD_0003_happiness_除非你打飞碟球,但这",1,ESD
"ESD_0003_happiness_没听清,请问什么时间",1,ESD
ESD_0003_happiness_我遇到了一位漂亮的女,1,ESD
"ESD_0003_happiness_我是青蛙,不用冬眠的",1,ESD
"ESD_0003_happiness_那是马特,他肯定很勇",1,ESD
ESD_0003_happiness_这样无辜的人就不会被,1,ESD
ESD_0003_happiness_我必须一直通电才能工,1,ESD
ESD_0003_happiness_我和我的妻子盼望着和,1,ESD
"ESD_0003_happiness_当然是了,我现在快饿",1,ESD
"ESD_0003_happiness_没有找到日程,走的时",1,ESD
ESD_0003_happiness_是一家制药公司的短期,1,ESD
"ESD_0003_happiness_姐忙得很,没空和你说",1,ESD
"ESD_0003_happiness_我会暖被窝了,逗你的",1,ESD
"ESD_0003_happiness_这样的话,我们可以选",1,ESD
"ESD_0003_happiness_比方说,“华尔街日报",1,ESD
ESD_0003_happiness_我知道人生并不总是一,1,ESD
ESD_0003_happiness_我们可以轮流开车。,1,ESD
ESD_0003_happiness_这是台湾地区最大的动,1,ESD
"ESD_0003_happiness_时候不早了,我来了,",1,ESD
ESD_0003_happiness_递给我一些彩球和纸花,1,ESD
"ESD_0003_happiness_每次叫我都不给红包,",1,ESD
"ESD_0003_happiness_没关系,也许他老婆会",1,ESD
ESD_0003_happiness_你不应该害怕开始一段,1,ESD
"ESD_0003_happiness_我肯定会的,那以后我",1,ESD
ESD_0003_happiness_我是基于人工智能系统,1,ESD
ESD_0003_happiness_它实际会形成一氧化碳,1,ESD
ESD_0003_happiness_我参加了一个有关全球,1,ESD
"ESD_0003_happiness_跳舞好难呀,我还正在",1,ESD
ESD_0003_happiness_让人看上去就感到宽广,1,ESD
"ESD_0003_happiness_只要是我能玩好的,我",1,ESD
ESD_0003_happiness_坐地铁只需要大约二十,1,ESD
ESD_0003_happiness_下个月我姐姐就要结婚,1,ESD
ESD_0003_happiness_我是顺路过来跟你告别,1,ESD
ESD_0003_happiness_你知道我很努力地在戒,1,ESD
"ESD_0003_happiness_我告退了,晚上回去拍",1,ESD
"ESD_0003_happiness_一点也不差,先把握好",1,ESD
ESD_0003_happiness_我们可以去钓鱼、聊天,1,ESD
ESD_0003_happiness_你深深地印在我的脑海,1,ESD
ESD_0003_happiness_我应该给女朋友买玫瑰,1,ESD
"ESD_0003_happiness_以后不要喝那么多了,",1,ESD
"ESD_0003_happiness_心动不如行动,我不太",1,ESD
ESD_0003_happiness_只要令人鼓舞的电影我,1,ESD
ESD_0003_happiness_资料全都不见了。气死,1,ESD
ESD_0003_happiness_她总是带香甜甜的微笑,1,ESD
ESD_0003_happiness_今年应该是第二十七个,1,ESD
ESD_0003_happiness_我也想去看可爱的熊猫,1,ESD
"ESD_0003_happiness_是的,你是个大块头,",1,ESD
"ESD_0003_happiness_奏婚礼进行曲了,他们",1,ESD
"ESD_0003_happiness_它们的设计外形小巧,",1,ESD
ESD_0003_happiness_人们当然都叫他“奥林,1,ESD
"ESD_0003_happiness_看呀,我们差不多就装",1,ESD
ESD_0003_happiness_这个镇上所有的人都喜,1,ESD
ESD_0003_happiness_听说你要去香港看你叔,1,ESD
ESD_0003_happiness_你身上的每一点都吸引,1,ESD
ESD_0003_happiness_他好像跟他的秘书有过,1,ESD
"ESD_0003_happiness_是啊,他的健康我总放",1,ESD
"ESD_0003_happiness_真想不到,游泳竟有如",1,ESD
ESD_0003_happiness_是没什么但是挺别扭的,1,ESD
"ESD_0003_happiness_香港海洋公园,主人快",1,ESD
"ESD_0003_happiness_是个冰淇淋,桃花确实",1,ESD
"ESD_0003_happiness_还不太糟糕,但是得躺",1,ESD
ESD_0003_happiness_如果有我能帮忙的请告,1,ESD
ESD_0003_happiness_不会这么凑巧吧!我也,1,ESD
ESD_0003_happiness_别不好意思。再多吃些,1,ESD
"ESD_0003_happiness_很神奇的样子,我搞不",1,ESD
ESD_0003_happiness_我倒是有一个爱好——,1,ESD
ESD_0003_happiness_别小看我这发型!我还,1,ESD
ESD_0003_happiness_你女儿和她妈妈长得真,1,ESD
ESD_0003_happiness_我只会斗斗地主什么的,1,ESD
"ESD_0003_happiness_得了吧,别这么胆小啦",1,ESD
ESD_0003_happiness_就经常去我们宿舍附近,1,ESD
"ESD_0003_happiness_很快,车就可自动开了",1,ESD
"ESD_0003_happiness_我昨天遇到马克,他看",1,ESD
"ESD_0003_happiness_感觉好温暖呀,好的,",1,ESD
ESD_0003_happiness_没有找到蒸鱼的计时。,1,ESD
"ESD_0003_happiness_我们俩合不来,还经常",1,ESD
"ESD_0003_happiness_做不了什么,通常我会",1,ESD
ESD_0003_happiness_我的表两点四十二。可,1,ESD
ESD_0003_happiness_让我们看看哪一种球技,1,ESD
ESD_0003_happiness_我其实挺饿的。,1,ESD
ESD_0003_happiness_自己的事情要自己做。,1,ESD
ESD_0003_happiness_每天早晨都是我妈妈帮,1,ESD
"ESD_0003_happiness_那棒极了,其实心情挺",1,ESD
"ESD_0003_happiness_玛丽,你看来很喜欢挖",1,ESD
"ESD_0003_happiness_我也是,我还有点儿口",1,ESD
"ESD_0003_happiness_真是个好习惯,通常看",1,ESD
"ESD_0003_happiness_没有,不过,我们去了",1,ESD
"ESD_0003_happiness_快点起床,我在公寓门",1,ESD
ESD_0003_happiness_你的同学把你给捉弄了,1,ESD
"ESD_0003_happiness_不过我想星期五走,",1,ESD
ESD_0003_happiness_你还真是考虑周到。,1,ESD
ESD_0003_happiness_那你就离市区很远了。,1,ESD
"ESD_0003_happiness_汤姆是个好人,但却赌",1,ESD
ESD_0003_happiness_那你就说你为之神魂颠,1,ESD
"ESD_0003_happiness_是的,请返还我的钱,",1,ESD
"ESD_0003_happiness_如果你想要纹身,你去",1,ESD
"ESD_0003_happiness_不是,他住在沃斯盾的",1,ESD
ESD_0003_happiness_你说我们在芝加哥要待,1,ESD
ESD_0003_happiness_这些颜色也不太适合你,1,ESD
"ESD_0003_happiness_对别人没有,而对我就",1,ESD
ESD_0003_happiness_我的希望是工作到倒下,1,ESD
ESD_0003_happiness_吝啬鬼!他每天还骑自,1,ESD
ESD_0003_happiness_是你最牵挂的那个女人,1,ESD
ESD_0003_happiness_是不是依然觉得我很可,1,ESD
ESD_0003_happiness_多教我些东西我会更聪,1,ESD
ESD_0003_happiness_我要学习一下相关知识,1,ESD
ESD_0003_happiness_我喜欢几乎所有的运动,1,ESD
ESD_0003_happiness_也许能帮助你把事情弄,1,ESD
ESD_0003_happiness_我总是控制不了它。,1,ESD
ESD_0003_happiness_他们的配合值得我们学,1,ESD
ESD_0003_happiness_我也知道自己是大嘴巴,1,ESD
"ESD_0003_happiness_你可以去问鹦鹉啊,鹦",1,ESD
"ESD_0003_happiness_是啊,我还是个乳臭未",1,ESD
"ESD_0003_happiness_女孩的心思你别猜,但",1,ESD
ESD_0003_happiness_节食减肥很痛苦。,1,ESD
"ESD_0003_happiness_听大自然的声响,就像",1,ESD
"ESD_0003_happiness_现在,我仍然有点紧张",1,ESD
ESD_0003_happiness_不知道。或许一双新鞋,1,ESD
ESD_0003_happiness_有事记得喊我。,1,ESD
"ESD_0003_happiness_你好,布赖恩,正好四",1,ESD
ESD_0003_happiness_这样子比较有趣。,1,ESD
"ESD_0003_happiness_我也最喜欢你,不要开",1,ESD
ESD_0003_happiness_小心脚下。人行道上有,1,ESD
ESD_0003_happiness_我们还等什么,1,ESD
"ESD_0003_happiness_我还不会说其他外语,",1,ESD
ESD_0003_happiness_我只打算放松一下自己,1,ESD
ESD_0003_happiness_承蒙邀请参加你的婚礼,1,ESD
"ESD_0003_happiness_你知道,有时候病人会",1,ESD
ESD_0003_happiness_我的性格就是冷静并且,1,ESD
ESD_0003_happiness_我不会牺牲我的健康来,1,ESD
ESD_0003_happiness_当然!他是我们大学的,1,ESD
ESD_0003_happiness_他讲的笑话让我笑个不,1,ESD
ESD_0003_happiness_原来你也在玩这个,1,ESD
ESD_0003_happiness_我还不知道你认识弗兰,1,ESD
ESD_0003_happiness_我曾在一家船运公司里,1,ESD
ESD_0003_happiness_其实我们前天已经分手,1,ESD
ESD_0003_happiness_我想那些应该是草莓的,1,ESD
"ESD_0003_happiness_太妙了,我想换一些日",1,ESD
"ESD_0003_happiness_你得先回答我,你最喜",1,ESD
"ESD_0003_happiness_让我再想想,真相已经",1,ESD
ESD_0003_happiness_这样你就有时间挥拍打,1,ESD
"ESD_0003_happiness_你这个小气鬼,很不幸",1,ESD
"ESD_0003_happiness_我是个学生,服务器响",1,ESD
ESD_0003_happiness_一套古瓷器。它真的很,1,ESD
ESD_0003_happiness_他在这次竞选活动中花,1,ESD
"ESD_0003_happiness_她此刻失业了,你最好",1,ESD
"ESD_0003_happiness_带上你的家人,但是他",1,ESD
ESD_0003_happiness_你在我的心里折腾好久,1,ESD
"ESD_0003_happiness_你转一个,我想学习下",1,ESD
"ESD_0003_happiness_她和维克分手了,所以",1,ESD
ESD_0003_happiness_冬天雨非常多。我不喜,1,ESD
ESD_0003_happiness_时间对珍尼来说是没有,1,ESD
ESD_0003_happiness_大概足够支持我生活三,1,ESD
ESD_0003_happiness_你绝对猜不到她准备要,1,ESD
ESD_0003_happiness_二零一六年十一月五号,1,ESD
"ESD_0003_happiness_今天真凉快,我希望主",1,ESD
ESD_0003_happiness_软妹子生气会说:讨厌,1,ESD
ESD_0003_happiness_我们一起为他办个惊喜,1,ESD
ESD_0003_happiness_以后我要经常来这儿爬,1,ESD
"ESD_0003_happiness_我是一名教师,你可是",1,ESD
ESD_0003_happiness_上海现在是下午四点三,1,ESD
ESD_0003_happiness_别问了!说多了都是泪,1,ESD
ESD_0003_happiness_如果我滚远了就回不来,1,ESD
ESD_0003_happiness_带女友出去好好吃上一,1,ESD
"ESD_0003_happiness_炖肉一小时,剩余三十",1,ESD
ESD_0003_happiness_我以为你们国家的人都,1,ESD
"ESD_0003_happiness_我饿啦,我想去吃点东",1,ESD
"ESD_0003_happiness_为什么不,交朋友不分",1,ESD
"ESD_0003_happiness_当然知道,我们各有千",1,ESD
"ESD_0003_happiness_我喜欢你的干净整洁,",1,ESD
ESD_0003_happiness_我已经习惯这种气候了,1,ESD
ESD_0003_happiness_也就是一大堆照片。,1,ESD
"ESD_0003_happiness_那就一会再说,我好害",1,ESD
ESD_0003_happiness_希望我有一天也可以去,1,ESD
"ESD_0003_happiness_你昨天才买衣服,真是",1,ESD
"ESD_0003_happiness_还要叫她起床,怎么会",1,ESD
"ESD_0003_happiness_是的,我知道,患难见",1,ESD
"ESD_0003_happiness_我是萌萌哒,你是呆呆",1,ESD
ESD_0003_happiness_你可以在那儿呆上至少,1,ESD
ESD_0003_happiness_对不起我把咖啡洒在桌,1,ESD
"ESD_0003_happiness_也不算,她有的歌我挺",1,ESD
ESD_0003_happiness_我对养花已经厌倦了。,1,ESD
ESD_0003_happiness_我还会陪你一路走下去,1,ESD
ESD_0003_happiness_裁判全给了满分。,1,ESD
"ESD_0003_happiness_当然,我简直离开音乐",1,ESD
"ESD_0003_happiness_拜拜,明天要再来和小",1,ESD
ESD_0003_happiness_碰到喜欢的女孩子要主,1,ESD
ESD_0003_happiness_他的收支几乎不能平衡,1,ESD
"ESD_0003_happiness_明天是星期天,我们去",1,ESD
ESD_0003_happiness_大部分都是用诱饵钓到,1,ESD
"ESD_0003_happiness_所以你必须要坚持,时",1,ESD
ESD_0003_happiness_我非常支持人们走进太,1,ESD
ESD_0003_happiness_我的老朋友汉森就住在,1,ESD
ESD_0003_happiness_听起来你们玩得也很开,1,ESD
ESD_0003_happiness_这个对我来说有点难!,1,ESD
"ESD_0003_happiness_差不多,我们俩都很热",1,ESD
"ESD_0003_happiness_你要做爸爸了,真让人",1,ESD
ESD_0003_happiness_我真受不了城里那么大,1,ESD
ESD_0003_happiness_好的。新的音乐厅有一,1,ESD
"ESD_0003_happiness_这个位置不错,下车。",1,ESD
"ESD_0003_happiness_那不打扰你了,我不敢",1,ESD
"ESD_0003_happiness_最近很冷,风又大。",1,ESD
ESD_0003_happiness_我最近正在努力练习棋,1,ESD
"ESD_0003_happiness_拜托,别跟我提到笔记",1,ESD
ESD_0003_happiness_它是一个主要的空气污,1,ESD
"ESD_0003_happiness_我爱运动,但是对篮球",1,ESD
"ESD_0003_happiness_我不需要嗅觉,所以没",1,ESD
"ESD_0003_happiness_雪下得真大,带着我去",1,ESD
ESD_0003_happiness_我不这么认为。我们沿,1,ESD
"ESD_0003_happiness_食物也很美味,更不用",1,ESD
ESD_0003_happiness_大约一个小时左右。,1,ESD
ESD_0003_happiness_请勿进入竹林。不让进,1,ESD
ESD_0003_happiness_为了不让鱼吃掉诗人的,1,ESD
ESD_0003_happiness_那样的话你应该穿讲究,1,ESD
ESD_0003_happiness_我的直系亲属人数不多,1,ESD
ESD_0003_happiness_贾尼斯突然兴奋地大叫,1,ESD
ESD_0003_happiness_领带对男人来说真必不,1,ESD
ESD_0003_happiness_没有为什么就是要等我,1,ESD
ESD_0003_happiness_我不怎么在乎这个店有,1,ESD
ESD_0003_happiness_我最好的朋友就约会过,1,ESD
"ESD_0003_happiness_我不用转头,不需要脖",1,ESD
"ESD_0003_happiness_没看过小说,只有人类",1,ESD
ESD_0003_happiness_我是个游戏迷。,1,ESD
"ESD_0003_happiness_你比吴亦凡帅,我同意",1,ESD
"ESD_0003_happiness_我没有忽悠你,机器人",1,ESD
ESD_0003_happiness_最初我的工作是当一名,1,ESD
ESD_0003_happiness_陪你度过这漫长的黑夜,1,ESD
ESD_0003_happiness_这是我在旅游第四天拍,1,ESD
ESD_0003_happiness_这句话的意义我不太明,1,ESD
ESD_0003_happiness_我们想等一个合适的时,1,ESD
"ESD_0003_happiness_我很伤心,我准备去网",1,ESD
ESD_0003_happiness_这可真不像是场英超比,1,ESD
ESD_0003_happiness_他好像是被他女友给甩,1,ESD
ESD_0003_happiness_也许反倒是件好事,1,ESD
ESD_0003_happiness_听起来很厉害的样子!,1,ESD
ESD_0003_happiness_我必须再次感谢您的慷,1,ESD
"ESD_0003_happiness_我是淑女,只会讲文明",1,ESD
ESD_0003_happiness_这可是我学会的第一首,1,ESD
ESD_0003_happiness_谁都有烦的时候。,1,ESD
"ESD_0003_happiness_是很棒的一款手机,性",1,ESD
ESD_0003_happiness_没有找到你想删除的闹,1,ESD
"ESD_0003_happiness_很大,令人兴奋但是嘈",1,ESD
"ESD_0003_happiness_沈阳明天有雷阵雨,多",1,ESD
ESD_0003_happiness_但梅花往往被很多人忽,1,ESD
"ESD_0003_happiness_只要不违法,我还是想",1,ESD
ESD_0003_happiness_然后再找一个音乐播放,1,ESD
"ESD_0003_happiness_我当然喜欢,我很注意",1,ESD
"ESD_0003_happiness_是的,所以我永不喝它",1,ESD
"ESD_0003_happiness_我真兴奋,我终于有自",1,ESD
ESD_0003_happiness_我想说我也这样认为的,1,ESD
ESD_0003_happiness_绝对不可以走到湖的中,1,ESD
"ESD_0003_happiness_晚安,么么哒,满天都",1,ESD
"ESD_0003_happiness_有些人划船,有的人在",1,ESD
ESD_0003_happiness_我想所有中国人都会打,1,ESD
ESD_0003_happiness_有充足的时间购物和观,1,ESD
"ESD_0003_happiness_自己保重,记得要常联",1,ESD
"ESD_0003_happiness_门儿都没有,现在还不",1,ESD
"ESD_0003_happiness_我太喜欢听了,所以不",1,ESD
"ESD_0003_happiness_我随时都在,有没有梦",1,ESD
"ESD_0003_happiness_不会,不过我很喜欢单",1,ESD
ESD_0003_happiness_还有聊天记录。,1,ESD
"ESD_0003_happiness_在法国南部,气候常年",1,ESD
ESD_0003_happiness_哪天我也许得和他谈谈,1,ESD
"ESD_0003_happiness_振作点儿,我看了屏幕",1,ESD
"ESD_0003_happiness_我是银灰色的,我都被",1,ESD
"ESD_0003_happiness_文学和经济,我喜欢很",1,ESD
"ESD_0003_happiness_赌博往往是个祸根,",1,ESD
"ESD_0003_happiness_三个,两个儿子一个女",1,ESD
"ESD_0003_happiness_祝你春节快乐,全家幸",1,ESD
"ESD_0003_happiness_是的,我刚撞到了桌子",1,ESD
"ESD_0003_happiness_这个我相信,我是登山",1,ESD
"ESD_0003_happiness_播放歌单收藏,脑筋可",1,ESD
ESD_0003_happiness_我希望你能和我一起想,1,ESD
ESD_0003_happiness_我一直到清晨四点才到,1,ESD
ESD_0003_happiness_我刚从苏格兰回来。,1,ESD
ESD_0003_happiness_我支持你。它是需要重,1,ESD
ESD_0003_happiness_我在一个机械化农场做,1,ESD
ESD_0003_happiness_有时内在美更加重要。,1,ESD
ESD_0003_happiness_我去查查篮球相关的知,1,ESD
"ESD_0003_happiness_已经怀孕四个半月了,",1,ESD
"ESD_0003_happiness_这局我让你开,今天我",1,ESD
ESD_0003_happiness_我们休息一下喝杯咖啡,1,ESD
"ESD_0003_happiness_如果她拒绝我,我会死",1,ESD
ESD_0003_happiness_旅行结束后我将休息一,1,ESD
ESD_0003_happiness_现在全城的人都要向我,1,ESD
ESD_0003_happiness_我需要插着电源才能说,1,ESD
ESD_0003_happiness_每次你看到一些时尚衣,1,ESD
ESD_0003_happiness_你看上去比以前更漂亮,1,ESD
"ESD_0003_happiness_下午好,蒂娜,我想我",1,ESD
ESD_0003_happiness_家里有全自动洗衣机。,1,ESD
"ESD_0003_happiness_谢谢你来这里,告诉我",1,ESD
"ESD_0003_happiness_不是很喜欢,你把我绕",1,ESD
"ESD_0003_happiness_等待你的指令,随时可",1,ESD
ESD_0003_happiness_他对谁都那么友好。,1,ESD
ESD_0003_happiness_我喜欢吃中餐。,1,ESD
"ESD_0003_happiness_尽管提意见,我会改正",1,ESD
"ESD_0003_happiness_这么多笑话,一天讲不",1,ESD
"ESD_0003_happiness_我讨厌吃醋,偶是不懂",1,ESD
ESD_0003_happiness_我们下午可以在湖里划,1,ESD
ESD_0003_happiness_但是有时夏天比其它季,1,ESD
"ESD_0003_happiness_我们相处得很好,仅此",1,ESD
ESD_0003_happiness_于是我就问她能不能连,1,ESD
ESD_0003_happiness_我想要那种新款的美国,1,ESD
ESD_0003_happiness_错过这村可就没这店了,1,ESD
"ESD_0003_happiness_我曾经养过,我太高兴",1,ESD
ESD_0003_happiness_他们将于今年夏天结婚,1,ESD
"ESD_0003_happiness_谢谢你的夸奖,鲍伯上",1,ESD
"ESD_0003_happiness_你看起来很高兴,眼睛",1,ESD
ESD_0003_happiness_年轻人当然要承担责任,1,ESD
ESD_0003_happiness_不要乱问女孩子的年龄,1,ESD
ESD_0003_happiness_每天晚上跟你互道晚安,1,ESD
ESD_0003_happiness_我会在你的脸上画鬼脸,1,ESD
"ESD_0003_happiness_我缺钱用,所以上星期",1,ESD
ESD_0003_happiness_许多白领都参加到这个,1,ESD
"ESD_0003_happiness_很漂亮,不过人多拥挤",1,ESD
"ESD_0003_happiness_别总是闲着,找点事情",1,ESD
"ESD_0003_happiness_好好休息一下,这个小",1,ESD
ESD_0003_happiness_这两块是唐朝不同时期,1,ESD
"ESD_0003_happiness_我喜欢你的黑衣服,你",1,ESD
"ESD_0003_happiness_是的,真是名副其实。",1,ESD
"ESD_0003_happiness_是很难听的脏话,主人",1,ESD
"ESD_0003_neutral_打远一看,它们的确很",0,ESD
ESD_0003_neutral_英国的哲学家曾经说过,0,ESD
ESD_0003_neutral_我老家在北京。,0,ESD
ESD_0003_neutral_不管怎么说主队好象是,0,ESD
"ESD_0003_neutral_我们乘船漂游了三峡,",0,ESD
ESD_0003_neutral_我喜欢“北京欢迎你”,0,ESD
ESD_0003_neutral_我每个月打一次电话。,0,ESD
ESD_0003_neutral_沙尘暴好像给每个人都,0,ESD
"ESD_0003_neutral_就是这个意思,你又聪",0,ESD
ESD_0003_neutral_个人收藏家!他们肯定,0,ESD
ESD_0003_neutral_妇女节快乐。我永远爱,0,ESD
ESD_0003_neutral_你每次谈恋爱都像现在,0,ESD
"ESD_0003_neutral_周末的我,只忙着陪你",0,ESD
"ESD_0003_neutral_谁你也不认识,我很乐",0,ESD
ESD_0003_neutral_我特别喜欢网球和登山,0,ESD
ESD_0003_neutral_他一定是一眼就被你迷,0,ESD
ESD_0003_neutral_很快你上大学就用得到,0,ESD
"ESD_0003_neutral_我们意见不和,咱们去",0,ESD
"ESD_0003_neutral_不就是你嘛,为什么要",0,ESD
ESD_0003_neutral_前几天我碰见了一件有,0,ESD
ESD_0003_neutral_已经播至该专辑最后一,0,ESD
ESD_0003_neutral_我和我朋友刚从巴厘岛,0,ESD
ESD_0003_neutral_做一些好吃的促进宝宝,0,ESD
ESD_0003_neutral_你的身影总是在我心里,0,ESD
ESD_0003_neutral_我觉得并不是非要有特,0,ESD
"ESD_0003_neutral_是的,他很狡猾,经常",0,ESD
ESD_0003_neutral_工厂不把它直接排到大,0,ESD
"ESD_0003_neutral_没错,就是车门。另外",0,ESD
"ESD_0003_neutral_很可爱啊,就像你一样",0,ESD
"ESD_0003_neutral_除非你打飞碟球,但这",0,ESD
"ESD_0003_neutral_没听清,请问什么时间",0,ESD
ESD_0003_neutral_我遇到了一位漂亮的女,0,ESD
"ESD_0003_neutral_我是青蛙,不用冬眠的",0,ESD
"ESD_0003_neutral_那是马特,他肯定很勇",0,ESD
ESD_0003_neutral_这样无辜的人就不会被,0,ESD
ESD_0003_neutral_我必须一直通电才能工,0,ESD
ESD_0003_neutral_我和我的妻子盼望着和,0,ESD
"ESD_0003_neutral_当然是了,我现在快饿",0,ESD
"ESD_0003_neutral_没有找到日程,走的时",0,ESD
ESD_0003_neutral_是一家制药公司的短期,0,ESD
"ESD_0003_neutral_姐忙得很,没空和你说",0,ESD
"ESD_0003_neutral_我会暖被窝了,逗你的",0,ESD
"ESD_0003_neutral_这样的话,我们可以选",0,ESD
"ESD_0003_neutral_比方说,“华尔街日报",0,ESD
ESD_0003_neutral_我知道人生并不总是一,0,ESD
ESD_0003_neutral_我们可以轮流开车。,0,ESD
ESD_0003_neutral_这是台湾地区最大的动,0,ESD
"ESD_0003_neutral_时候不早了,我来了,",0,ESD
ESD_0003_neutral_递给我一些彩球和纸花,0,ESD
"ESD_0003_neutral_每次叫我都不给红包,",0,ESD
"ESD_0003_neutral_没关系,也许他老婆会",0,ESD
ESD_0003_neutral_你不应该害怕开始一段,0,ESD
"ESD_0003_neutral_我肯定会的,那以后我",0,ESD
ESD_0003_neutral_我是基于人工智能系统,0,ESD
ESD_0003_neutral_它实际会形成一氧化碳,0,ESD
ESD_0003_neutral_我参加了一个有关全球,0,ESD
"ESD_0003_neutral_跳舞好难呀,我还正在",0,ESD
ESD_0003_neutral_让人看上去就感到宽广,0,ESD
"ESD_0003_neutral_只要是我能玩好的,我",0,ESD
ESD_0003_neutral_坐地铁只需要大约二十,0,ESD
ESD_0003_neutral_下个月我姐姐要结婚了,0,ESD
ESD_0003_neutral_我是顺路过来跟你告别,0,ESD
ESD_0003_neutral_你知道我很努力地在戒,0,ESD
"ESD_0003_neutral_我告退了,晚上回去拍",0,ESD
"ESD_0003_neutral_一点也不差,先把握好",0,ESD
ESD_0003_neutral_我们可以去钓鱼、聊天,0,ESD
ESD_0003_neutral_你深深地印在我的脑海,0,ESD
ESD_0003_neutral_我应该给女朋友买玫瑰,0,ESD
"ESD_0003_neutral_以后不要喝那么多了,",0,ESD
"ESD_0003_neutral_心动不如行动,我不太",0,ESD
ESD_0003_neutral_只要令人鼓舞的电影我,0,ESD
ESD_0003_neutral_资料全都不见了。气死,0,ESD
ESD_0003_neutral_她总是带香甜甜的微笑,0,ESD
ESD_0003_neutral_今年应该是第二十七个,0,ESD
ESD_0003_neutral_我也想去看可爱的熊猫,0,ESD
"ESD_0003_neutral_是的,你是个大块头,",0,ESD
"ESD_0003_neutral_奏婚礼进行曲了,他们",0,ESD
"ESD_0003_neutral_它们的设计外形小巧,",0,ESD
ESD_0003_neutral_人们当然都叫他“奥林,0,ESD
"ESD_0003_neutral_看呀,我们差不多就装",0,ESD
ESD_0003_neutral_这个镇上所有的人都喜,0,ESD
ESD_0003_neutral_听说你要去香港看你叔,0,ESD
ESD_0003_neutral_你身上的每一点都吸引,0,ESD
ESD_0003_neutral_他好像跟他的秘书有过,0,ESD
"ESD_0003_neutral_是啊,他的健康我总放",0,ESD
"ESD_0003_neutral_真想不到,游泳竟有如",0,ESD
ESD_0003_neutral_是没什么但是挺别扭的,0,ESD
"ESD_0003_neutral_香港海洋公园,主人快",0,ESD
"ESD_0003_neutral_是个冰淇淋,桃花确实",0,ESD
"ESD_0003_neutral_还不太糟糕,但是得躺",0,ESD
ESD_0003_neutral_如果有我能帮忙的请告,0,ESD
ESD_0003_neutral_不会这么凑巧吧!我也,0,ESD
ESD_0003_neutral_别不好意思。再多吃些,0,ESD
"ESD_0003_neutral_很神奇的样子,我搞不",0,ESD
ESD_0003_neutral_我倒是有一个爱好——,0,ESD
ESD_0003_neutral_别小看我这发型!我还,0,ESD
ESD_0003_neutral_你女儿和她妈妈长得很,0,ESD
ESD_0003_neutral_我只会斗斗地主什么的,0,ESD
"ESD_0003_neutral_得了吧,别这么胆小啦",0,ESD
ESD_0003_neutral_就经常去我们宿舍附近,0,ESD
"ESD_0003_neutral_很快,车就可自动开了",0,ESD
"ESD_0003_neutral_我昨天遇到马克,他看",0,ESD
"ESD_0003_neutral_感觉好温暖呀,好的,",0,ESD
ESD_0003_neutral_没有找到蒸鱼的计时。,0,ESD
"ESD_0003_neutral_我们俩合不来,还经常",0,ESD
"ESD_0003_neutral_做不了什么,通常我会",0,ESD
ESD_0003_neutral_我的表两点四十二。可,0,ESD
ESD_0003_neutral_让我们看看哪一种球技,0,ESD
ESD_0003_neutral_我其实挺饿的。,0,ESD
ESD_0003_neutral_自己的事情要自己做。,0,ESD
ESD_0003_neutral_每天早晨都是我妈妈帮,0,ESD
"ESD_0003_neutral_那棒极了,其实心情挺",0,ESD
"ESD_0003_neutral_玛丽,你看来很喜欢挖",0,ESD
"ESD_0003_neutral_我也是,我还有点儿口",0,ESD
"ESD_0003_neutral_真是个好习惯,通常看",0,ESD
"ESD_0003_neutral_没有,不过,我们去了",0,ESD
"ESD_0003_neutral_快点起床,我在公寓门",0,ESD
ESD_0003_neutral_你的同学把你给捉弄了,0,ESD
"ESD_0003_neutral_不过我想星期五走,",0,ESD
ESD_0003_neutral_你还真是考虑周到。,0,ESD
ESD_0003_neutral_那你就离市区很远了。,0,ESD
"ESD_0003_neutral_汤姆是个好人,但却赌",0,ESD
ESD_0003_neutral_那你就说你为之神魂颠,0,ESD
"ESD_0003_neutral_是的,请返还我的钱,",0,ESD
"ESD_0003_neutral_如果你想要纹身,你去",0,ESD
"ESD_0003_neutral_不是,他住在沃斯盾的",0,ESD
ESD_0003_neutral_你说我们在芝加哥要待,0,ESD
ESD_0003_neutral_这些颜色也不太适合你,0,ESD
"ESD_0003_neutral_对别人没有,而对我就",0,ESD
ESD_0003_neutral_我的希望是工作到倒下,0,ESD
ESD_0003_neutral_吝啬鬼!他每天还骑自,0,ESD
ESD_0003_neutral_是你最牵挂的那个女人,0,ESD
ESD_0003_neutral_是不是依然觉得我很可,0,ESD
ESD_0003_neutral_多教我些东西我会更聪,0,ESD
ESD_0003_neutral_我要学习一下相关知识,0,ESD
ESD_0003_neutral_我喜欢几乎所有的运动,0,ESD
ESD_0003_neutral_也许能帮助你把事情弄,0,ESD
ESD_0003_neutral_我总是控制不了它。,0,ESD
ESD_0003_neutral_他们的配合值得我们学,0,ESD
ESD_0003_neutral_我也知道自己是大嘴巴,0,ESD
"ESD_0003_neutral_你可以去问鹦鹉啊,鹦",0,ESD
"ESD_0003_neutral_是啊,我还是个乳臭未",0,ESD
"ESD_0003_neutral_女孩的心思你别猜,但",0,ESD
ESD_0003_neutral_节食减肥很痛苦。,0,ESD
"ESD_0003_neutral_听大自然的声响,就像",0,ESD
"ESD_0003_neutral_现在,我仍然有点紧张",0,ESD
ESD_0003_neutral_不知道。或许一双新鞋,0,ESD
ESD_0003_neutral_有事记得喊我。,0,ESD
"ESD_0003_neutral_你好,布赖恩,正好四",0,ESD
ESD_0003_neutral_这样子比较有趣。,0,ESD
"ESD_0003_neutral_我也最喜欢你,不要开",0,ESD
ESD_0003_neutral_小心脚下。人行道上有,0,ESD
ESD_0003_neutral_我们还等什么,0,ESD
"ESD_0003_neutral_我还不会说其他外语,",0,ESD
ESD_0003_neutral_我只打算放松一下自己,0,ESD
ESD_0003_neutral_承蒙邀请参加你的婚礼,0,ESD
"ESD_0003_neutral_你知道,有时候病人会",0,ESD
ESD_0003_neutral_我的性格就是冷静并且,0,ESD
ESD_0003_neutral_我不会牺牲我的健康来,0,ESD
ESD_0003_neutral_当然!他是我们大学的,0,ESD
ESD_0003_neutral_他讲的笑话让我笑个不,0,ESD
ESD_0003_neutral_原来你也在玩这个,0,ESD
ESD_0003_neutral_我还不知道你认识弗兰,0,ESD
ESD_0003_neutral_我曾在一家海运公司里,0,ESD
ESD_0003_neutral_其实我们前天已经分手,0,ESD
ESD_0003_neutral_我想那些应该是草莓的,0,ESD
"ESD_0003_neutral_太妙了,我想换一些日",0,ESD
"ESD_0003_neutral_你得先回答我,你最喜",0,ESD
"ESD_0003_neutral_让我再想想,真相已经",0,ESD
ESD_0003_neutral_这样你就有时间挥拍打,0,ESD
"ESD_0003_neutral_你这个小气鬼,很不幸",0,ESD
"ESD_0003_neutral_我是个学生,服务器响",0,ESD
ESD_0003_neutral_一套古瓷器。它真的很,0,ESD
ESD_0003_neutral_他在这次竞选活动中花,0,ESD
"ESD_0003_neutral_她此刻失业了,你最好",0,ESD
"ESD_0003_neutral_带上你的家人,但是他",0,ESD
ESD_0003_neutral_你在我的心里折腾好久,0,ESD
"ESD_0003_neutral_你转一个,我想学习下",0,ESD
"ESD_0003_neutral_她和维克分手了,所以",0,ESD
ESD_0003_neutral_冬天雨非常多。我不喜,0,ESD
ESD_0003_neutral_时间对珍尼来说是没有,0,ESD
ESD_0003_neutral_大概足够支持我生活三,0,ESD
ESD_0003_neutral_你绝对猜不到她准备要,0,ESD
ESD_0003_neutral_二零一六年十一月五号,0,ESD
"ESD_0003_neutral_今天真凉快,我希望主",0,ESD
ESD_0003_neutral_软妹子生气会说:讨厌,0,ESD
ESD_0003_neutral_我们一起为他办个惊喜,0,ESD
ESD_0003_neutral_以后我要经常来这儿爬,0,ESD
"ESD_0003_neutral_我是一名教师,你可是",0,ESD
ESD_0003_neutral_上海现在是下午四点三,0,ESD
ESD_0003_neutral_别问了!说多了都是眼,0,ESD
ESD_0003_neutral_如果我滚远了就回不来,0,ESD
ESD_0003_neutral_带女友出去好好吃上一,0,ESD
"ESD_0003_neutral_炖肉一小时,剩余三十",0,ESD
ESD_0003_neutral_我以为你们国家的人都,0,ESD
"ESD_0003_neutral_我饿啦,我想去吃点东",0,ESD
"ESD_0003_neutral_为什么不,交朋友不分",0,ESD
"ESD_0003_neutral_当然知道,我们各有千",0,ESD
"ESD_0003_neutral_我喜欢你的干净整洁,",0,ESD
ESD_0003_neutral_我已经习惯这种气候了,0,ESD
ESD_0003_neutral_也就是一大堆照片。,0,ESD
"ESD_0003_neutral_那就一会再说,我好害",0,ESD
ESD_0003_neutral_希望我有一天也可以去,0,ESD
"ESD_0003_neutral_你昨天才买衣服,真是",0,ESD
"ESD_0003_neutral_还要叫她起床,怎么会",0,ESD
"ESD_0003_neutral_是的,我知道,患难见",0,ESD
"ESD_0003_neutral_我是萌萌哒,你是呆呆",0,ESD
ESD_0003_neutral_你可以在那儿呆上至少,0,ESD
ESD_0003_neutral_对不起我把咖啡酒洒在,0,ESD
"ESD_0003_neutral_也不算,她有的歌我都",0,ESD
ESD_0003_neutral_我对养花已经厌倦了。,0,ESD
ESD_0003_neutral_我还会陪你一路走下去,0,ESD
ESD_0003_neutral_裁判全给了满分。,0,ESD
"ESD_0003_neutral_当然,我简直离开音乐",0,ESD
"ESD_0003_neutral_拜拜,明天要再来和小",0,ESD
ESD_0003_neutral_碰到喜欢的女孩子要主,0,ESD
ESD_0003_neutral_他的收支几乎不能平衡,0,ESD
"ESD_0003_neutral_明天是星期天,我们去",0,ESD
ESD_0003_neutral_大部分都是用诱饵钓到,0,ESD
"ESD_0003_neutral_所以你必须要坚持,时",0,ESD
ESD_0003_neutral_我非常支持人们走进太,0,ESD
ESD_0003_neutral_我的老朋友汉森就住在,0,ESD
ESD_0003_neutral_听起来你们玩得也很开,0,ESD
ESD_0003_neutral_这个对我来说有点难!,0,ESD
"ESD_0003_neutral_差不多,我们俩都很热",0,ESD
"ESD_0003_neutral_你要做爸爸了,真让人",0,ESD
ESD_0003_neutral_我真受不了城里那么大,0,ESD
ESD_0003_neutral_好的。新的音乐厅有一,0,ESD
"ESD_0003_neutral_这个位置不错,下车。",0,ESD
"ESD_0003_neutral_那不打扰你了,我不敢",0,ESD
"ESD_0003_neutral_最近很冷,风又大。",0,ESD
ESD_0003_neutral_我最近正在努力练习棋,0,ESD
"ESD_0003_neutral_拜托,别跟我提到笔记",0,ESD
ESD_0003_neutral_它是一个主要的空气污,0,ESD
"ESD_0003_neutral_我爱运动,但是对篮球",0,ESD
"ESD_0003_neutral_我不需要嗅觉,所以没",0,ESD
"ESD_0003_neutral_雪下得真大,带着我去",0,ESD
ESD_0003_neutral_我不这么认为。我们沿,0,ESD
"ESD_0003_neutral_食物也很美味,更不用",0,ESD
ESD_0003_neutral_大约一个小时左右。,0,ESD
ESD_0003_neutral_请勿进入竹林。不让进,0,ESD
ESD_0003_neutral_为了不让鱼吃掉诗人的,0,ESD
ESD_0003_neutral_那样的话你应该穿讲究,0,ESD
ESD_0003_neutral_我的直系亲属人数不多,0,ESD
ESD_0003_neutral_贾尼斯突然兴奋地大叫,0,ESD
ESD_0003_neutral_领带对男人来说真必不,0,ESD
ESD_0003_neutral_没有为什么就是要等我,0,ESD
ESD_0003_neutral_我不怎么在乎这个店有,0,ESD
ESD_0003_neutral_我最好的朋友就约会过,0,ESD
"ESD_0003_neutral_我不用转头,不需要脖",0,ESD
"ESD_0003_neutral_没看过小说,只有人类",0,ESD
ESD_0003_neutral_我是个游戏迷。,0,ESD
"ESD_0003_neutral_你比吴亦凡帅,我同意",0,ESD
"ESD_0003_neutral_我没有忽悠你,机器人",0,ESD
ESD_0003_neutral_最初我的工作是当一名,0,ESD
ESD_0003_neutral_陪你度过这漫长的黑夜,0,ESD
ESD_0003_neutral_这是我在旅游第四天拍,0,ESD
ESD_0003_neutral_这句话的意义我不太明,0,ESD
ESD_0003_neutral_我们想等一个合适的时,0,ESD
"ESD_0003_neutral_我很伤心,我准备去网",0,ESD
ESD_0003_neutral_这可真不像是场英超比,0,ESD
ESD_0003_neutral_他好像是被他女友给甩,0,ESD
ESD_0003_neutral_也许反倒是件好事,0,ESD
ESD_0003_neutral_听起来很厉害的样子!,0,ESD
ESD_0003_neutral_我必须再次感谢您的慷,0,ESD
"ESD_0003_neutral_我是淑女,只会讲文明",0,ESD
ESD_0003_neutral_这可是我学会的第一首,0,ESD
ESD_0003_neutral_谁都有烦的时候。,0,ESD
"ESD_0003_neutral_是很棒的一款手机,性",0,ESD
ESD_0003_neutral_没有找到你想删除的闹,0,ESD
"ESD_0003_neutral_很大,令人兴奋但是嘈",0,ESD
"ESD_0003_neutral_沈阳明天有雷阵雨,多",0,ESD
ESD_0003_neutral_但梅花往往被很多人忽,0,ESD
"ESD_0003_neutral_只要不违法,我还是想",0,ESD
ESD_0003_neutral_然后再找一个音乐播放,0,ESD
"ESD_0003_neutral_我当然喜欢,我很注意",0,ESD
"ESD_0003_neutral_是的,所以我永不喝它",0,ESD
"ESD_0003_neutral_我真兴奋,我终于有自",0,ESD
ESD_0003_neutral_我想说我也这样认为的,0,ESD
ESD_0003_neutral_绝对不可以走到湖的中,0,ESD
"ESD_0003_neutral_晚安,么么哒,满天都",0,ESD
"ESD_0003_neutral_有些人划船,有的人在",0,ESD
ESD_0003_neutral_我想所有中国人都会打,0,ESD
ESD_0003_neutral_有充足的时间购物和观,0,ESD
"ESD_0003_neutral_自己保重,记得要常联",0,ESD
"ESD_0003_neutral_门儿都没有,现在还不",0,ESD
"ESD_0003_neutral_我太喜欢听了,所以不",0,ESD
"ESD_0003_neutral_我随时都在,有没有梦",0,ESD
"ESD_0003_neutral_不会,不过我很喜欢单",0,ESD
ESD_0003_neutral_还有聊天记录。,0,ESD
"ESD_0003_neutral_在法国南部,气候常年",0,ESD
ESD_0003_neutral_哪天我也许得和他谈谈,0,ESD
"ESD_0003_neutral_振作点儿,我看了屏幕",0,ESD
"ESD_0003_neutral_我是银灰色的,我都被",0,ESD
"ESD_0003_neutral_文学和经济,我喜欢很",0,ESD
"ESD_0003_neutral_赌博往往是个祸根,",0,ESD
"ESD_0003_neutral_三个,两个儿子一个女",0,ESD
"ESD_0003_neutral_祝你春节快乐,全家幸",0,ESD
"ESD_0003_neutral_是的,我刚撞到桌子了",0,ESD
"ESD_0003_neutral_这个我相信,我是登山",0,ESD
"ESD_0003_neutral_播放歌单收藏,脑筋可",0,ESD
ESD_0003_neutral_我希望你能和我一起想,0,ESD
ESD_0003_neutral_我一直到清晨四点才到,0,ESD
ESD_0003_neutral_我刚从苏格兰回来。,0,ESD
ESD_0003_neutral_我支持你。它是需要重,0,ESD
ESD_0003_neutral_我在一个机械化农场做,0,ESD
ESD_0003_neutral_有时内在美更加重要。,0,ESD
ESD_0003_neutral_我去查查篮球相关的知,0,ESD
"ESD_0003_neutral_已经怀孕四个半月了,",0,ESD
"ESD_0003_neutral_这局我让你开,今天我",0,ESD
ESD_0003_neutral_我们休息一下喝杯咖啡,0,ESD
"ESD_0003_neutral_如果她拒绝我,我会死",0,ESD
ESD_0003_neutral_旅行结束后我将休息一,0,ESD
ESD_0003_neutral_现在全城的人都要我借,0,ESD
ESD_0003_neutral_我需要插着电源才能说,0,ESD
ESD_0003_neutral_每次你看到一些时尚衣,0,ESD
ESD_0003_neutral_你看上去比以前更漂亮,0,ESD
"ESD_0003_neutral_下午好,蒂娜,我想我",0,ESD
ESD_0003_neutral_家里有全自动洗衣机。,0,ESD
"ESD_0003_neutral_谢谢你来这里,告诉我",0,ESD
"ESD_0003_neutral_不是很喜欢,你把我绕",0,ESD
"ESD_0003_neutral_等待你的指令,随时可",0,ESD
ESD_0003_neutral_他对谁都那么友好。,0,ESD
ESD_0003_neutral_我喜欢吃中餐。,0,ESD
"ESD_0003_neutral_尽管提意见,我会改正",0,ESD
"ESD_0003_neutral_这么多笑话,一天讲不",0,ESD
"ESD_0003_neutral_我讨厌吃醋,偶是不懂",0,ESD
ESD_0003_neutral_我们下午可以在湖里划,0,ESD
ESD_0003_neutral_但是有时夏天比其它季,0,ESD
"ESD_0003_neutral_我们相处得很好,仅此",0,ESD
ESD_0003_neutral_于是我就问她能不能连,0,ESD
ESD_0003_neutral_我想要那种新款的美国,0,ESD
ESD_0003_neutral_错过这村可就没了这个,0,ESD
"ESD_0003_neutral_我曾经养过,我太高兴",0,ESD
ESD_0003_neutral_他们将于今年夏天结婚,0,ESD
"ESD_0003_neutral_谢谢你的夸奖,鲍伯上",0,ESD
"ESD_0003_neutral_你看起来很高兴,眼睛",0,ESD
ESD_0003_neutral_年轻人当然要承担责任,0,ESD
ESD_0003_neutral_不要乱问女孩子的年龄,0,ESD
ESD_0003_neutral_每天晚上跟你互道晚安,0,ESD
ESD_0003_neutral_我会在你的脸上画鬼脸,0,ESD
"ESD_0003_neutral_我缺钱用,所以上星期",0,ESD
ESD_0003_neutral_许多白领都参加到这个,0,ESD
"ESD_0003_neutral_很漂亮,不过人多拥挤",0,ESD
"ESD_0003_neutral_别总是闲着,找点事情",0,ESD
"ESD_0003_neutral_好好休息一下,这个小",0,ESD
ESD_0003_neutral_这两块是唐朝不同时期,0,ESD
"ESD_0003_neutral_我喜欢你的黑衣服,你",0,ESD
"ESD_0003_neutral_是的,真是名副其实。",0,ESD
"ESD_0003_neutral_是很难听的脏话,主人",0,ESD
"ESD_0003_sadness_打远一看,它们的确很",3,ESD
ESD_0003_sadness_英国的哲学家曾经说过,3,ESD
ESD_0003_sadness_我老家在北京。,3,ESD
ESD_0003_sadness_不管怎么说主队好象是,3,ESD
"ESD_0003_sadness_我们乘船漂游了三峡,",3,ESD
ESD_0003_sadness_我喜欢“北京欢迎你”,3,ESD
ESD_0003_sadness_我每个月打一次电话。,3,ESD
ESD_0003_sadness_沙尘暴好像给每个人都,3,ESD
"ESD_0003_sadness_就是这个意思,你又聪",3,ESD
ESD_0003_sadness_个人收藏家!他们肯定,3,ESD
ESD_0003_sadness_妇女节快乐。我永远爱,3,ESD
ESD_0003_sadness_你每次谈恋爱都像现在,3,ESD
"ESD_0003_sadness_周末的我,只忙着陪你",3,ESD
"ESD_0003_sadness_谁你也不认识,我很乐",3,ESD
ESD_0003_sadness_我特别喜欢网球和登山,3,ESD
ESD_0003_sadness_他一定是一眼就被你迷,3,ESD
ESD_0003_sadness_很快你上大学就用得到,3,ESD
"ESD_0003_sadness_我们意见不和,咱们去",3,ESD
"ESD_0003_sadness_不就是你嘛,为什么要",3,ESD
ESD_0003_sadness_前几天我碰见了一件有,3,ESD
ESD_0003_sadness_已经播至该专辑最后一,3,ESD
ESD_0003_sadness_我和我朋友刚从巴厘岛,3,ESD
ESD_0003_sadness_做一些好吃的促进宝宝,3,ESD
ESD_0003_sadness_你的身影总是在我心里,3,ESD
ESD_0003_sadness_我觉得并不是非要有特,3,ESD
"ESD_0003_sadness_是的,他很狡猾,经常",3,ESD
ESD_0003_sadness_工厂不把它直接排到大,3,ESD
"ESD_0003_sadness_没错,就是车门。另外",3,ESD
"ESD_0003_sadness_很可爱啊,就像你一样",3,ESD
"ESD_0003_sadness_除非你打飞碟球,但这",3,ESD
"ESD_0003_sadness_没听清,请问什么时间",3,ESD
ESD_0003_sadness_我遇到了一位漂亮的女,3,ESD
"ESD_0003_sadness_我是青蛙,不用冬眠的",3,ESD
"ESD_0003_sadness_那是马特,他肯定很勇",3,ESD
ESD_0003_sadness_这样无辜的人就不会被,3,ESD
ESD_0003_sadness_我必须一直通电才能工,3,ESD
ESD_0003_sadness_我和我的妻子盼望着和,3,ESD
"ESD_0003_sadness_当然是了,我现在快饿",3,ESD
"ESD_0003_sadness_没有找到日程,走的时",3,ESD
ESD_0003_sadness_是一家制药公司的短期,3,ESD
"ESD_0003_sadness_姐忙得很,没空和你说",3,ESD
"ESD_0003_sadness_我会暖被窝了,逗你的",3,ESD
"ESD_0003_sadness_这样的话,我们可以选",3,ESD
"ESD_0003_sadness_比如说,“华尔街日报",3,ESD
ESD_0003_sadness_我知道人生并不总是一,3,ESD
ESD_0003_sadness_我们可以轮流开车。,3,ESD
ESD_0003_sadness_这是台湾地区最大的动,3,ESD
"ESD_0003_sadness_时候不早了,我来了,",3,ESD
ESD_0003_sadness_递给我一些彩球和纸花,3,ESD
"ESD_0003_sadness_每次叫我都不给红包,",3,ESD
"ESD_0003_sadness_没关系,也许他老婆会",3,ESD
ESD_0003_sadness_你不应该害怕开始一段,3,ESD
"ESD_0003_sadness_我肯定会的,那以后我",3,ESD
ESD_0003_sadness_我是基于人工智能系统,3,ESD
ESD_0003_sadness_它实际会形成一氧化碳,3,ESD
ESD_0003_sadness_我参加了一个有关全球,3,ESD
"ESD_0003_sadness_跳舞好难呀,我还正在",3,ESD
ESD_0003_sadness_让人看上去就感到宽广,3,ESD
"ESD_0003_sadness_只要是我能玩好的,我",3,ESD
ESD_0003_sadness_坐地铁只需要大约二十,3,ESD
ESD_0003_sadness_下个月我姐姐要结婚了,3,ESD
ESD_0003_sadness_我是顺路过来跟你告别,3,ESD
ESD_0003_sadness_你知道我很努力地在戒,3,ESD
"ESD_0003_sadness_我告退了,晚上回去拍",3,ESD
"ESD_0003_sadness_一点也不差,先把握好",3,ESD
ESD_0003_sadness_我们可以去钓鱼、聊天,3,ESD
ESD_0003_sadness_你深深地印在我的脑海,3,ESD
ESD_0003_sadness_我应该给女朋友买玫瑰,3,ESD
"ESD_0003_sadness_以后不要喝那么多了,",3,ESD
"ESD_0003_sadness_心动不如行动,我不太",3,ESD
ESD_0003_sadness_只要令人鼓舞的电影我,3,ESD
ESD_0003_sadness_资料全都不见了。气死,3,ESD
ESD_0003_sadness_她总是带香甜甜的微笑,3,ESD
ESD_0003_sadness_今年应该是第二十七个,3,ESD
ESD_0003_sadness_我也想去看可爱的熊猫,3,ESD
"ESD_0003_sadness_是的,你是个大块头,",3,ESD
"ESD_0003_sadness_奏婚礼进行曲了,他们",3,ESD
"ESD_0003_sadness_它们的设计外形小巧,",3,ESD
ESD_0003_sadness_人们当然都叫他“奥林,3,ESD
"ESD_0003_sadness_看呀,我们差不多就装",3,ESD
ESD_0003_sadness_这个镇上所有的人都喜,3,ESD
ESD_0003_sadness_听说你要去香港看你叔,3,ESD
ESD_0003_sadness_你身上的每一点都吸引,3,ESD
ESD_0003_sadness_他好像跟他的秘书有过,3,ESD
"ESD_0003_sadness_是啊,他的健康我总放",3,ESD
"ESD_0003_sadness_真想不到,游泳竟有如",3,ESD
ESD_0003_sadness_是没什么但是挺别扭的,3,ESD
"ESD_0003_sadness_香港海洋公园,主人快",3,ESD
"ESD_0003_sadness_是个冰淇淋,桃花确实",3,ESD
"ESD_0003_sadness_还不太糟糕,但是得躺",3,ESD
ESD_0003_sadness_如果有我能帮忙的请告,3,ESD
ESD_0003_sadness_不会这么凑巧吧!我也,3,ESD
ESD_0003_sadness_别不好意思。再多吃些,3,ESD
"ESD_0003_sadness_很神奇的样子,我搞不",3,ESD
ESD_0003_sadness_我倒是有一个爱好——,3,ESD
ESD_0003_sadness_别小看我这发型!我还,3,ESD
ESD_0003_sadness_你女儿和她妈妈长得真,3,ESD
ESD_0003_sadness_我只会斗斗地主什么的,3,ESD
"ESD_0003_sadness_得了吧,别这么胆小啦",3,ESD
ESD_0003_sadness_就经常去我们宿舍附近,3,ESD
"ESD_0003_sadness_很快,车就可自动开了",3,ESD
"ESD_0003_sadness_我昨天遇到马克,他看",3,ESD
"ESD_0003_sadness_感觉好温暖呀,好呀,",3,ESD
ESD_0003_sadness_没有找到蒸鱼的计时。,3,ESD
"ESD_0003_sadness_我们俩合不来,还经常",3,ESD
"ESD_0003_sadness_做不了什么,通常我会",3,ESD
ESD_0003_sadness_我的表两点四十二。可,3,ESD
ESD_0003_sadness_让我们看看哪一种球技,3,ESD
ESD_0003_sadness_我其实挺饿的。,3,ESD
ESD_0003_sadness_自己的事情要自己做。,3,ESD
ESD_0003_sadness_每天早晨都是我妈妈帮,3,ESD
"ESD_0003_sadness_那棒极了,其实心情挺",3,ESD
"ESD_0003_sadness_玛丽,你看来很喜欢挖",3,ESD
"ESD_0003_sadness_我也是,我还有点儿口",3,ESD
"ESD_0003_sadness_真是个好习惯,通常看",3,ESD
"ESD_0003_sadness_没有,不过,我们去了",3,ESD
"ESD_0003_sadness_快点起床,我在公寓门",3,ESD
ESD_0003_sadness_你的同学把你给捉弄了,3,ESD
"ESD_0003_sadness_不过我想星期五走,",3,ESD
ESD_0003_sadness_你还真是考虑周到。,3,ESD
ESD_0003_sadness_那你就离市区很远了。,3,ESD
"ESD_0003_sadness_汤姆是个好人,但却赌",3,ESD
ESD_0003_sadness_那你就说你为之神魂颠,3,ESD
"ESD_0003_sadness_是的,请返还我的钱,",3,ESD
"ESD_0003_sadness_如果你想要纹身,你去",3,ESD
"ESD_0003_sadness_不是,他住在沃斯盾的",3,ESD
ESD_0003_sadness_你说我们在芝加哥要待,3,ESD
ESD_0003_sadness_这些颜色也不太适合你,3,ESD
"ESD_0003_sadness_对别人没有,而对我就",3,ESD
ESD_0003_sadness_我的希望是工作到倒下,3,ESD
ESD_0003_sadness_吝啬鬼!他每天还骑自,3,ESD
ESD_0003_sadness_是你最牵挂的那个女人,3,ESD
ESD_0003_sadness_是不是依然觉得我很可,3,ESD
ESD_0003_sadness_多教我些东西我会更聪,3,ESD
ESD_0003_sadness_我要学习一下相关知识,3,ESD
ESD_0003_sadness_我喜欢几乎所有的运动,3,ESD
ESD_0003_sadness_也许能帮助你把事情弄,3,ESD
ESD_0003_sadness_我总是控制不了它。,3,ESD
ESD_0003_sadness_他们的配合值得我们学,3,ESD
ESD_0003_sadness_我也知道自己是大嘴巴,3,ESD
"ESD_0003_sadness_你可以去问鹦鹉啊,鹦",3,ESD
"ESD_0003_sadness_是啊,我还是个乳臭未",3,ESD
"ESD_0003_sadness_女孩的心思你别猜,但",3,ESD
ESD_0003_sadness_节食减肥很痛苦。,3,ESD
"ESD_0003_sadness_听大自然的声响,就像",3,ESD
"ESD_0003_sadness_现在,我仍然有点紧张",3,ESD
ESD_0003_sadness_不知道。或许一双新鞋,3,ESD
ESD_0003_sadness_有事记得喊我。,3,ESD
"ESD_0003_sadness_你好,布赖恩,正好四",3,ESD
ESD_0003_sadness_这样子比较有趣。,3,ESD
"ESD_0003_sadness_我也最喜欢你,不要开",3,ESD
ESD_0003_sadness_小心脚下。人行道上有,3,ESD
ESD_0003_sadness_我们还等什么,3,ESD
"ESD_0003_sadness_我还不会说其他外语,",3,ESD
ESD_0003_sadness_我只打算放松一下自己,3,ESD
ESD_0003_sadness_承蒙邀请参加你的婚礼,3,ESD
"ESD_0003_sadness_你知道,有时候病人会",3,ESD
ESD_0003_sadness_我的性格就是冷静并且,3,ESD
ESD_0003_sadness_我不会牺牲我的健康来,3,ESD
ESD_0003_sadness_当然!他是我们大学的,3,ESD
ESD_0003_sadness_他讲的笑话让我笑个不,3,ESD
ESD_0003_sadness_原来你也在玩这个,3,ESD
ESD_0003_sadness_我还不知道你认识弗兰,3,ESD
ESD_0003_sadness_我曾在一家船运公司里,3,ESD
ESD_0003_sadness_其实我们内天已经分手,3,ESD
ESD_0003_sadness_我想那些应该是草莓的,3,ESD
"ESD_0003_sadness_太妙了,我想换一些日",3,ESD
"ESD_0003_sadness_你得先回答我,你最喜",3,ESD
"ESD_0003_sadness_让我再想想,真相已经",3,ESD
ESD_0003_sadness_这样你就有时间挥拍打,3,ESD
"ESD_0003_sadness_你这个小气鬼,很不幸",3,ESD
"ESD_0003_sadness_我是个学生,服务器响",3,ESD
ESD_0003_sadness_一套古瓷器。它真的很,3,ESD
ESD_0003_sadness_他在这次竞选活动中花,3,ESD
"ESD_0003_sadness_她此刻失业了,你最好",3,ESD
"ESD_0003_sadness_带上你的家人,但是他",3,ESD
ESD_0003_sadness_你在我的心里折腾好久,3,ESD
"ESD_0003_sadness_你转一个,我想学习下",3,ESD
"ESD_0003_sadness_她和维克分手了,所以",3,ESD
ESD_0003_sadness_冬天雨非常多。我不喜,3,ESD
ESD_0003_sadness_时间对珍尼来说没有用,3,ESD
ESD_0003_sadness_大概足够支持我生活三,3,ESD
ESD_0003_sadness_你绝对猜不到她准备要,3,ESD
ESD_0003_sadness_二零一六年十一月五号,3,ESD
"ESD_0003_sadness_今天真凉快,我希望主",3,ESD
ESD_0003_sadness_软妹子生气会说:讨厌,3,ESD
ESD_0003_sadness_我们一起为他办个惊喜,3,ESD
ESD_0003_sadness_以后我要经常来这儿爬,3,ESD
"ESD_0003_sadness_我是一名教师,你可是",3,ESD
ESD_0003_sadness_上海现在是下午四点三,3,ESD
ESD_0003_sadness_别问了!说多了都是眼,3,ESD
ESD_0003_sadness_如果我滚远了就回不来,3,ESD
ESD_0003_sadness_带女友出去好好吃上一,3,ESD
"ESD_0003_sadness_炖肉一小时,剩余三十",3,ESD
ESD_0003_sadness_我以为你们国家的人都,3,ESD
"ESD_0003_sadness_我饿啦,我想去吃点东",3,ESD
"ESD_0003_sadness_为什么不,交朋友不分",3,ESD
"ESD_0003_sadness_当然知道,我们各有千",3,ESD
"ESD_0003_sadness_我喜欢你的干净整洁,",3,ESD
ESD_0003_sadness_我已经习惯这种气候了,3,ESD
ESD_0003_sadness_也就是一大堆照片。,3,ESD
"ESD_0003_sadness_那就一会再说,我好害",3,ESD
ESD_0003_sadness_希望我有一天也可以去,3,ESD
"ESD_0003_sadness_你昨天才买衣服,真是",3,ESD
"ESD_0003_sadness_还要叫她起床,怎么会",3,ESD
"ESD_0003_sadness_是的,我知道,患难见",3,ESD
"ESD_0003_sadness_我是萌萌哒,你是呆呆",3,ESD
ESD_0003_sadness_你可以在那儿呆上至少,3,ESD
ESD_0003_sadness_对不起我把咖啡洒在桌,3,ESD
"ESD_0003_sadness_也不算,她有的歌我都",3,ESD
ESD_0003_sadness_我对养花已经厌倦了。,3,ESD
ESD_0003_sadness_我还会陪你一路走下去,3,ESD
ESD_0003_sadness_裁判全给了满分。,3,ESD
"ESD_0003_sadness_当然,我简直离开音乐",3,ESD
"ESD_0003_sadness_拜拜,明天要再来和小",3,ESD
ESD_0003_sadness_碰到喜欢的女孩子要主,3,ESD
ESD_0003_sadness_他的收支几乎不能平衡,3,ESD
"ESD_0003_sadness_明天是星期天,我们去",3,ESD
ESD_0003_sadness_大部分都是用诱饵钓到,3,ESD
"ESD_0003_sadness_所以你必须要坚持,时",3,ESD
ESD_0003_sadness_我非常支持人们走进太,3,ESD
ESD_0003_sadness_我的老朋友汉森就住在,3,ESD
ESD_0003_sadness_听起来你们玩得也很开,3,ESD
ESD_0003_sadness_这个对我来说有点难!,3,ESD
"ESD_0003_sadness_差不多,我们俩都很热",3,ESD
"ESD_0003_sadness_你要做爸爸了,真让人",3,ESD
ESD_0003_sadness_我真受不了城里那么大,3,ESD
ESD_0003_sadness_好的。新的音乐厅有一,3,ESD
"ESD_0003_sadness_这个位置不错,下车。",3,ESD
"ESD_0003_sadness_那不打扰你了,我不敢",3,ESD
"ESD_0003_sadness_最近很冷,风又大。",3,ESD
ESD_0003_sadness_我最近正在努力练习棋,3,ESD
"ESD_0003_sadness_拜托,别跟我提到笔记",3,ESD
ESD_0003_sadness_它是一个主要的空气污,3,ESD
"ESD_0003_sadness_我爱运动,但是对篮球",3,ESD
"ESD_0003_sadness_我不需要嗅觉,所以没",3,ESD
"ESD_0003_sadness_雪下得真大,带着我去",3,ESD
ESD_0003_sadness_我不这么认为。我们沿,3,ESD
"ESD_0003_sadness_食物也很美味,更不用",3,ESD
ESD_0003_sadness_大约一个小时左右。,3,ESD
ESD_0003_sadness_请勿进入竹林。不让进,3,ESD
ESD_0003_sadness_为了不让鱼吃掉诗人的,3,ESD
ESD_0003_sadness_那样的话你应该穿讲究,3,ESD
ESD_0003_sadness_我的直系亲属人数不多,3,ESD
ESD_0003_sadness_贾尼斯突然兴奋地大叫,3,ESD
ESD_0003_sadness_领带对男人来说真必不,3,ESD
ESD_0003_sadness_没有为什么就是要等我,3,ESD
ESD_0003_sadness_我不怎么在乎这个店有,3,ESD
ESD_0003_sadness_我最好的朋友就约会过,3,ESD
"ESD_0003_sadness_我不用转头,不需要脖",3,ESD
"ESD_0003_sadness_没看过小说,只有人类",3,ESD
ESD_0003_sadness_我是个游戏迷。,3,ESD
"ESD_0003_sadness_你比吴亦凡帅,我同意",3,ESD
"ESD_0003_sadness_我没有忽悠你,机器人",3,ESD
ESD_0003_sadness_最初我的工作是当一名,3,ESD
ESD_0003_sadness_陪你度过这漫长的黑夜,3,ESD
ESD_0003_sadness_这是我在旅游第四天拍,3,ESD
ESD_0003_sadness_这句话的意义我不太明,3,ESD
ESD_0003_sadness_我们想在等一个合适的,3,ESD
"ESD_0003_sadness_我很伤心,我准备去网",3,ESD
ESD_0003_sadness_这可真不像是场英超比,3,ESD
ESD_0003_sadness_他好像是被他女友给甩,3,ESD
ESD_0003_sadness_也许反倒是件好事,3,ESD
ESD_0003_sadness_听起来很厉害的样子!,3,ESD
ESD_0003_sadness_我必须再次感谢您的慷,3,ESD
"ESD_0003_sadness_我是淑女,只会讲文明",3,ESD
ESD_0003_sadness_这可是我学会的第一首,3,ESD
ESD_0003_sadness_谁都有烦的时候。,3,ESD
"ESD_0003_sadness_是很棒的一款手机,性",3,ESD
ESD_0003_sadness_没有找到你想删除的闹,3,ESD
"ESD_0003_sadness_很大,令人兴奋但是嘈",3,ESD
"ESD_0003_sadness_沈阳明天有雷阵雨,多",3,ESD
ESD_0003_sadness_但梅花往往被很多人忽,3,ESD
"ESD_0003_sadness_只要不违法,我还是想",3,ESD
ESD_0003_sadness_然后再找一个音乐播放,3,ESD
"ESD_0003_sadness_我当然喜欢,我很注意",3,ESD
"ESD_0003_sadness_是的,所以我永不喝它",3,ESD
"ESD_0003_sadness_我真兴奋,我终于有自",3,ESD
ESD_0003_sadness_我想说我也这样认为的,3,ESD
ESD_0003_sadness_绝对不可以走到湖的中,3,ESD
"ESD_0003_sadness_晚安,么么哒,满天都",3,ESD
"ESD_0003_sadness_有些人划船,有的人在",3,ESD
ESD_0003_sadness_我想所有中国人都会打,3,ESD
ESD_0003_sadness_有充足的时间购物和观,3,ESD
"ESD_0003_sadness_自己保重,记得要常联",3,ESD
"ESD_0003_sadness_门儿都没有,现在还不",3,ESD
"ESD_0003_sadness_我太喜欢听了,所以不",3,ESD
"ESD_0003_sadness_我随时都在,有没有梦",3,ESD
"ESD_0003_sadness_不会,不过我很喜欢单",3,ESD
ESD_0003_sadness_还有聊天记录。,3,ESD
"ESD_0003_sadness_在法国南部,气候常年",3,ESD
ESD_0003_sadness_哪天我也许得和他谈谈,3,ESD
"ESD_0003_sadness_振作点儿,我看了屏幕",3,ESD
"ESD_0003_sadness_我是银灰色的,我都被",3,ESD
"ESD_0003_sadness_文学和经济,我喜欢很",3,ESD
"ESD_0003_sadness_赌博往往是个祸根,",3,ESD
"ESD_0003_sadness_三个,两个儿子一个女",3,ESD
"ESD_0003_sadness_祝你春节快乐,全家幸",3,ESD
"ESD_0003_sadness_是的,我刚撞到了桌子",3,ESD
"ESD_0003_sadness_这个我相信,我是登山",3,ESD
"ESD_0003_sadness_播放歌单收藏,脑筋可",3,ESD
ESD_0003_sadness_我希望你能和我一起想,3,ESD
ESD_0003_sadness_我一直到清晨四点才到,3,ESD
ESD_0003_sadness_我刚从苏格兰回来。,3,ESD
ESD_0003_sadness_我支持你。它是需要重,3,ESD
ESD_0003_sadness_我在一个机械化农场做,3,ESD
ESD_0003_sadness_有时内在美更加重要。,3,ESD
ESD_0003_sadness_我去查查篮球相关的知,3,ESD
"ESD_0003_sadness_已经怀孕四个半月了,",3,ESD
"ESD_0003_sadness_这局我让你开,今天我",3,ESD
ESD_0003_sadness_我们休息一下喝杯咖啡,3,ESD
"ESD_0003_sadness_如果她拒绝我,我会死",3,ESD
ESD_0003_sadness_旅行结束后我将休息一,3,ESD
ESD_0003_sadness_现在全城的人都要向我,3,ESD
ESD_0003_sadness_我需要插着电源才能说,3,ESD
ESD_0003_sadness_每次你看到一些时尚衣,3,ESD
ESD_0003_sadness_你看上去比以前更漂亮,3,ESD
"ESD_0003_sadness_下午好,蒂娜,我想我",3,ESD
ESD_0003_sadness_家里有全自动洗衣机。,3,ESD
"ESD_0003_sadness_谢谢你来这里,告诉我",3,ESD
"ESD_0003_sadness_不是很喜欢,你把我绕",3,ESD
"ESD_0003_sadness_等待你的指令,随时可",3,ESD
ESD_0003_sadness_他对谁都那么友好。,3,ESD
ESD_0003_sadness_我喜欢吃中餐。,3,ESD
"ESD_0003_sadness_尽管提意见,我会改正",3,ESD
"ESD_0003_sadness_这么多笑话,一天讲不",3,ESD
"ESD_0003_sadness_我讨厌吃醋,偶是不懂",3,ESD
ESD_0003_sadness_我们下午可以在湖里划,3,ESD
ESD_0003_sadness_但是有时夏天比其它季,3,ESD
"ESD_0003_sadness_我们相处得很好,仅此",3,ESD
ESD_0003_sadness_于是我就问她能不能连,3,ESD
ESD_0003_sadness_我想要那种新款的美国,3,ESD
ESD_0003_sadness_错过这村可就没这个店,3,ESD
"ESD_0003_sadness_我曾经养过,我太高兴",3,ESD
ESD_0003_sadness_他们将于今年夏天结婚,3,ESD
"ESD_0003_sadness_谢谢你的夸奖,鲍伯上",3,ESD
"ESD_0003_sadness_你看起来很高兴,眼睛",3,ESD
ESD_0003_sadness_年轻人当然要承担责任,3,ESD
ESD_0003_sadness_不要乱问女孩子的年龄,3,ESD
ESD_0003_sadness_每天晚上跟你互道晚安,3,ESD
ESD_0003_sadness_我会在你的脸上画鬼脸,3,ESD
"ESD_0003_sadness_我缺钱用,所以上星期",3,ESD
ESD_0003_sadness_许多白领都参加到这个,3,ESD
"ESD_0003_sadness_很漂亮,不过人多拥挤",3,ESD
"ESD_0003_sadness_别总是闲着,找点事情",3,ESD
"ESD_0003_sadness_好好休息一下,这个小",3,ESD
ESD_0003_sadness_这两块是唐朝不同时期,3,ESD
"ESD_0003_sadness_我喜欢你的黑衣服,你",3,ESD
"ESD_0003_sadness_是的,真是名副其实。",3,ESD
"ESD_0003_sadness_是很难听的脏话,主人",3,ESD
"ESD_0003_surprise_打远一看,它们的确很",4,ESD
ESD_0003_surprise_英国的哲学家曾经说过,4,ESD
ESD_0003_surprise_我老家在北京。,4,ESD
ESD_0003_surprise_不管怎么说主队好象是,4,ESD
"ESD_0003_surprise_我们乘船漂游了三峡,",4,ESD
ESD_0003_surprise_我喜欢“北京欢迎你”,4,ESD
ESD_0003_surprise_我每个月打一次电话。,4,ESD
ESD_0003_surprise_沙尘暴好像给每个人都,4,ESD
"ESD_0003_surprise_就是这个意思,你又聪",4,ESD
ESD_0003_surprise_个人收藏家!他们肯定,4,ESD
ESD_0003_surprise_妇女节快乐。我永远爱,4,ESD
ESD_0003_surprise_你每次谈恋爱都像现在,4,ESD
"ESD_0003_surprise_周末的我,只忙着陪你",4,ESD
"ESD_0003_surprise_谁你也不认识,我很乐",4,ESD
ESD_0003_surprise_我特别喜欢网球和登山,4,ESD
ESD_0003_surprise_他一定是一眼就被你迷,4,ESD
ESD_0003_surprise_很快你上大学就用得到,4,ESD
"ESD_0003_surprise_我们意见不和,咱们去",4,ESD
"ESD_0003_surprise_不就是你嘛,为什么要",4,ESD
ESD_0003_surprise_前几天我碰见了一件有,4,ESD
ESD_0003_surprise_已经播至该专辑最后一,4,ESD
ESD_0003_surprise_我和我朋友刚从巴厘岛,4,ESD
ESD_0003_surprise_做一些好吃的促进宝宝,4,ESD
ESD_0003_surprise_你的身影总是在我心里,4,ESD
ESD_0003_surprise_我觉得并不是非要有特,4,ESD
"ESD_0003_surprise_是的,他很狡猾,经常",4,ESD
ESD_0003_surprise_工厂不把它直接排到大,4,ESD
"ESD_0003_surprise_没错,就是车门。另外",4,ESD
"ESD_0003_surprise_很可爱啊,就像你一样",4,ESD
"ESD_0003_surprise_除非你打飞碟球,但这",4,ESD
"ESD_0003_surprise_没听清,请问什么时间",4,ESD
ESD_0003_surprise_我遇到了一位漂亮的女,4,ESD
"ESD_0003_surprise_我是青蛙,不用冬眠的",4,ESD
"ESD_0003_surprise_那是马特,他肯定很勇",4,ESD
ESD_0003_surprise_这样无辜的人就不会被,4,ESD
ESD_0003_surprise_我必须一直通电才能工,4,ESD
ESD_0003_surprise_我和我的妻子盼望着和,4,ESD
"ESD_0003_surprise_当然是了,我现在快饿",4,ESD
"ESD_0003_surprise_没有找到日程,走的时",4,ESD
ESD_0003_surprise_是一家制药公司的短期,4,ESD
"ESD_0003_surprise_姐忙得很,没空和你说",4,ESD
"ESD_0003_surprise_我会暖被窝了,逗你的",4,ESD
"ESD_0003_surprise_这样的话,我们可以选",4,ESD
"ESD_0003_surprise_比方说,“华尔街日报",4,ESD
ESD_0003_surprise_我知道人生并不总是一,4,ESD
ESD_0003_surprise_我们可以轮流开车。,4,ESD
ESD_0003_surprise_这是台湾地区最大的动,4,ESD
"ESD_0003_surprise_时候不早了,我来了,",4,ESD
ESD_0003_surprise_递给我一些彩球和纸花,4,ESD
"ESD_0003_surprise_每次叫我都不给红包,",4,ESD
"ESD_0003_surprise_没关系,也许他老婆会",4,ESD
ESD_0003_surprise_你不应该害怕开始一段,4,ESD
"ESD_0003_surprise_我肯定会的,那以后我",4,ESD
ESD_0003_surprise_我是基于人工智能系统,4,ESD
ESD_0003_surprise_它实际会形成一氧化碳,4,ESD
ESD_0003_surprise_我参加了一个有关全球,4,ESD
"ESD_0003_surprise_跳舞好难呀,我还正在",4,ESD
ESD_0003_surprise_让人看上去就感到宽广,4,ESD
"ESD_0003_surprise_只要是我能玩好的,我",4,ESD
ESD_0003_surprise_坐地铁只需要大约二十,4,ESD
ESD_0003_surprise_下个月我姐姐要结婚了,4,ESD
ESD_0003_surprise_我是顺路过来跟你告别,4,ESD
ESD_0003_surprise_你知道我很努力地在戒,4,ESD
"ESD_0003_surprise_我告退了,晚上回去拍",4,ESD
"ESD_0003_surprise_一点也不差,先把握好",4,ESD
ESD_0003_surprise_我们可以去钓鱼、聊天,4,ESD
ESD_0003_surprise_你深深地印在我的脑海,4,ESD
ESD_0003_surprise_我应该给女朋友买玫瑰,4,ESD
"ESD_0003_surprise_以后不要喝那么多了,",4,ESD
"ESD_0003_surprise_心动不如行动,我不太",4,ESD
ESD_0003_surprise_只要令人鼓舞的电影我,4,ESD
ESD_0003_surprise_资料全都不见了。气死,4,ESD
ESD_0003_surprise_她总是带甜甜的微笑。,4,ESD
ESD_0003_surprise_今年应该是第二十七个,4,ESD
ESD_0003_surprise_我也想去看可爱的熊猫,4,ESD
"ESD_0003_surprise_是的,你是个大块头,",4,ESD
"ESD_0003_surprise_奏婚礼进行曲了,他们",4,ESD
"ESD_0003_surprise_它们的设计外形小巧,",4,ESD
ESD_0003_surprise_人们当然都叫他“奥林,4,ESD
"ESD_0003_surprise_看呀,我们差不多就装",4,ESD
ESD_0003_surprise_这个镇上所有的人都喜,4,ESD
ESD_0003_surprise_听说你要去香港看你叔,4,ESD
ESD_0003_surprise_你身上的每一点都吸引,4,ESD
ESD_0003_surprise_他好像跟他的秘书有过,4,ESD
"ESD_0003_surprise_是啊,他的健康我总放",4,ESD
"ESD_0003_surprise_真想不到,游泳竟有如",4,ESD
ESD_0003_surprise_是没什么但是挺别扭的,4,ESD
"ESD_0003_surprise_香港海洋公园,主人快",4,ESD
"ESD_0003_surprise_是个冰淇淋,桃花确实",4,ESD
"ESD_0003_surprise_还不太糟糕,但是得躺",4,ESD
ESD_0003_surprise_如果有我能帮忙的请告,4,ESD
ESD_0003_surprise_不会这么凑巧吧!我也,4,ESD
ESD_0003_surprise_别不好意思。再多吃些,4,ESD
"ESD_0003_surprise_很神奇的样子,我搞不",4,ESD
ESD_0003_surprise_我倒是有一个爱好——,4,ESD
ESD_0003_surprise_别小看我这发型!我还,4,ESD
ESD_0003_surprise_你女儿和她妈妈长得很,4,ESD
ESD_0003_surprise_我只会斗斗地主什么的,4,ESD
"ESD_0003_surprise_得了吧,别这么胆小啦",4,ESD
ESD_0003_surprise_就经常去我们宿舍附近,4,ESD
"ESD_0003_surprise_很快,车就可自动开了",4,ESD
"ESD_0003_surprise_我昨天遇到马克,他看",4,ESD
"ESD_0003_surprise_感觉好温暖呀,好的,",4,ESD
ESD_0003_surprise_没有找到蒸鱼的计时。,4,ESD
"ESD_0003_surprise_我们俩合不来,还经常",4,ESD
"ESD_0003_surprise_做不了什么,通常我会",4,ESD
ESD_0003_surprise_我的表两点四十二。可,4,ESD
ESD_0003_surprise_让我们看看哪一种球技,4,ESD
ESD_0003_surprise_我其实挺饿的。,4,ESD
ESD_0003_surprise_自己的事情要自己做。,4,ESD
ESD_0003_surprise_每天早晨都是我妈妈帮,4,ESD
"ESD_0003_surprise_那棒极了,其实心情挺",4,ESD
"ESD_0003_surprise_玛丽,你看来很喜欢挖",4,ESD
"ESD_0003_surprise_我也是,我还有点儿口",4,ESD
"ESD_0003_surprise_真是个好习惯,通常看",4,ESD
"ESD_0003_surprise_没有,不过,我们去了",4,ESD
"ESD_0003_surprise_快点起床,我在公寓门",4,ESD
ESD_0003_surprise_你的同学把你给捉弄了,4,ESD
"ESD_0003_surprise_不过我想星期五走,",4,ESD
ESD_0003_surprise_你还真是考虑周到。,4,ESD
ESD_0003_surprise_那你就离市区很远了。,4,ESD
"ESD_0003_surprise_汤姆是个好人,但却赌",4,ESD
ESD_0003_surprise_那你就说你为之神魂颠,4,ESD
"ESD_0003_surprise_是的,请返还我的钱,",4,ESD
"ESD_0003_surprise_如果你想要纹身,你去",4,ESD
"ESD_0003_surprise_不是,他住在沃斯盾的",4,ESD
ESD_0003_surprise_你说我们在芝加哥要待,4,ESD
ESD_0003_surprise_这些颜色也不太适合你,4,ESD
"ESD_0003_surprise_对别人没有,而对我就",4,ESD
ESD_0003_surprise_我的希望是工作到倒下,4,ESD
ESD_0003_surprise_吝啬鬼!他每天还骑自,4,ESD
ESD_0003_surprise_是你最牵挂的那个女人,4,ESD
ESD_0003_surprise_是不是依然觉得我很可,4,ESD
ESD_0003_surprise_多教我些东西我会更聪,4,ESD
ESD_0003_surprise_我要学习一下相关知识,4,ESD
ESD_0003_surprise_我喜欢几乎所有的运动,4,ESD
ESD_0003_surprise_也许能帮助你把事情弄,4,ESD
ESD_0003_surprise_我总是控制不了它。,4,ESD
ESD_0003_surprise_他们的配合值得我们学,4,ESD
ESD_0003_surprise_我也知道自己是大嘴巴,4,ESD
"ESD_0003_surprise_你可以去问鹦鹉啊,鹦",4,ESD
"ESD_0003_surprise_是啊,我还是个乳臭未",4,ESD
"ESD_0003_surprise_女孩的心思你别猜,但",4,ESD
ESD_0003_surprise_节食减肥很痛苦。,4,ESD
"ESD_0003_surprise_听大自然的声响,就像",4,ESD
"ESD_0003_surprise_现在,我仍然有点紧张",4,ESD
ESD_0003_surprise_不知道。或许一双新鞋,4,ESD
ESD_0003_surprise_有事记得喊我。,4,ESD
"ESD_0003_surprise_你好,布赖恩,正好四",4,ESD
ESD_0003_surprise_这样子比较有趣。,4,ESD
"ESD_0003_surprise_我也最喜欢你,不要开",4,ESD
ESD_0003_surprise_小心脚下。人行道上有,4,ESD
ESD_0003_surprise_我们还等什么,4,ESD
"ESD_0003_surprise_我还不会说其他外语,",4,ESD
ESD_0003_surprise_我只打算放松一下自己,4,ESD
ESD_0003_surprise_承蒙邀请参加你的婚礼,4,ESD
"ESD_0003_surprise_你知道,有时候病人会",4,ESD
ESD_0003_surprise_我的性格就是冷静并且,4,ESD
ESD_0003_surprise_我不会牺牲我的健康来,4,ESD
ESD_0003_surprise_当然!他是我们大学的,4,ESD
ESD_0003_surprise_他讲的笑话让我笑个不,4,ESD
ESD_0003_surprise_原来你也在玩这个,4,ESD
ESD_0003_surprise_我还不知道你认识弗兰,4,ESD
ESD_0003_surprise_我曾在一家船运公司里,4,ESD
ESD_0003_surprise_其实我们前天已经分手,4,ESD
ESD_0003_surprise_我想那些应该是草莓的,4,ESD
"ESD_0003_surprise_太妙了,我想换一些日",4,ESD
"ESD_0003_surprise_你得先回答我,你最喜",4,ESD
"ESD_0003_surprise_让我再想想,真相已经",4,ESD
ESD_0003_surprise_这样你就有时间挥拍打,4,ESD
"ESD_0003_surprise_你这个小气鬼,很不幸",4,ESD
"ESD_0003_surprise_我是个学生,服务器响",4,ESD
ESD_0003_surprise_一套古瓷器。它真的很,4,ESD
ESD_0003_surprise_他在这次竞选活动中花,4,ESD
"ESD_0003_surprise_她此刻失业了,你最好",4,ESD
"ESD_0003_surprise_带上你的家人,但是他",4,ESD
ESD_0003_surprise_你在我的心里折腾好久,4,ESD
"ESD_0003_surprise_你转一个,我想学习下",4,ESD
"ESD_0003_surprise_她和维克分手了,所以",4,ESD
ESD_0003_surprise_冬天雨非常多。我不喜,4,ESD
ESD_0003_surprise_时间对珍尼来说是没用,4,ESD
ESD_0003_surprise_大概足够支持我生活三,4,ESD
ESD_0003_surprise_你绝对猜不到她准备要,4,ESD
ESD_0003_surprise_二零一六年十一月五号,4,ESD
"ESD_0003_surprise_今天真凉快,我希望主",4,ESD
ESD_0003_surprise_软妹子生气会说:讨厌,4,ESD
ESD_0003_surprise_我们一起为他办个惊喜,4,ESD
ESD_0003_surprise_以后我要经常来这儿爬,4,ESD
"ESD_0003_surprise_我是一名教师,你可是",4,ESD
ESD_0003_surprise_上海现在是下午四点三,4,ESD
ESD_0003_surprise_别问了!说多了都是眼,4,ESD
ESD_0003_surprise_如果我滚远了就回不来,4,ESD
ESD_0003_surprise_带女友出去好好吃上一,4,ESD
"ESD_0003_surprise_炖肉一小时,剩余三十",4,ESD
ESD_0003_surprise_我以为你们国家的人都,4,ESD
"ESD_0003_surprise_我饿啦,我想去吃点东",4,ESD
"ESD_0003_surprise_为什么不,交朋友不分",4,ESD
"ESD_0003_surprise_当然知道,我们各有千",4,ESD
"ESD_0003_surprise_我喜欢你的干净整洁,",4,ESD
ESD_0003_surprise_我已经习惯这种气候了,4,ESD
ESD_0003_surprise_也就是一大堆照片。,4,ESD
"ESD_0003_surprise_那就一会再说,我好害",4,ESD
ESD_0003_surprise_希望我有一天也可以去,4,ESD
"ESD_0003_surprise_你昨天才买衣服,真是",4,ESD
"ESD_0003_surprise_还要叫她起床,怎么会",4,ESD
"ESD_0003_surprise_是的,我知道,患难见",4,ESD
"ESD_0003_surprise_我是萌萌哒,你是呆呆",4,ESD
ESD_0003_surprise_你可以在那儿呆上至少,4,ESD
ESD_0003_surprise_对不起我把咖啡洒在桌,4,ESD
"ESD_0003_surprise_也不算,她有的歌我都",4,ESD
ESD_0003_surprise_我对养花已经厌倦了。,4,ESD
ESD_0003_surprise_我还会陪你一路走下去,4,ESD
ESD_0003_surprise_裁判全给了满分。,4,ESD
"ESD_0003_surprise_当然,我简直离开音乐",4,ESD
"ESD_0003_surprise_拜拜,明天要再来和小",4,ESD
ESD_0003_surprise_碰到喜欢的女孩子要主,4,ESD
ESD_0003_surprise_他的收支几乎不能平衡,4,ESD
"ESD_0003_surprise_明天是星期天,我们去",4,ESD
ESD_0003_surprise_大部分都是用诱饵钓到,4,ESD
"ESD_0003_surprise_所以你必须要坚持,时",4,ESD
ESD_0003_surprise_我非常支持人们走进太,4,ESD
ESD_0003_surprise_我的老朋友汉森就住在,4,ESD
ESD_0003_surprise_听起来你们玩得也很开,4,ESD
ESD_0003_surprise_这个对我来说有点难!,4,ESD
"ESD_0003_surprise_差不多,我们俩都很热",4,ESD
"ESD_0003_surprise_你要做爸爸了,真让人",4,ESD
ESD_0003_surprise_我真受不了城里那么大,4,ESD
ESD_0003_surprise_好的。新的音乐厅有一,4,ESD
"ESD_0003_surprise_这个位置不错,下车。",4,ESD
"ESD_0003_surprise_那不打扰你了,我不敢",4,ESD
"ESD_0003_surprise_最近很冷,风又大。",4,ESD
ESD_0003_surprise_我最近正在努力练习棋,4,ESD
"ESD_0003_surprise_拜托,别跟我提到笔记",4,ESD
ESD_0003_surprise_它是一个主要的空气污,4,ESD
"ESD_0003_surprise_我爱运动,但是对篮球",4,ESD
"ESD_0003_surprise_我不需要嗅觉,所以没",4,ESD
"ESD_0003_surprise_雪下得真大,带着我去",4,ESD
ESD_0003_surprise_我不这么认为。我们沿,4,ESD
"ESD_0003_surprise_食物也很美味,更不用",4,ESD
ESD_0003_surprise_大约一个小时左右。,4,ESD
ESD_0003_surprise_请勿进入竹林。不让进,4,ESD
ESD_0003_surprise_为了不让鱼吃掉诗人的,4,ESD
ESD_0003_surprise_那样的话你应该穿讲究,4,ESD
ESD_0003_surprise_我的直系亲属人数不多,4,ESD
ESD_0003_surprise_贾尼斯突然兴奋地大叫,4,ESD
ESD_0003_surprise_领带对男人来说真必不,4,ESD
ESD_0003_surprise_没有为什么就是要等我,4,ESD
ESD_0003_surprise_我不怎么在乎这个店有,4,ESD
ESD_0003_surprise_我最好的朋友就约会过,4,ESD
"ESD_0003_surprise_我不用转头,不需要脖",4,ESD
"ESD_0003_surprise_没看过小说,只有人类",4,ESD
ESD_0003_surprise_我是个游戏迷。,4,ESD
"ESD_0003_surprise_你比吴亦凡帅,我同意",4,ESD
"ESD_0003_surprise_我没有忽悠你,机器人",4,ESD
ESD_0003_surprise_最初我的工作是当一名,4,ESD
ESD_0003_surprise_陪你度过这漫长的黑夜,4,ESD
ESD_0003_surprise_这是我在旅游第四天拍,4,ESD
ESD_0003_surprise_这句话的意义我不太明,4,ESD
ESD_0003_surprise_我们想等一个合适的时,4,ESD
"ESD_0003_surprise_我很伤心,我准备去网",4,ESD
ESD_0003_surprise_这可真不像是场英超比,4,ESD
ESD_0003_surprise_他好像是被他女友给甩,4,ESD
ESD_0003_surprise_也许反倒是件好事,4,ESD
ESD_0003_surprise_听起来很厉害的样子!,4,ESD
ESD_0003_surprise_我必须再次感谢您的慷,4,ESD
"ESD_0003_surprise_我是淑女,只会讲文明",4,ESD
ESD_0003_surprise_这可是我学会的第一首,4,ESD
ESD_0003_surprise_谁都有烦的时候。,4,ESD
"ESD_0003_surprise_是很棒的一款手机,性",4,ESD
ESD_0003_surprise_没有找到你想删除的闹,4,ESD
"ESD_0003_surprise_很大,令人兴奋但是嘈",4,ESD
"ESD_0003_surprise_沈阳明天有雷阵雨,多",4,ESD
ESD_0003_surprise_但梅花往往被很多人忽,4,ESD
"ESD_0003_surprise_只要不违法,我还是想",4,ESD
ESD_0003_surprise_然后再找一个音乐播放,4,ESD
"ESD_0003_surprise_我当然喜欢,我很注意",4,ESD
"ESD_0003_surprise_是的,所以我永不喝它",4,ESD
"ESD_0003_surprise_我真兴奋,我终于有自",4,ESD
ESD_0003_surprise_我想说我也这样认为的,4,ESD
ESD_0003_surprise_绝对不可以走到湖的中,4,ESD
"ESD_0003_surprise_晚安,么么哒,满天都",4,ESD
"ESD_0003_surprise_有些人划船,有的人在",4,ESD
ESD_0003_surprise_我想所有中国人都会打,4,ESD
ESD_0003_surprise_有充足的时间购物和观,4,ESD
"ESD_0003_surprise_自己保重,记得要常联",4,ESD
"ESD_0003_surprise_门儿都没有,现在还不",4,ESD
"ESD_0003_surprise_我太喜欢听了,所以不",4,ESD
"ESD_0003_surprise_我随时都在,有没有梦",4,ESD
"ESD_0003_surprise_不会,不过我很喜欢单",4,ESD
ESD_0003_surprise_还有聊天记录。,4,ESD
"ESD_0003_surprise_在法国南部,气候常年",4,ESD
ESD_0003_surprise_哪天我也许得和他聊聊,4,ESD
"ESD_0003_surprise_振作点儿,我看了屏幕",4,ESD
"ESD_0003_surprise_我是银灰色的,我都被",4,ESD
"ESD_0003_surprise_文学和经济,我喜欢很",4,ESD
"ESD_0003_surprise_赌博往往是个祸根,",4,ESD
"ESD_0003_surprise_三个,两个儿子一个女",4,ESD
"ESD_0003_surprise_祝你春节快乐,全家幸",4,ESD
"ESD_0003_surprise_是的,我刚撞到了桌子",4,ESD
"ESD_0003_surprise_这个我相信,我是登山",4,ESD
"ESD_0003_surprise_播放歌单收藏,脑筋可",4,ESD
ESD_0003_surprise_我希望你能和我一起想,4,ESD
ESD_0003_surprise_我一直到清晨四点才到,4,ESD
ESD_0003_surprise_我刚从苏格兰回来。,4,ESD
ESD_0003_surprise_我支持你。它是需要重,4,ESD
ESD_0003_surprise_我在一个机械化农场做,4,ESD
ESD_0003_surprise_有时内在美更加重要。,4,ESD
ESD_0003_surprise_我去查查篮球相关的知,4,ESD
"ESD_0003_surprise_已经怀孕四个半月了,",4,ESD
"ESD_0003_surprise_这局我让你开,今天我",4,ESD
ESD_0003_surprise_我们休息一下喝杯咖啡,4,ESD
"ESD_0003_surprise_如果她拒绝我,我会死",4,ESD
ESD_0003_surprise_旅行结束后我将休息一,4,ESD
ESD_0003_surprise_现在全城的人都要向我,4,ESD
ESD_0003_surprise_我需要插着电源才能说,4,ESD
ESD_0003_surprise_每次你看到一些时尚衣,4,ESD
ESD_0003_surprise_你看上去比以前更漂亮,4,ESD
"ESD_0003_surprise_下午好,蒂娜,我想我",4,ESD
ESD_0003_surprise_家里有全自动洗衣机。,4,ESD
"ESD_0003_surprise_谢谢你来这里,告诉我",4,ESD
"ESD_0003_surprise_不是很喜欢,你把我绕",4,ESD
"ESD_0003_surprise_等待你的指令,随时可",4,ESD
ESD_0003_surprise_他对谁都那么友好。,4,ESD
ESD_0003_surprise_我喜欢吃中餐。,4,ESD
"ESD_0003_surprise_尽管提意见,我会改正",4,ESD
"ESD_0003_surprise_这么多笑话,一天讲不",4,ESD
"ESD_0003_surprise_我讨厌吃醋,偶是不懂",4,ESD
ESD_0003_surprise_我们下午可以在湖里划,4,ESD
ESD_0003_surprise_但是有时夏天比其它季,4,ESD
"ESD_0003_surprise_我们相处得很好,仅此",4,ESD
ESD_0003_surprise_于是我就问她能不能连,4,ESD
ESD_0003_surprise_我想要那种新款的美国,4,ESD
ESD_0003_surprise_错过这村可就没这个店,4,ESD
"ESD_0003_surprise_我曾经养过,我太高兴",4,ESD
ESD_0003_surprise_他们将于今年夏天结婚,4,ESD
"ESD_0003_surprise_谢谢你的夸奖,鲍伯上",4,ESD
"ESD_0003_surprise_你看起来很高兴,眼睛",4,ESD
ESD_0003_surprise_年轻人当然要承担责任,4,ESD
ESD_0003_surprise_不要乱问女孩子的年龄,4,ESD
ESD_0003_surprise_每天晚上跟你互道晚安,4,ESD
ESD_0003_surprise_我会在你的脸上画鬼脸,4,ESD
"ESD_0003_surprise_我缺钱用,所以上星期",4,ESD
ESD_0003_surprise_许多白领都参加到这个,4,ESD
"ESD_0003_surprise_很漂亮,不过人多拥挤",4,ESD
"ESD_0003_surprise_别总是闲着,找点事情",4,ESD
"ESD_0003_surprise_好好休息一下,这个小",4,ESD
ESD_0003_surprise_这两块是唐朝不同时期,4,ESD
"ESD_0003_surprise_我喜欢你的黑衣服,你",4,ESD
"ESD_0003_surprise_是的,真是名副其实。",4,ESD
"ESD_0003_surprise_是很难听的脏话,主人",4,ESD
"ESD_0004_anger_打远一看,它们的确很",2,ESD
ESD_0004_anger_英国的哲学家曾经说过,2,ESD
ESD_0004_anger_我老家在北京。,2,ESD
ESD_0004_anger_不管怎么说主队好象是,2,ESD
"ESD_0004_anger_我们乘船漂游了三峡,",2,ESD
ESD_0004_anger_我喜欢“北京欢迎你”,2,ESD
ESD_0004_anger_我每个月打一次电话。,2,ESD
ESD_0004_anger_沙尘暴好像给每个人都,2,ESD
"ESD_0004_anger_就是这个意思,你又聪",2,ESD
ESD_0004_anger_个人收藏家!他们肯定,2,ESD
ESD_0004_anger_妇女节快乐。我永远爱,2,ESD
ESD_0004_anger_你每次谈恋爱都像现在,2,ESD
"ESD_0004_anger_周末的我,只忙着陪你",2,ESD
"ESD_0004_anger_谁你也不认识,我很乐",2,ESD
ESD_0004_anger_我特别喜欢网球和登山,2,ESD
ESD_0004_anger_他一定是一眼就被你迷,2,ESD
ESD_0004_anger_很快你上大学就用得到,2,ESD
"ESD_0004_anger_我们意见不和,咱们去",2,ESD
"ESD_0004_anger_不就是你嘛,为什么要",2,ESD
ESD_0004_anger_前几天我碰见了一件有,2,ESD
ESD_0004_anger_已经播至该专辑最后一,2,ESD
ESD_0004_anger_我和我朋友刚从巴厘岛,2,ESD
ESD_0004_anger_做一些好吃的促进宝宝,2,ESD
ESD_0004_anger_你的身影总是在我心里,2,ESD
ESD_0004_anger_我觉得并不是非要有特,2,ESD
"ESD_0004_anger_是的,他很狡猾,经常",2,ESD
ESD_0004_anger_工厂不把它直接排到大,2,ESD
"ESD_0004_anger_没错,就是车门。另外",2,ESD
"ESD_0004_anger_很可爱啊,就像你一样",2,ESD
"ESD_0004_anger_除非你打飞碟球,但这",2,ESD
"ESD_0004_anger_没听清,请问什么时间",2,ESD
ESD_0004_anger_我遇到了一位漂亮的女,2,ESD
"ESD_0004_anger_我是青蛙,不用冬眠的",2,ESD
"ESD_0004_anger_那是马特,他肯定很勇",2,ESD
ESD_0004_anger_这样无辜的人就不会被,2,ESD
ESD_0004_anger_我必须一直通电才能工,2,ESD
ESD_0004_anger_我和我的妻子盼望着和,2,ESD
"ESD_0004_anger_当然是了,我现在快饿",2,ESD
"ESD_0004_anger_没有找到日程,走的时",2,ESD
ESD_0004_anger_是一家制药公司的短期,2,ESD
"ESD_0004_anger_姐忙得很,没空和你说",2,ESD
"ESD_0004_anger_我会暖被窝了,逗你的",2,ESD
"ESD_0004_anger_这样的话,我们可以选",2,ESD
"ESD_0004_anger_比方说,“华尔街日报",2,ESD
ESD_0004_anger_我知道人生并不总是一,2,ESD
ESD_0004_anger_我们可以轮流开车。,2,ESD
ESD_0004_anger_这是台湾地区最大的动,2,ESD
"ESD_0004_anger_时候不早了,我来了,",2,ESD
ESD_0004_anger_递给我一些彩球和纸花,2,ESD
"ESD_0004_anger_每次叫我都不给红包,",2,ESD
"ESD_0004_anger_没关系,也许他老婆会",2,ESD
ESD_0004_anger_你不应该害怕开始一段,2,ESD
"ESD_0004_anger_我肯定会的,那以后我",2,ESD
ESD_0004_anger_我是基于人工智能系统,2,ESD
ESD_0004_anger_它实际会形成一氧化碳,2,ESD
ESD_0004_anger_我参加了一个有关全球,2,ESD
"ESD_0004_anger_跳舞好难呀,我还正在",2,ESD
ESD_0004_anger_让人看上去就感到宽广,2,ESD
"ESD_0004_anger_只要是我能玩好的,我",2,ESD
ESD_0004_anger_坐地铁只需要大约二十,2,ESD
ESD_0004_anger_下个月我姐姐要结婚了,2,ESD
ESD_0004_anger_我是顺路过来跟你告别,2,ESD
ESD_0004_anger_你知道我很努力地在戒,2,ESD
"ESD_0004_anger_我告退了,晚上回去拍",2,ESD
"ESD_0004_anger_一点也不差,先把握好",2,ESD
ESD_0004_anger_我们可以去钓鱼、聊天,2,ESD
ESD_0004_anger_你深深地印在我的脑海,2,ESD
ESD_0004_anger_我应该给女朋友买玫瑰,2,ESD
"ESD_0004_anger_以后不要喝那么多了,",2,ESD
"ESD_0004_anger_心动不如行动,我不太",2,ESD
ESD_0004_anger_只要令人鼓舞的电影我,2,ESD
ESD_0004_anger_资料全都不见了。气死,2,ESD
ESD_0004_anger_她总是带香甜甜的微笑,2,ESD
ESD_0004_anger_今年应该是第二十七个,2,ESD
ESD_0004_anger_我也想去看可爱的熊猫,2,ESD
"ESD_0004_anger_是的,你是个大块头,",2,ESD
"ESD_0004_anger_奏婚礼进行曲了,他们",2,ESD
"ESD_0004_anger_它们的设计外形小巧,",2,ESD
ESD_0004_anger_人们当然都叫他“奥林,2,ESD
"ESD_0004_anger_看呀,我们差不多就装",2,ESD
ESD_0004_anger_这个镇上所有的人都喜,2,ESD
ESD_0004_anger_听说你要去香港看你叔,2,ESD
ESD_0004_anger_你身上的每一点都吸引,2,ESD
ESD_0004_anger_他好像跟他的秘书有过,2,ESD
"ESD_0004_anger_是啊,他的健康我总放",2,ESD
"ESD_0004_anger_真想不到,游泳竟有如",2,ESD
ESD_0004_anger_是没什么但是挺别扭的,2,ESD
"ESD_0004_anger_香港海洋公园,主人快",2,ESD
"ESD_0004_anger_是个冰淇淋,桃花确实",2,ESD
"ESD_0004_anger_还不太糟糕,但是得躺",2,ESD
ESD_0004_anger_如果有我能帮忙的请告,2,ESD
ESD_0004_anger_不会这么凑巧吧!我也,2,ESD
ESD_0004_anger_别不好意思。再多吃些,2,ESD
"ESD_0004_anger_很神奇的样子,我搞不",2,ESD
ESD_0004_anger_我倒是有一个爱好――,2,ESD
ESD_0004_anger_别小看我这发型!我还,2,ESD
ESD_0004_anger_你女儿和她妈妈长得很,2,ESD
ESD_0004_anger_我只会斗斗地主什么的,2,ESD
"ESD_0004_anger_得了吧,别这么胆小啦",2,ESD
ESD_0004_anger_就经常去我们宿舍附近,2,ESD
"ESD_0004_anger_很快,车就可自动开了",2,ESD
"ESD_0004_anger_我昨天遇到马克,他看",2,ESD
"ESD_0004_anger_感觉好温暖呀,好的,",2,ESD
ESD_0004_anger_没有找到蒸鱼的计时。,2,ESD
"ESD_0004_anger_我们俩合不来,还经常",2,ESD
"ESD_0004_anger_做不了什么,通常我会",2,ESD
ESD_0004_anger_我的表两点四十二。可,2,ESD
ESD_0004_anger_让我们看看哪一种球技,2,ESD
ESD_0004_anger_我其实挺饿的。,2,ESD
ESD_0004_anger_自己的事情要自己做。,2,ESD
ESD_0004_anger_每天早晨都是我妈妈帮,2,ESD
"ESD_0004_anger_那棒极了,其实心情挺",2,ESD
"ESD_0004_anger_玛丽,你看来很喜欢挖",2,ESD
"ESD_0004_anger_我也是,我还有点儿口",2,ESD
"ESD_0004_anger_真是个好习惯,通常看",2,ESD
"ESD_0004_anger_没有,不过,我们去了",2,ESD
"ESD_0004_anger_快点起床,我在公寓门",2,ESD
ESD_0004_anger_你的同学把你给捉弄了,2,ESD
"ESD_0004_anger_不过我想星期五走,",2,ESD
ESD_0004_anger_你还真是考虑周到。,2,ESD
ESD_0004_anger_那你就离市区很远了。,2,ESD
"ESD_0004_anger_汤姆是个好人,但却赌",2,ESD
ESD_0004_anger_那你就说你为之神魂颠,2,ESD
"ESD_0004_anger_是的,请返还我的钱,",2,ESD
"ESD_0004_anger_如果你想要纹身,你去",2,ESD
"ESD_0004_anger_不是,他住在沃斯盾的",2,ESD
ESD_0004_anger_你说我们在芝加哥要待,2,ESD
ESD_0004_anger_这些颜色也不太适合你,2,ESD
"ESD_0004_anger_对别人没有,而对我就",2,ESD
ESD_0004_anger_我的希望是工作到倒下,2,ESD
ESD_0004_anger_吝啬鬼!他每天还骑自,2,ESD
ESD_0004_anger_是你最牵挂的那个女人,2,ESD
ESD_0004_anger_是不是依然觉得我很可,2,ESD
ESD_0004_anger_多教我些东西我会更聪,2,ESD
ESD_0004_anger_我要学习一下相关知识,2,ESD
ESD_0004_anger_我喜欢几乎所有的运动,2,ESD
ESD_0004_anger_也许能帮助你把事情弄,2,ESD
ESD_0004_anger_我总是控制不了它。,2,ESD
ESD_0004_anger_他们的配合值得我们学,2,ESD
ESD_0004_anger_我也知道自己是大嘴巴,2,ESD
"ESD_0004_anger_你可以去问鹦鹉啊,鹦",2,ESD
"ESD_0004_anger_是啊,我还是个乳臭未",2,ESD
"ESD_0004_anger_女孩的心思你别猜,但",2,ESD
ESD_0004_anger_节食减肥很痛苦。,2,ESD
"ESD_0004_anger_听大自然的声响,就像",2,ESD
"ESD_0004_anger_现在,我仍然有点紧张",2,ESD
ESD_0004_anger_不知道。或许一双新鞋,2,ESD
ESD_0004_anger_有事记得喊我。,2,ESD
"ESD_0004_anger_你好,布赖恩,正好四",2,ESD
ESD_0004_anger_这样子比较有趣。,2,ESD
"ESD_0004_anger_我也最喜欢你,不要开",2,ESD
ESD_0004_anger_小心脚下。人行道上有,2,ESD
ESD_0004_anger_我们还等什么,2,ESD
"ESD_0004_anger_我还不会说其他外语,",2,ESD
ESD_0004_anger_我只打算放松一下自己,2,ESD
ESD_0004_anger_承蒙邀请参加你的婚礼,2,ESD
"ESD_0004_anger_你知道,有时候病人会",2,ESD
ESD_0004_anger_我的性格就是冷静并且,2,ESD
ESD_0004_anger_我不会牺牲我的健康来,2,ESD
ESD_0004_anger_当然!他是我们大学的,2,ESD
ESD_0004_anger_他讲的笑话让我笑个不,2,ESD
ESD_0004_anger_原来你也在玩这个,2,ESD
ESD_0004_anger_我还不知道你认识弗兰,2,ESD
ESD_0004_anger_我曾在一家船运公司里,2,ESD
ESD_0004_anger_其实我们前天已经分手,2,ESD
ESD_0004_anger_我想那些应该是草莓的,2,ESD
"ESD_0004_anger_太妙了,我想换一些日",2,ESD
"ESD_0004_anger_你得先回答我,你最喜",2,ESD
"ESD_0004_anger_让我再想想,真相已经",2,ESD
ESD_0004_anger_这样你就有时间挥拍打,2,ESD
"ESD_0004_anger_你这个小气鬼,很不幸",2,ESD
"ESD_0004_anger_我是个学生,服务器响",2,ESD
ESD_0004_anger_一套古瓷器。它真的很,2,ESD
ESD_0004_anger_他在这次竞选活动中花,2,ESD
"ESD_0004_anger_她此刻失业了,你最好",2,ESD
"ESD_0004_anger_带上你的家人,但是他",2,ESD
ESD_0004_anger_你在我的心里折腾好久,2,ESD
"ESD_0004_anger_你转一个,我想学习下",2,ESD
"ESD_0004_anger_她和维克分手了,所以",2,ESD
ESD_0004_anger_冬天雨非常多。我不喜,2,ESD
ESD_0004_anger_时间对珍尼来说是没有,2,ESD
ESD_0004_anger_大概足够支持我生活三,2,ESD
ESD_0004_anger_你绝对猜不到她准备要,2,ESD
ESD_0004_anger_二零一六年十一月五号,2,ESD
"ESD_0004_anger_今天真凉快,我希望主",2,ESD
ESD_0004_anger_软妹子生气会说:讨厌,2,ESD
ESD_0004_anger_我们一起为他办个惊喜,2,ESD
ESD_0004_anger_以后我要经常来这儿爬,2,ESD
"ESD_0004_anger_我是一名教师,你可是",2,ESD
ESD_0004_anger_上海现在是下午四点三,2,ESD
ESD_0004_anger_别问了!说多了都是眼,2,ESD
ESD_0004_anger_如果我滚远了就回不来,2,ESD
ESD_0004_anger_带女友出去好好吃上一,2,ESD
"ESD_0004_anger_炖肉一小时,剩余三十",2,ESD
ESD_0004_anger_我以为你们国家的人都,2,ESD
"ESD_0004_anger_我饿啦,我想去吃点东",2,ESD
"ESD_0004_anger_为什么不,交朋友不分",2,ESD
"ESD_0004_anger_当然知道,我们各有千",2,ESD
"ESD_0004_anger_我喜欢你的干净整洁,",2,ESD
ESD_0004_anger_我已经习惯这种气候了,2,ESD
ESD_0004_anger_也就是一大堆照片。,2,ESD
"ESD_0004_anger_那就一会再说,我好害",2,ESD
ESD_0004_anger_希望我有一天也可以去,2,ESD
"ESD_0004_anger_你昨天才买衣服,真是",2,ESD
"ESD_0004_anger_还要叫她起床,怎么会",2,ESD
"ESD_0004_anger_是的,我知道,患难见",2,ESD
"ESD_0004_anger_我是萌萌哒,你是呆呆",2,ESD
ESD_0004_anger_你可以在那儿呆上至少,2,ESD
ESD_0004_anger_对不起我把咖啡洒在桌,2,ESD
"ESD_0004_anger_也不算,她有的歌我都",2,ESD
ESD_0004_anger_我对养花已经厌倦了。,2,ESD
ESD_0004_anger_我还会陪你一路走下去,2,ESD
ESD_0004_anger_裁判全给了满分。,2,ESD
"ESD_0004_anger_当然,我简直离开音乐",2,ESD
"ESD_0004_anger_拜拜,明天要再来和小",2,ESD
ESD_0004_anger_碰到喜欢的女孩子要主,2,ESD
ESD_0004_anger_他的收支几乎不能平衡,2,ESD
"ESD_0004_anger_明天是星期天,我们去",2,ESD
ESD_0004_anger_大部分都是用诱饵钓到,2,ESD
"ESD_0004_anger_所以你必须要坚持,时",2,ESD
ESD_0004_anger_我非常支持人们走进太,2,ESD
ESD_0004_anger_我的老朋友汉森就住在,2,ESD
ESD_0004_anger_听起来你们玩得也很开,2,ESD
ESD_0004_anger_这个对我来说有点难!,2,ESD
"ESD_0004_anger_差不多,我们俩都很热",2,ESD
"ESD_0004_anger_你要做爸爸了,真让人",2,ESD
ESD_0004_anger_我真受不了城里那么大,2,ESD
ESD_0004_anger_好的。新的音乐厅有一,2,ESD
"ESD_0004_anger_这个位置不错,下车。",2,ESD
"ESD_0004_anger_那不打扰你了,我不敢",2,ESD
"ESD_0004_anger_最近很冷,风又大。",2,ESD
ESD_0004_anger_我最近正在努力练习棋,2,ESD
"ESD_0004_anger_拜托,别跟我提到笔记",2,ESD
ESD_0004_anger_它是一个主要的空气污,2,ESD
"ESD_0004_anger_我爱运动,但是对篮球",2,ESD
"ESD_0004_anger_我不需要嗅觉,所以没",2,ESD
"ESD_0004_anger_雪下得真大,带着我去",2,ESD
ESD_0004_anger_我不这么认为。我们沿,2,ESD
"ESD_0004_anger_食物也很美味,更不用",2,ESD
ESD_0004_anger_大约一个小时左右。,2,ESD
ESD_0004_anger_请勿进入竹林。不让进,2,ESD
ESD_0004_anger_为了不让鱼吃掉诗人的,2,ESD
ESD_0004_anger_那样的话你应该穿讲究,2,ESD
ESD_0004_anger_我的直系亲属人数不多,2,ESD
ESD_0004_anger_贾尼斯突然兴奋地大叫,2,ESD
ESD_0004_anger_领带对男人来说真必不,2,ESD
ESD_0004_anger_没有为什么就是要等我,2,ESD
ESD_0004_anger_我不怎么在乎这个店有,2,ESD
ESD_0004_anger_我最好的朋友就约会过,2,ESD
"ESD_0004_anger_我不用转头,不需要脖",2,ESD
"ESD_0004_anger_没看过小说,只有人类",2,ESD
ESD_0004_anger_我是个游戏迷。,2,ESD
"ESD_0004_anger_你比吴亦凡帅,我同意",2,ESD
"ESD_0004_anger_我没有忽悠你,机器人",2,ESD
ESD_0004_anger_最初我的工作是当一名,2,ESD
ESD_0004_anger_陪你度过这漫长的黑夜,2,ESD
ESD_0004_anger_这是我在旅游第四天拍,2,ESD
ESD_0004_anger_这句话的意义我不太明,2,ESD
ESD_0004_anger_我们想等一个合适的时,2,ESD
"ESD_0004_anger_我很伤心,我准备去网",2,ESD
ESD_0004_anger_这可真不像是场英超比,2,ESD
ESD_0004_anger_他好像是被他女友给甩,2,ESD
ESD_0004_anger_也许反倒是件好事,2,ESD
ESD_0004_anger_听起来很厉害的样子!,2,ESD
ESD_0004_anger_我必须再次感谢您的慷,2,ESD
"ESD_0004_anger_我是淑女,只会讲文明",2,ESD
ESD_0004_anger_这可是我学会的第一首,2,ESD
ESD_0004_anger_谁都有烦的时候。,2,ESD
"ESD_0004_anger_是很棒的一款手机,性",2,ESD
ESD_0004_anger_没有找到你想删除的闹,2,ESD
"ESD_0004_anger_很大,令人兴奋但是嘈",2,ESD
"ESD_0004_anger_沈阳明天有雷阵雨,多",2,ESD
ESD_0004_anger_但梅花往往被很多人忽,2,ESD
"ESD_0004_anger_只要不违法,我还是想",2,ESD
ESD_0004_anger_然后再找一个音乐播放,2,ESD
"ESD_0004_anger_我当然喜欢,我很注意",2,ESD
"ESD_0004_anger_是的,所以我永不喝它",2,ESD
"ESD_0004_anger_我真兴奋,我终于有自",2,ESD
ESD_0004_anger_我想说我也这样认为的,2,ESD
ESD_0004_anger_绝对不可以走到湖的中,2,ESD
"ESD_0004_anger_晚安,么么哒,满天都",2,ESD
"ESD_0004_anger_有些人划船,有的人在",2,ESD
ESD_0004_anger_我想所有中国人都会打,2,ESD
ESD_0004_anger_有充足的时间购物和观,2,ESD
"ESD_0004_anger_自己保重,记得要常联",2,ESD
"ESD_0004_anger_门儿都没有,现在还不",2,ESD
"ESD_0004_anger_我太喜欢听了,所以不",2,ESD
"ESD_0004_anger_我随时都在,有没有梦",2,ESD
"ESD_0004_anger_不会,不过我很喜欢单",2,ESD
ESD_0004_anger_还有聊天记录。,2,ESD
"ESD_0004_anger_在法国南部,气候常年",2,ESD
ESD_0004_anger_哪天我也许得和他谈谈,2,ESD
"ESD_0004_anger_振作点儿,我看了屏幕",2,ESD
"ESD_0004_anger_我是银灰色的,我都被",2,ESD
"ESD_0004_anger_文学和经济,我喜欢很",2,ESD
"ESD_0004_anger_赌博往往是个祸根,",2,ESD
"ESD_0004_anger_三个,两个儿子一个女",2,ESD
"ESD_0004_anger_祝你春节快乐,全家幸",2,ESD
"ESD_0004_anger_是的,我刚撞到了桌子",2,ESD
"ESD_0004_anger_这个我相信,我是登山",2,ESD
"ESD_0004_anger_播放歌单收藏,脑筋可",2,ESD
ESD_0004_anger_我希望你能和我一起想,2,ESD
ESD_0004_anger_我一直到清晨四点才到,2,ESD
ESD_0004_anger_我刚从苏格兰回来。,2,ESD
ESD_0004_anger_我支持你。它是需要重,2,ESD
ESD_0004_anger_我在一个机械化农场做,2,ESD
ESD_0004_anger_有时内在美更加重要。,2,ESD
ESD_0004_anger_我去查查篮球相关的知,2,ESD
"ESD_0004_anger_已经怀孕四个半月了,",2,ESD
"ESD_0004_anger_这局我让你开,今天我",2,ESD
ESD_0004_anger_我们休息一下喝杯咖啡,2,ESD
"ESD_0004_anger_如果她拒绝我,我会死",2,ESD
ESD_0004_anger_旅行结束后我将休息一,2,ESD
ESD_0004_anger_现在全城的人都要向我,2,ESD
ESD_0004_anger_我需要插着电源才能说,2,ESD
ESD_0004_anger_每次你看到一些时尚衣,2,ESD
ESD_0004_anger_你看上去比以前更漂亮,2,ESD
"ESD_0004_anger_下午好,蒂娜,我想我",2,ESD
ESD_0004_anger_家里有全自动洗衣机。,2,ESD
"ESD_0004_anger_谢谢你来这里,告诉我",2,ESD
"ESD_0004_anger_不是很喜欢,你把我绕",2,ESD
"ESD_0004_anger_等待你的指令,随时可",2,ESD
ESD_0004_anger_他对谁都那么友好。,2,ESD
ESD_0004_anger_我喜欢吃中餐。,2,ESD
"ESD_0004_anger_尽管提意见,我会改正",2,ESD
"ESD_0004_anger_这么多笑话,一天讲不",2,ESD
"ESD_0004_anger_我讨厌吃醋,偶是不懂",2,ESD
ESD_0004_anger_我们下午可以在湖里划,2,ESD
ESD_0004_anger_但是有时夏天比其它季,2,ESD
"ESD_0004_anger_我们相处得很好,仅此",2,ESD
ESD_0004_anger_于是我就问她能不能连,2,ESD
ESD_0004_anger_我想要那种新款的美国,2,ESD
ESD_0004_anger_错过这村可就没这个店,2,ESD
"ESD_0004_anger_我曾经养过,我太高兴",2,ESD
ESD_0004_anger_他们将于今年夏天结婚,2,ESD
"ESD_0004_anger_谢谢你的夸奖,鲍伯上",2,ESD
"ESD_0004_anger_你看起来很高兴,眼睛",2,ESD
ESD_0004_anger_年轻人当然要承担责任,2,ESD
ESD_0004_anger_不要乱问女孩子的年龄,2,ESD
ESD_0004_anger_每天晚上跟你互道晚安,2,ESD
ESD_0004_anger_我会在你的脸上画鬼脸,2,ESD
"ESD_0004_anger_我缺钱用,所以上星期",2,ESD
ESD_0004_anger_许多白领都参加到这个,2,ESD
"ESD_0004_anger_很漂亮,不过人多拥挤",2,ESD
"ESD_0004_anger_别总是闲着,找点事情",2,ESD
"ESD_0004_anger_好好休息一下,这个小",2,ESD
ESD_0004_anger_这两块是唐朝不同时期,2,ESD
"ESD_0004_anger_我喜欢你的黑衣服,你",2,ESD
"ESD_0004_anger_是的,真是名副其实。",2,ESD
"ESD_0004_anger_是很难听的脏话,主人",2,ESD
"ESD_0004_happiness_打远一看,它们的确很",1,ESD
ESD_0004_happiness_英国的哲学家曾经说过,1,ESD
ESD_0004_happiness_我老家在北京。,1,ESD
ESD_0004_happiness_不管怎么说主队好象是,1,ESD
"ESD_0004_happiness_我们乘船漂游了三峡,",1,ESD
ESD_0004_happiness_我喜欢“北京欢迎你”,1,ESD
ESD_0004_happiness_我每个月打一次电话。,1,ESD
ESD_0004_happiness_沙尘暴好像给每个人都,1,ESD
"ESD_0004_happiness_就是这个意思,你又聪",1,ESD
ESD_0004_happiness_个人收藏家!他们肯定,1,ESD
ESD_0004_happiness_妇女节快乐。我永远爱,1,ESD
ESD_0004_happiness_你每次谈恋爱都像现在,1,ESD
"ESD_0004_happiness_周末的我,只忙着陪你",1,ESD
"ESD_0004_happiness_谁你也不认识,我很乐",1,ESD
ESD_0004_happiness_我特别喜欢网球和登山,1,ESD
ESD_0004_happiness_他一定是一眼就被你迷,1,ESD
ESD_0004_happiness_很快你上大学就用得到,1,ESD
"ESD_0004_happiness_我们意见不和,咱们去",1,ESD
"ESD_0004_happiness_不就是你嘛,为什么要",1,ESD
ESD_0004_happiness_前几天我碰见了一件有,1,ESD
ESD_0004_happiness_已经播至该专辑最后一,1,ESD
ESD_0004_happiness_我和我朋友刚从巴厘岛,1,ESD
ESD_0004_happiness_做一些好吃的促进宝宝,1,ESD
ESD_0004_happiness_你的身影总是在我心里,1,ESD
ESD_0004_happiness_我觉得并不是非要有特,1,ESD
"ESD_0004_happiness_是的,他很狡猾,经常",1,ESD
ESD_0004_happiness_工厂不把它直接排到大,1,ESD
"ESD_0004_happiness_没错,就是车门。另外",1,ESD
"ESD_0004_happiness_很可爱啊,就像你一样",1,ESD
"ESD_0004_happiness_除非你打飞碟球,但这",1,ESD
"ESD_0004_happiness_没听清,请问什么时间",1,ESD
ESD_0004_happiness_我遇到了一位漂亮的女,1,ESD
"ESD_0004_happiness_我是青蛙,不用冬眠的",1,ESD
"ESD_0004_happiness_那是马特,他肯定很勇",1,ESD
ESD_0004_happiness_这样无辜的人就不会被,1,ESD
ESD_0004_happiness_我必须一直通电才能工,1,ESD
ESD_0004_happiness_我和我的妻子盼望着和,1,ESD
"ESD_0004_happiness_当然是了,我现在快饿",1,ESD
"ESD_0004_happiness_没有找到日程,走的时",1,ESD
ESD_0004_happiness_是一家制药公司的短期,1,ESD
"ESD_0004_happiness_姐忙得很,没空和你说",1,ESD
"ESD_0004_happiness_我会暖被窝了,逗你的",1,ESD
"ESD_0004_happiness_这样的话,我们可以选",1,ESD
"ESD_0004_happiness_比方说,“华尔街日报",1,ESD
ESD_0004_happiness_我知道人生并不总是一,1,ESD
ESD_0004_happiness_我们可以轮流开车。,1,ESD
ESD_0004_happiness_这是台湾地区最大的动,1,ESD
"ESD_0004_happiness_时候不早了,我来了,",1,ESD
ESD_0004_happiness_递给我一些彩球和纸花,1,ESD
"ESD_0004_happiness_每次叫我都不给红包,",1,ESD
"ESD_0004_happiness_没关系,也许他老婆会",1,ESD
ESD_0004_happiness_你不应该害怕开始一段,1,ESD
"ESD_0004_happiness_我肯定会的,那以后我",1,ESD
ESD_0004_happiness_我是基于人工智能系统,1,ESD
ESD_0004_happiness_它实际会形成一氧化碳,1,ESD
ESD_0004_happiness_我参加了一个有关全球,1,ESD
"ESD_0004_happiness_跳舞好难呀,我还正在",1,ESD
ESD_0004_happiness_让人看上去就感到宽广,1,ESD
"ESD_0004_happiness_只要是我能玩好的,我",1,ESD
ESD_0004_happiness_坐地铁只需要大约二十,1,ESD
ESD_0004_happiness_下个月我姐姐要结婚了,1,ESD
ESD_0004_happiness_我是顺路过来跟你告别,1,ESD
ESD_0004_happiness_你知道我很努力地在戒,1,ESD
"ESD_0004_happiness_我告退了,晚上回去拍",1,ESD
"ESD_0004_happiness_一点也不差,先把握好",1,ESD
ESD_0004_happiness_我们可以去钓鱼、聊天,1,ESD
ESD_0004_happiness_你深深地印在我的脑海,1,ESD
ESD_0004_happiness_我应该给女朋友买玫瑰,1,ESD
"ESD_0004_happiness_以后不要喝那么多了,",1,ESD
"ESD_0004_happiness_心动不如行动,我不太",1,ESD
ESD_0004_happiness_只要令人鼓舞的电影我,1,ESD
ESD_0004_happiness_资料全都不见了。气死,1,ESD
ESD_0004_happiness_她总是带香甜甜的微笑,1,ESD
ESD_0004_happiness_今年应该是第二十七个,1,ESD
ESD_0004_happiness_我也想去看可爱的熊猫,1,ESD
"ESD_0004_happiness_是的,你是个大块头,",1,ESD
"ESD_0004_happiness_奏婚礼进行曲了,他们",1,ESD
"ESD_0004_happiness_它们的设计外形小巧,",1,ESD
ESD_0004_happiness_人们当然都叫他“奥林,1,ESD
"ESD_0004_happiness_看呀,我们差不多就装",1,ESD
ESD_0004_happiness_这个镇上所有的人都喜,1,ESD
ESD_0004_happiness_听说你要去香港看你叔,1,ESD
ESD_0004_happiness_你身上的每一点都吸引,1,ESD
ESD_0004_happiness_他好像跟他的秘书有过,1,ESD
"ESD_0004_happiness_是啊,他的健康我总放",1,ESD
"ESD_0004_happiness_真想不到,游泳竟有如",1,ESD
ESD_0004_happiness_是没什么但是挺别扭的,1,ESD
"ESD_0004_happiness_香港海洋公园,主人快",1,ESD
"ESD_0004_happiness_是个冰淇淋,桃花确实",1,ESD
"ESD_0004_happiness_还不太糟糕,但是得躺",1,ESD
ESD_0004_happiness_如果有我能帮忙的请告,1,ESD
ESD_0004_happiness_不会这么凑巧吧!我也,1,ESD
ESD_0004_happiness_别不好意思。再多吃些,1,ESD
"ESD_0004_happiness_很神奇的样子,我搞不",1,ESD
ESD_0004_happiness_我倒是有一个爱好――,1,ESD
ESD_0004_happiness_别小看我这发型!我还,1,ESD
ESD_0004_happiness_你女儿和她妈妈长得很,1,ESD
ESD_0004_happiness_我只会斗斗地主什么的,1,ESD
"ESD_0004_happiness_得了吧,别这么胆小啦",1,ESD
ESD_0004_happiness_就经常去我们宿舍附近,1,ESD
"ESD_0004_happiness_很快,车就可自动开了",1,ESD
"ESD_0004_happiness_我昨天遇到马克,他看",1,ESD
"ESD_0004_happiness_感觉好温暖呀,好的,",1,ESD
ESD_0004_happiness_没有找到蒸鱼的计时。,1,ESD
"ESD_0004_happiness_我们俩合不来,还经常",1,ESD
"ESD_0004_happiness_做不了什么,通常我会",1,ESD
ESD_0004_happiness_我的表两点四十二。可,1,ESD
ESD_0004_happiness_让我们看看哪一种球技,1,ESD
ESD_0004_happiness_我其实挺饿的。,1,ESD
ESD_0004_happiness_自己的事情要自己做。,1,ESD
ESD_0004_happiness_每天早晨都是我妈妈帮,1,ESD
"ESD_0004_happiness_那棒极了,其实心情挺",1,ESD
"ESD_0004_happiness_玛丽,你看来很喜欢挖",1,ESD
"ESD_0004_happiness_我也是,我还有点儿口",1,ESD
"ESD_0004_happiness_真是个好习惯,通常看",1,ESD
"ESD_0004_happiness_没有,不过,我们去了",1,ESD
"ESD_0004_happiness_快点起床,我在公寓门",1,ESD
ESD_0004_happiness_你的同学把你给捉弄了,1,ESD
"ESD_0004_happiness_不过我想星期五走,",1,ESD
ESD_0004_happiness_你还真是考虑周到。,1,ESD
ESD_0004_happiness_那你就离市区很远了。,1,ESD
"ESD_0004_happiness_汤姆是个好人,但却赌",1,ESD
ESD_0004_happiness_那你就说你为之神魂颠,1,ESD
"ESD_0004_happiness_是的,请返还我的钱,",1,ESD
"ESD_0004_happiness_如果你想要纹身,你去",1,ESD
"ESD_0004_happiness_不是,他住在沃斯盾的",1,ESD
ESD_0004_happiness_你说我们在芝加哥要待,1,ESD
ESD_0004_happiness_这些颜色也不太适合你,1,ESD
"ESD_0004_happiness_对别人没有,而对我就",1,ESD
ESD_0004_happiness_我的希望是工作到倒下,1,ESD
ESD_0004_happiness_吝啬鬼!他每天还骑自,1,ESD
ESD_0004_happiness_是你最牵挂的那个女人,1,ESD
ESD_0004_happiness_是不是依然觉得我很可,1,ESD
ESD_0004_happiness_多教我些东西我会更聪,1,ESD
ESD_0004_happiness_我要学习一下相关知识,1,ESD
ESD_0004_happiness_我喜欢几乎所有的运动,1,ESD
ESD_0004_happiness_也许能帮助你把事情弄,1,ESD
ESD_0004_happiness_我总是控制不了它。,1,ESD
ESD_0004_happiness_他们的配合值得我们学,1,ESD
ESD_0004_happiness_我也知道自己是大嘴巴,1,ESD
"ESD_0004_happiness_你可以去问鹦鹉啊,鹦",1,ESD
"ESD_0004_happiness_是啊,我还是个乳臭未",1,ESD
"ESD_0004_happiness_女孩的心思你别猜,但",1,ESD
ESD_0004_happiness_节食减肥很痛苦。,1,ESD
"ESD_0004_happiness_听大自然的声响,就像",1,ESD
"ESD_0004_happiness_现在,我仍然有点紧张",1,ESD
ESD_0004_happiness_不知道。或许一双新鞋,1,ESD
ESD_0004_happiness_有事记得喊我。,1,ESD
"ESD_0004_happiness_你好,布赖恩,正好四",1,ESD
ESD_0004_happiness_这样子比较有趣。,1,ESD
"ESD_0004_happiness_我也最喜欢你,不要开",1,ESD
ESD_0004_happiness_小心脚下。人行道上有,1,ESD
ESD_0004_happiness_我们还等什么,1,ESD
"ESD_0004_happiness_我还不会说其他外语,",1,ESD
ESD_0004_happiness_我只打算放松一下自己,1,ESD
ESD_0004_happiness_承蒙邀请参加你的婚礼,1,ESD
"ESD_0004_happiness_你知道,有时候病人会",1,ESD
ESD_0004_happiness_我的性格就是冷静并且,1,ESD
ESD_0004_happiness_我不会牺牲我的健康来,1,ESD
ESD_0004_happiness_当然!他是我们大学的,1,ESD
ESD_0004_happiness_他讲的笑话让我笑个不,1,ESD
ESD_0004_happiness_原来你也在玩这个,1,ESD
ESD_0004_happiness_我还不知道你认识弗兰,1,ESD
ESD_0004_happiness_我曾在一家船运公司里,1,ESD
ESD_0004_happiness_其实我们前天已经分手,1,ESD
ESD_0004_happiness_我想那些应该是草莓的,1,ESD
"ESD_0004_happiness_太妙了,我想换一些日",1,ESD
"ESD_0004_happiness_你得先回答我,你最喜",1,ESD
"ESD_0004_happiness_让我再想想,真相已经",1,ESD
ESD_0004_happiness_这样你就有时间挥拍打,1,ESD
"ESD_0004_happiness_你这个小气鬼,很不幸",1,ESD
"ESD_0004_happiness_我是个学生,服务器响",1,ESD
ESD_0004_happiness_一套古瓷器。它真的很,1,ESD
ESD_0004_happiness_他在这次竞选活动中花,1,ESD
"ESD_0004_happiness_她此刻失业了,你最好",1,ESD
"ESD_0004_happiness_带上你的家人,但是他",1,ESD
ESD_0004_happiness_你在我的心里折腾好久,1,ESD
"ESD_0004_happiness_你转一个,我想学习下",1,ESD
"ESD_0004_happiness_她和维克分手了,所以",1,ESD
ESD_0004_happiness_冬天雨非常多。我不喜,1,ESD
ESD_0004_happiness_时间对珍尼来说是没有,1,ESD
ESD_0004_happiness_大概足够支持我生活三,1,ESD
ESD_0004_happiness_你绝对猜不到她准备要,1,ESD
ESD_0004_happiness_二零一六年十一月五号,1,ESD
"ESD_0004_happiness_今天真凉快,我希望主",1,ESD
ESD_0004_happiness_软妹子生气会说:讨厌,1,ESD
ESD_0004_happiness_我们一起为他办个惊喜,1,ESD
ESD_0004_happiness_以后我要经常来这儿爬,1,ESD
"ESD_0004_happiness_我是一名教师,你可是",1,ESD
ESD_0004_happiness_上海现在是下午四点三,1,ESD
ESD_0004_happiness_别问了!说多了都是眼,1,ESD
ESD_0004_happiness_如果我滚远了就回不来,1,ESD
ESD_0004_happiness_带女友出去好好吃上一,1,ESD
"ESD_0004_happiness_炖肉一小时,剩余三十",1,ESD
ESD_0004_happiness_我以为你们国家的人都,1,ESD
"ESD_0004_happiness_我饿啦,我想去吃点东",1,ESD
"ESD_0004_happiness_为什么不,交朋友不分",1,ESD
"ESD_0004_happiness_当然知道,我们各有千",1,ESD
"ESD_0004_happiness_我喜欢你的干净整洁,",1,ESD
ESD_0004_happiness_我已经习惯这种气候了,1,ESD
ESD_0004_happiness_也就是一大堆照片。,1,ESD
"ESD_0004_happiness_那就一会再说,我好害",1,ESD
ESD_0004_happiness_希望我有一天也可以去,1,ESD
"ESD_0004_happiness_你昨天才买衣服,真是",1,ESD
"ESD_0004_happiness_还要叫她起床,怎么会",1,ESD
"ESD_0004_happiness_是的,我知道,患难见",1,ESD
"ESD_0004_happiness_我是萌萌哒,你是呆呆",1,ESD
ESD_0004_happiness_你可以在那儿呆上至少,1,ESD
ESD_0004_happiness_对不起我把咖啡洒在桌,1,ESD
"ESD_0004_happiness_也不算,她有的歌我都",1,ESD
ESD_0004_happiness_我对养花已经厌倦了。,1,ESD
ESD_0004_happiness_我还会陪你一路走下去,1,ESD
ESD_0004_happiness_裁判全给了满分。,1,ESD
"ESD_0004_happiness_当然,我简直离开音乐",1,ESD
"ESD_0004_happiness_拜拜,明天要再来和小",1,ESD
ESD_0004_happiness_碰到喜欢的女孩子要主,1,ESD
ESD_0004_happiness_他的收支几乎不能平衡,1,ESD
"ESD_0004_happiness_明天是星期天,我们去",1,ESD
ESD_0004_happiness_大部分都是用诱饵钓到,1,ESD
"ESD_0004_happiness_所以你必须要坚持,时",1,ESD
ESD_0004_happiness_我非常支持人们走进太,1,ESD
ESD_0004_happiness_我的老朋友汉森就住在,1,ESD
ESD_0004_happiness_听起来你们玩得也很开,1,ESD
ESD_0004_happiness_这个对我来说有点难!,1,ESD
"ESD_0004_happiness_差不多,我们俩都很热",1,ESD
"ESD_0004_happiness_你要做爸爸了,真让人",1,ESD
ESD_0004_happiness_我真受不了城里那么大,1,ESD
ESD_0004_happiness_好的。新的音乐厅有一,1,ESD
"ESD_0004_happiness_这个位置不错,下车。",1,ESD
"ESD_0004_happiness_那不打扰你了,我不敢",1,ESD
"ESD_0004_happiness_最近很冷,风又大。",1,ESD
ESD_0004_happiness_我最近正在努力练习棋,1,ESD
"ESD_0004_happiness_拜托,别跟我提到笔记",1,ESD
ESD_0004_happiness_它是一个主要的空气污,1,ESD
"ESD_0004_happiness_我爱运动,但是对篮球",1,ESD
"ESD_0004_happiness_我不需要嗅觉,所以没",1,ESD
"ESD_0004_happiness_雪下得真大,带着我去",1,ESD
ESD_0004_happiness_我不这么认为。我们沿,1,ESD
"ESD_0004_happiness_食物也很美味,更不用",1,ESD
ESD_0004_happiness_大约一个小时左右。,1,ESD
ESD_0004_happiness_请勿进入竹林。不让进,1,ESD
ESD_0004_happiness_为了不让鱼吃掉诗人的,1,ESD
ESD_0004_happiness_那样的话你应该穿讲究,1,ESD
ESD_0004_happiness_我的直系亲属人数不多,1,ESD
ESD_0004_happiness_贾尼斯突然兴奋地大叫,1,ESD
ESD_0004_happiness_领带对男人来说真必不,1,ESD
ESD_0004_happiness_没有为什么就是要等我,1,ESD
ESD_0004_happiness_我不怎么在乎这个店有,1,ESD
ESD_0004_happiness_我最好的朋友就约会过,1,ESD
"ESD_0004_happiness_我不用转头,不需要脖",1,ESD
"ESD_0004_happiness_没看过小说,只有人类",1,ESD
ESD_0004_happiness_我是个游戏迷。,1,ESD
"ESD_0004_happiness_你比吴亦凡帅,我同意",1,ESD
"ESD_0004_happiness_我没有忽悠你,机器人",1,ESD
ESD_0004_happiness_最初我的工作是当一名,1,ESD
ESD_0004_happiness_陪你度过这漫长的黑夜,1,ESD
ESD_0004_happiness_这是我在旅游第四天拍,1,ESD
ESD_0004_happiness_这句话的意义我不太明,1,ESD
ESD_0004_happiness_我们想等一个合适的时,1,ESD
"ESD_0004_happiness_我很伤心,我准备去网",1,ESD
ESD_0004_happiness_这可真不像是场英超比,1,ESD
ESD_0004_happiness_他好像是被他女友给甩,1,ESD
ESD_0004_happiness_也许反倒是件好事,1,ESD
ESD_0004_happiness_听起来很厉害的样子!,1,ESD
ESD_0004_happiness_我必须再次感谢您的慷,1,ESD
"ESD_0004_happiness_我是淑女,只会讲文明",1,ESD
ESD_0004_happiness_这可是我学会的第一首,1,ESD
ESD_0004_happiness_谁都有烦的时候。,1,ESD
"ESD_0004_happiness_是很棒的一款手机,性",1,ESD
ESD_0004_happiness_没有找到你想删除的闹,1,ESD
"ESD_0004_happiness_很大,令人兴奋但是嘈",1,ESD
"ESD_0004_happiness_沈阳明天有雷阵雨,多",1,ESD
ESD_0004_happiness_但梅花往往被很多人忽,1,ESD
"ESD_0004_happiness_只要不违法,我还是想",1,ESD
ESD_0004_happiness_然后再找一个音乐播放,1,ESD
"ESD_0004_happiness_我当然喜欢,我很注意",1,ESD
"ESD_0004_happiness_是的,所以我永不喝它",1,ESD
"ESD_0004_happiness_我真兴奋,我终于有自",1,ESD
ESD_0004_happiness_我想说我也这样认为的,1,ESD
ESD_0004_happiness_绝对不可以走到湖的中,1,ESD
"ESD_0004_happiness_晚安,么么哒,满天都",1,ESD
"ESD_0004_happiness_有些人划船,有的人在",1,ESD
ESD_0004_happiness_我想所有中国人都会打,1,ESD
ESD_0004_happiness_有充足的时间购物和观,1,ESD
"ESD_0004_happiness_自己保重,记得要常联",1,ESD
"ESD_0004_happiness_门儿都没有,现在还不",1,ESD
"ESD_0004_happiness_我太喜欢听了,所以不",1,ESD
"ESD_0004_happiness_我随时都在,有没有梦",1,ESD
"ESD_0004_happiness_不会,不过我很喜欢单",1,ESD
ESD_0004_happiness_还有聊天记录。,1,ESD
"ESD_0004_happiness_在法国南部,气候常年",1,ESD
ESD_0004_happiness_哪天我也许得和他谈谈,1,ESD
"ESD_0004_happiness_振作点儿,我看了屏幕",1,ESD
"ESD_0004_happiness_我是银灰色的,我都被",1,ESD
"ESD_0004_happiness_文学和经济,我喜欢很",1,ESD
"ESD_0004_happiness_赌博往往是个祸根,",1,ESD
"ESD_0004_happiness_三个,两个儿子一个女",1,ESD
"ESD_0004_happiness_祝你春节快乐,全家幸",1,ESD
"ESD_0004_happiness_是的,我刚撞到了桌子",1,ESD
"ESD_0004_happiness_这个我相信,我是登山",1,ESD
"ESD_0004_happiness_播放歌单收藏,脑筋可",1,ESD
ESD_0004_happiness_我希望你能和我一起想,1,ESD
ESD_0004_happiness_我一直到清晨四点才到,1,ESD
ESD_0004_happiness_我刚从苏格兰回来。,1,ESD
ESD_0004_happiness_我支持你。它是需要重,1,ESD
ESD_0004_happiness_我在一个机械化农场做,1,ESD
ESD_0004_happiness_有时内在美更加重要。,1,ESD
ESD_0004_happiness_我去查查篮球相关的知,1,ESD
"ESD_0004_happiness_已经怀孕四个半月了,",1,ESD
"ESD_0004_happiness_这局我让你开,今天我",1,ESD
ESD_0004_happiness_我们休息一下喝杯咖啡,1,ESD
"ESD_0004_happiness_如果她拒绝我,我会死",1,ESD
ESD_0004_happiness_旅行结束后我将休息一,1,ESD
ESD_0004_happiness_现在全城的人都要向我,1,ESD
ESD_0004_happiness_我需要插着电源才能说,1,ESD
ESD_0004_happiness_每次你看到一些时尚衣,1,ESD
ESD_0004_happiness_你看上去比以前更漂亮,1,ESD
"ESD_0004_happiness_下午好,蒂娜,我想我",1,ESD
ESD_0004_happiness_家里有全自动洗衣机。,1,ESD
"ESD_0004_happiness_谢谢你来这里,告诉我",1,ESD
"ESD_0004_happiness_不是很喜欢,你把我绕",1,ESD
"ESD_0004_happiness_等待你的指令,随时可",1,ESD
ESD_0004_happiness_他对谁都那么友好。,1,ESD
ESD_0004_happiness_我喜欢吃中餐。,1,ESD
"ESD_0004_happiness_尽管提意见,我会改正",1,ESD
"ESD_0004_happiness_这么多笑话,一天讲不",1,ESD
"ESD_0004_happiness_我讨厌吃醋,偶是不懂",1,ESD
ESD_0004_happiness_我们下午可以在湖里划,1,ESD
ESD_0004_happiness_但是有时夏天比其它季,1,ESD
"ESD_0004_happiness_我们相处得很好,仅此",1,ESD
ESD_0004_happiness_于是我就问她能不能连,1,ESD
ESD_0004_happiness_我想要那种新款的美国,1,ESD
ESD_0004_happiness_错过这村可就没这个店,1,ESD
"ESD_0004_happiness_我曾经养过,我太高兴",1,ESD
ESD_0004_happiness_他们将于今年夏天结婚,1,ESD
"ESD_0004_happiness_谢谢你的夸奖,鲍伯上",1,ESD
"ESD_0004_happiness_你看起来很高兴,眼睛",1,ESD
ESD_0004_happiness_年轻人当然要承担责任,1,ESD
ESD_0004_happiness_不要乱问女孩子的年龄,1,ESD
ESD_0004_happiness_每天晚上跟你互道晚安,1,ESD
ESD_0004_happiness_我会在你的脸上画鬼脸,1,ESD
"ESD_0004_happiness_我缺钱用,所以上星期",1,ESD
ESD_0004_happiness_许多白领都参加到这个,1,ESD
"ESD_0004_happiness_很漂亮,不过人多拥挤",1,ESD
"ESD_0004_happiness_别总是闲着,找点事情",1,ESD
"ESD_0004_happiness_好好休息一下,这个小",1,ESD
ESD_0004_happiness_这两块是唐朝不同时期,1,ESD
"ESD_0004_happiness_我喜欢你的黑衣服,你",1,ESD
"ESD_0004_happiness_是的,真是名副其实。",1,ESD
"ESD_0004_happiness_是很难听的脏话,主人",1,ESD
"ESD_0004_neutral_打远一看,它们的确很",0,ESD
ESD_0004_neutral_英国的哲学家曾经说过,0,ESD
ESD_0004_neutral_我老家在北京。,0,ESD
ESD_0004_neutral_不管怎么说主队好象是,0,ESD
"ESD_0004_neutral_我们乘船漂游了三峡,",0,ESD
ESD_0004_neutral_我喜欢“北京欢迎你”,0,ESD
ESD_0004_neutral_我每个月打一次电话。,0,ESD
ESD_0004_neutral_沙尘暴好像给每个人都,0,ESD
"ESD_0004_neutral_就是这个意思,你又聪",0,ESD
ESD_0004_neutral_个人收藏家!他们肯定,0,ESD
ESD_0004_neutral_妇女节快乐。我永远爱,0,ESD
ESD_0004_neutral_你每次谈恋爱都像现在,0,ESD
"ESD_0004_neutral_周末的我,只忙着陪你",0,ESD
"ESD_0004_neutral_谁你也不认识,我很乐",0,ESD
ESD_0004_neutral_我特别喜欢网球和登山,0,ESD
ESD_0004_neutral_他一定是一眼就被你迷,0,ESD
ESD_0004_neutral_很快你上大学就用得到,0,ESD
"ESD_0004_neutral_我们意见不和,咱们去",0,ESD
"ESD_0004_neutral_不就是你嘛,为什么要",0,ESD
ESD_0004_neutral_前几天我碰见了一件有,0,ESD
ESD_0004_neutral_已经播至该专辑最后一,0,ESD
ESD_0004_neutral_我和我朋友刚从巴厘岛,0,ESD
ESD_0004_neutral_做一些好吃的促进宝宝,0,ESD
ESD_0004_neutral_你的身影总是在我心里,0,ESD
ESD_0004_neutral_我觉得并不是非要有特,0,ESD
"ESD_0004_neutral_是的,他很狡猾,经常",0,ESD
ESD_0004_neutral_工厂不把它直接排到大,0,ESD
"ESD_0004_neutral_没错,就是车门。另外",0,ESD
"ESD_0004_neutral_很可爱啊,就像你一样",0,ESD
"ESD_0004_neutral_除非你打飞碟球,但这",0,ESD
"ESD_0004_neutral_没听清,请问什么时间",0,ESD
ESD_0004_neutral_我遇到了一位漂亮的女,0,ESD
"ESD_0004_neutral_我是青蛙,不用冬眠的",0,ESD
"ESD_0004_neutral_那是马特,他肯定很勇",0,ESD
ESD_0004_neutral_这样无辜的人就不会被,0,ESD
ESD_0004_neutral_我必须一直通电才能工,0,ESD
ESD_0004_neutral_我和我的妻子盼望着和,0,ESD
"ESD_0004_neutral_当然是了,我现在快饿",0,ESD
"ESD_0004_neutral_没有找到日程,走的时",0,ESD
ESD_0004_neutral_是一家制药公司的短期,0,ESD
"ESD_0004_neutral_姐忙得很,没空和你说",0,ESD
"ESD_0004_neutral_我会暖被窝了,逗你的",0,ESD
"ESD_0004_neutral_这样的话,我们可以选",0,ESD
"ESD_0004_neutral_比方说,“华尔街日报",0,ESD
ESD_0004_neutral_我知道人生并不总是一,0,ESD
ESD_0004_neutral_我们可以轮流开车。,0,ESD
ESD_0004_neutral_这是台湾地区最大的动,0,ESD
"ESD_0004_neutral_时候不早了,我来了,",0,ESD
ESD_0004_neutral_递给我一些彩球和纸花,0,ESD
"ESD_0004_neutral_每次叫我都不给红包,",0,ESD
"ESD_0004_neutral_没关系,也许他老婆会",0,ESD
ESD_0004_neutral_你不应该害怕开始一段,0,ESD
"ESD_0004_neutral_我肯定会的,那以后我",0,ESD
ESD_0004_neutral_我是基于人工智能系统,0,ESD
ESD_0004_neutral_它实际会形成一氧化碳,0,ESD
ESD_0004_neutral_我参加了一个有关全球,0,ESD
"ESD_0004_neutral_跳舞好难呀,我还正在",0,ESD
ESD_0004_neutral_让人看上去就感到宽广,0,ESD
"ESD_0004_neutral_只要是我能玩好的,我",0,ESD
ESD_0004_neutral_坐地铁只需要大约二十,0,ESD
ESD_0004_neutral_下个月我姐姐要结婚了,0,ESD
ESD_0004_neutral_我是顺路过来跟你告别,0,ESD
ESD_0004_neutral_你知道我很努力地在戒,0,ESD
"ESD_0004_neutral_我告退了,晚上回去拍",0,ESD
"ESD_0004_neutral_一点也不差,先把握好",0,ESD
ESD_0004_neutral_我们可以去钓鱼、聊天,0,ESD
ESD_0004_neutral_你深深地印在我的脑海,0,ESD
ESD_0004_neutral_我应该给女朋友买玫瑰,0,ESD
"ESD_0004_neutral_以后不要喝那么多了,",0,ESD
"ESD_0004_neutral_心动不如行动,我不太",0,ESD
ESD_0004_neutral_只要令人鼓舞的电影我,0,ESD
ESD_0004_neutral_资料全都不见了。气死,0,ESD
ESD_0004_neutral_她总是带香甜甜的微笑,0,ESD
ESD_0004_neutral_今年应该是第二十七个,0,ESD
ESD_0004_neutral_我也想去看可爱的熊猫,0,ESD
"ESD_0004_neutral_是的,你是个大块头,",0,ESD
"ESD_0004_neutral_奏婚礼进行曲了,他们",0,ESD
"ESD_0004_neutral_它们的设计外形小巧,",0,ESD
ESD_0004_neutral_人们当然都叫他“奥林,0,ESD
"ESD_0004_neutral_看呀,我们差不多就装",0,ESD
ESD_0004_neutral_这个镇上所有的人都喜,0,ESD
ESD_0004_neutral_听说你要去香港看你叔,0,ESD
ESD_0004_neutral_你身上的每一点都吸引,0,ESD
ESD_0004_neutral_他好像跟他的秘书有过,0,ESD
"ESD_0004_neutral_是啊,他的健康我总放",0,ESD
"ESD_0004_neutral_真想不到,游泳竟有如",0,ESD
ESD_0004_neutral_是没什么但是挺别扭的,0,ESD
"ESD_0004_neutral_香港海洋公园,主人快",0,ESD
"ESD_0004_neutral_是个冰淇淋,桃花确实",0,ESD
"ESD_0004_neutral_还不太糟糕,但是得躺",0,ESD
ESD_0004_neutral_如果有我能帮忙的请告,0,ESD
ESD_0004_neutral_不会这么凑巧吧!我也,0,ESD
ESD_0004_neutral_别不好意思。再多吃些,0,ESD
"ESD_0004_neutral_很神奇的样子,我搞不",0,ESD
ESD_0004_neutral_我倒是有一个爱好――,0,ESD
ESD_0004_neutral_别小看我这发型!我还,0,ESD
ESD_0004_neutral_你女儿和她妈妈长得很,0,ESD
ESD_0004_neutral_我只会斗斗地主什么的,0,ESD
"ESD_0004_neutral_得了吧,别这么胆小啦",0,ESD
ESD_0004_neutral_就经常去我们宿舍附近,0,ESD
"ESD_0004_neutral_很快,车就可自动开了",0,ESD
"ESD_0004_neutral_我昨天遇到马克,他看",0,ESD
"ESD_0004_neutral_感觉好温暖呀,好的,",0,ESD
ESD_0004_neutral_没有找到蒸鱼的计时。,0,ESD
"ESD_0004_neutral_我们俩合不来,还经常",0,ESD
"ESD_0004_neutral_做不了什么,通常我会",0,ESD
ESD_0004_neutral_我的表两点四十二。可,0,ESD
ESD_0004_neutral_让我们看看哪一种球技,0,ESD
ESD_0004_neutral_我其实挺饿的。,0,ESD
ESD_0004_neutral_自己的事情要自己做。,0,ESD
ESD_0004_neutral_每天早晨都是我妈妈帮,0,ESD
"ESD_0004_neutral_那棒极了,其实心情挺",0,ESD
"ESD_0004_neutral_玛丽,你看来很喜欢挖",0,ESD
"ESD_0004_neutral_我也是,我还有点儿口",0,ESD
"ESD_0004_neutral_真是个好习惯,通常看",0,ESD
"ESD_0004_neutral_没有,不过,我们去了",0,ESD
"ESD_0004_neutral_快点起床,我在公寓门",0,ESD
ESD_0004_neutral_你的同学把你给捉弄了,0,ESD
"ESD_0004_neutral_不过我想星期五走,",0,ESD
ESD_0004_neutral_你还真是考虑周到。,0,ESD
ESD_0004_neutral_那你就离市区很远了。,0,ESD
"ESD_0004_neutral_汤姆是个好人,但却赌",0,ESD
ESD_0004_neutral_那你就说你为之神魂颠,0,ESD
"ESD_0004_neutral_是的,请返还我的钱,",0,ESD
"ESD_0004_neutral_如果你想要纹身,你去",0,ESD
"ESD_0004_neutral_不是,他住在沃斯盾的",0,ESD
ESD_0004_neutral_你说我们在芝加哥要待,0,ESD
ESD_0004_neutral_这些颜色也不太适合你,0,ESD
"ESD_0004_neutral_对别人没有,而对我就",0,ESD
ESD_0004_neutral_我的希望是工作到倒下,0,ESD
ESD_0004_neutral_吝啬鬼!他每天还骑自,0,ESD
ESD_0004_neutral_是你最牵挂的那个女人,0,ESD
ESD_0004_neutral_是不是依然觉得我很可,0,ESD
ESD_0004_neutral_多教我些东西我会更聪,0,ESD
ESD_0004_neutral_我要学习一下相关知识,0,ESD
ESD_0004_neutral_我喜欢几乎所有的运动,0,ESD
ESD_0004_neutral_也许能帮助你把事情弄,0,ESD
ESD_0004_neutral_我总是控制不了它。,0,ESD
ESD_0004_neutral_他们的配合值得我们学,0,ESD
ESD_0004_neutral_我也知道自己是大嘴巴,0,ESD
"ESD_0004_neutral_你可以去问鹦鹉啊,鹦",0,ESD
"ESD_0004_neutral_是啊,我还是个乳臭未",0,ESD
"ESD_0004_neutral_女孩的心思你别猜,但",0,ESD
ESD_0004_neutral_节食减肥很痛苦。,0,ESD
"ESD_0004_neutral_听大自然的声响,就像",0,ESD
"ESD_0004_neutral_现在,我仍然有点紧张",0,ESD
ESD_0004_neutral_不知道。或许一双新鞋,0,ESD
ESD_0004_neutral_有事记得喊我。,0,ESD
"ESD_0004_neutral_你好,布赖恩,正好四",0,ESD
ESD_0004_neutral_这样子比较有趣。,0,ESD
"ESD_0004_neutral_我也最喜欢你,不要开",0,ESD
ESD_0004_neutral_小心脚下。人行道上有,0,ESD
ESD_0004_neutral_我们还等什么,0,ESD
"ESD_0004_neutral_我还不会说其他外语,",0,ESD
ESD_0004_neutral_我只打算放松一下自己,0,ESD
ESD_0004_neutral_承蒙邀请参加你的婚礼,0,ESD
"ESD_0004_neutral_你知道,有时候病人会",0,ESD
ESD_0004_neutral_我的性格就是冷静并且,0,ESD
ESD_0004_neutral_我不会牺牲我的健康来,0,ESD
ESD_0004_neutral_当然!他是我们大学的,0,ESD
ESD_0004_neutral_他讲的笑话让我笑个不,0,ESD
ESD_0004_neutral_原来你也在玩这个,0,ESD
ESD_0004_neutral_我还不知道你认识弗兰,0,ESD
ESD_0004_neutral_我曾在一家船运公司里,0,ESD
ESD_0004_neutral_其实我们前天已经分手,0,ESD
ESD_0004_neutral_我想那些应该是草莓的,0,ESD
"ESD_0004_neutral_太妙了,我想换一些日",0,ESD
"ESD_0004_neutral_你得先回答我,你最喜",0,ESD
"ESD_0004_neutral_让我再想想,真相已经",0,ESD
ESD_0004_neutral_这样你就有时间挥拍打,0,ESD
"ESD_0004_neutral_你这个小气鬼,很不幸",0,ESD
"ESD_0004_neutral_我是个学生,服务器响",0,ESD
ESD_0004_neutral_一套古瓷器。它真的很,0,ESD
ESD_0004_neutral_他在这次竞选活动中花,0,ESD
"ESD_0004_neutral_她此刻失业了,你最好",0,ESD
"ESD_0004_neutral_带上你的家人,但是他",0,ESD
ESD_0004_neutral_你在我的心里折腾好久,0,ESD
"ESD_0004_neutral_你转一个,我想学习下",0,ESD
"ESD_0004_neutral_她和维克分手了,所以",0,ESD
ESD_0004_neutral_冬天雨非常多。我不喜,0,ESD
ESD_0004_neutral_时间对珍尼来说是没有,0,ESD
ESD_0004_neutral_大概足够支持我生活三,0,ESD
ESD_0004_neutral_你绝对猜不到她准备要,0,ESD
ESD_0004_neutral_二零一六年十一月五号,0,ESD
"ESD_0004_neutral_今天真凉快,我希望主",0,ESD
ESD_0004_neutral_软妹子生气会说:讨厌,0,ESD
ESD_0004_neutral_我们一起为他办个惊喜,0,ESD
ESD_0004_neutral_以后我要经常来这儿爬,0,ESD
"ESD_0004_neutral_我是一名教师,你可是",0,ESD
ESD_0004_neutral_上海现在是下午四点三,0,ESD
ESD_0004_neutral_别问了!说多了都是眼,0,ESD
ESD_0004_neutral_如果我滚远了就回不来,0,ESD
ESD_0004_neutral_带女友出去好好吃上一,0,ESD
"ESD_0004_neutral_炖肉一小时,剩余三十",0,ESD
ESD_0004_neutral_我以为你们国家的人都,0,ESD
"ESD_0004_neutral_我饿啦,我想去吃点东",0,ESD
"ESD_0004_neutral_为什么不,交朋友不分",0,ESD
"ESD_0004_neutral_当然知道,我们各有千",0,ESD
"ESD_0004_neutral_我喜欢你的干净整洁,",0,ESD
ESD_0004_neutral_我已经习惯这种气候了,0,ESD
ESD_0004_neutral_也就是一大堆照片。,0,ESD
"ESD_0004_neutral_那就一会再说,我好害",0,ESD
ESD_0004_neutral_希望我有一天也可以去,0,ESD
"ESD_0004_neutral_你昨天才买衣服,真是",0,ESD
"ESD_0004_neutral_还要叫她起床,怎么会",0,ESD
"ESD_0004_neutral_是的,我知道,患难见",0,ESD
"ESD_0004_neutral_我是萌萌哒,你是呆呆",0,ESD
ESD_0004_neutral_你可以在那儿呆上至少,0,ESD
ESD_0004_neutral_对不起我把咖啡洒在桌,0,ESD
"ESD_0004_neutral_也不算,她有的歌我都",0,ESD
ESD_0004_neutral_我对养花已经厌倦了。,0,ESD
ESD_0004_neutral_我还会陪你一路走下去,0,ESD
ESD_0004_neutral_裁判全给了满分。,0,ESD
"ESD_0004_neutral_当然,我简直离开音乐",0,ESD
"ESD_0004_neutral_拜拜,明天要再来和小",0,ESD
ESD_0004_neutral_碰到喜欢的女孩子要主,0,ESD
ESD_0004_neutral_他的收支几乎不能平衡,0,ESD
"ESD_0004_neutral_明天是星期天,我们去",0,ESD
ESD_0004_neutral_大部分都是用诱饵钓到,0,ESD
"ESD_0004_neutral_所以你必须要坚持,时",0,ESD
ESD_0004_neutral_我非常支持人们走进太,0,ESD
ESD_0004_neutral_我的老朋友汉森就住在,0,ESD
ESD_0004_neutral_听起来你们玩得也很开,0,ESD
ESD_0004_neutral_这个对我来说有点难!,0,ESD
"ESD_0004_neutral_差不多,我们俩都很热",0,ESD
"ESD_0004_neutral_你要做爸爸了,真让人",0,ESD
ESD_0004_neutral_我真受不了城里那么大,0,ESD
ESD_0004_neutral_好的。新的音乐厅有一,0,ESD
"ESD_0004_neutral_这个位置不错,下车。",0,ESD
"ESD_0004_neutral_那不打扰你了,我不敢",0,ESD
"ESD_0004_neutral_最近很冷,风又大。",0,ESD
ESD_0004_neutral_我最近正在努力练习棋,0,ESD
"ESD_0004_neutral_拜托,别跟我提到笔记",0,ESD
ESD_0004_neutral_它是一个主要的空气污,0,ESD
"ESD_0004_neutral_我爱运动,但是对篮球",0,ESD
"ESD_0004_neutral_我不需要嗅觉,所以没",0,ESD
"ESD_0004_neutral_雪下得真大,带着我去",0,ESD
ESD_0004_neutral_我不这么认为。我们沿,0,ESD
"ESD_0004_neutral_食物也很美味,更不用",0,ESD
ESD_0004_neutral_大约一个小时左右。,0,ESD
ESD_0004_neutral_请勿进入竹林。不让进,0,ESD
ESD_0004_neutral_为了不让鱼吃掉诗人的,0,ESD
ESD_0004_neutral_那样的话你应该穿讲究,0,ESD
ESD_0004_neutral_我的直系亲属人数不多,0,ESD
ESD_0004_neutral_贾尼斯突然兴奋地大叫,0,ESD
ESD_0004_neutral_领带对男人来说真必不,0,ESD
ESD_0004_neutral_没有为什么就是要等我,0,ESD
ESD_0004_neutral_我不怎么在乎这个店有,0,ESD
ESD_0004_neutral_我最好的朋友就约会过,0,ESD
"ESD_0004_neutral_我不用转头,不需要脖",0,ESD
"ESD_0004_neutral_没看过小说,只有人类",0,ESD
ESD_0004_neutral_我是个游戏迷。,0,ESD
"ESD_0004_neutral_你比吴亦凡帅,我同意",0,ESD
"ESD_0004_neutral_我没有忽悠你,机器人",0,ESD
ESD_0004_neutral_最初我的工作是当一名,0,ESD
ESD_0004_neutral_陪你度过这漫长的黑夜,0,ESD
ESD_0004_neutral_这是我在旅游第四天拍,0,ESD
ESD_0004_neutral_这句话的意义我不太明,0,ESD
ESD_0004_neutral_我们想等一个合适的时,0,ESD
"ESD_0004_neutral_我很伤心,我准备去网",0,ESD
ESD_0004_neutral_这可真不像是场英超比,0,ESD
ESD_0004_neutral_他好像是被他女友给甩,0,ESD
ESD_0004_neutral_也许反倒是件好事,0,ESD
ESD_0004_neutral_听起来很厉害的样子!,0,ESD
ESD_0004_neutral_我必须再次感谢您的慷,0,ESD
"ESD_0004_neutral_我是淑女,只会讲文明",0,ESD
ESD_0004_neutral_这可是我学会的第一首,0,ESD
ESD_0004_neutral_谁都有烦的时候。,0,ESD
"ESD_0004_neutral_是很棒的一款手机,性",0,ESD
ESD_0004_neutral_没有找到你想删除的闹,0,ESD
"ESD_0004_neutral_很大,令人兴奋但是嘈",0,ESD
"ESD_0004_neutral_沈阳明天有雷阵雨,多",0,ESD
ESD_0004_neutral_但梅花往往被很多人忽,0,ESD
"ESD_0004_neutral_只要不违法,我还是想",0,ESD
ESD_0004_neutral_然后再找一个音乐播放,0,ESD
"ESD_0004_neutral_我当然喜欢,我很注意",0,ESD
"ESD_0004_neutral_是的,所以我永不喝它",0,ESD
"ESD_0004_neutral_我真兴奋,我终于有自",0,ESD
ESD_0004_neutral_我想说我也这样认为的,0,ESD
ESD_0004_neutral_绝对不可以走到湖的中,0,ESD
"ESD_0004_neutral_晚安,么么哒,满天都",0,ESD
"ESD_0004_neutral_有些人划船,有的人在",0,ESD
ESD_0004_neutral_我想所有中国人都会打,0,ESD
ESD_0004_neutral_有充足的时间购物和观,0,ESD
"ESD_0004_neutral_自己保重,记得要常联",0,ESD
"ESD_0004_neutral_门儿都没有,现在还不",0,ESD
"ESD_0004_neutral_我太喜欢听了,所以不",0,ESD
"ESD_0004_neutral_我随时都在,有没有梦",0,ESD
"ESD_0004_neutral_不会,不过我很喜欢单",0,ESD
ESD_0004_neutral_还有聊天记录。,0,ESD
"ESD_0004_neutral_在法国南部,气候常年",0,ESD
ESD_0004_neutral_哪天我也许得和他谈谈,0,ESD
"ESD_0004_neutral_振作点儿,我看了屏幕",0,ESD
"ESD_0004_neutral_我是银灰色的,我都被",0,ESD
"ESD_0004_neutral_文学和经济,我喜欢很",0,ESD
"ESD_0004_neutral_赌博往往是个祸根,",0,ESD
"ESD_0004_neutral_三个,两个儿子一个女",0,ESD
"ESD_0004_neutral_祝你春节快乐,全家幸",0,ESD
"ESD_0004_neutral_是的,我刚撞到了桌子",0,ESD
"ESD_0004_neutral_这个我相信,我是登山",0,ESD
"ESD_0004_neutral_播放歌单收藏,脑筋可",0,ESD
ESD_0004_neutral_我希望你能和我一起想,0,ESD
ESD_0004_neutral_我一直到清晨四点才到,0,ESD
ESD_0004_neutral_我刚从苏格兰回来。,0,ESD
ESD_0004_neutral_我支持你。它是需要重,0,ESD
ESD_0004_neutral_我在一个机械化农场做,0,ESD
ESD_0004_neutral_有时内在美更加重要。,0,ESD
ESD_0004_neutral_我去查查篮球相关的知,0,ESD
"ESD_0004_neutral_已经怀孕四个半月了,",0,ESD
"ESD_0004_neutral_这局我让你开,今天我",0,ESD
ESD_0004_neutral_我们休息一下喝杯咖啡,0,ESD
"ESD_0004_neutral_如果她拒绝我,我会死",0,ESD
ESD_0004_neutral_旅行结束后我将休息一,0,ESD
ESD_0004_neutral_现在全城的人都要向我,0,ESD
ESD_0004_neutral_我需要插着电源才能说,0,ESD
ESD_0004_neutral_每次你看到一些时尚衣,0,ESD
ESD_0004_neutral_你看上去比以前更漂亮,0,ESD
"ESD_0004_neutral_下午好,蒂娜,我想我",0,ESD
ESD_0004_neutral_家里有全自动洗衣机。,0,ESD
"ESD_0004_neutral_谢谢你来这里,告诉我",0,ESD
"ESD_0004_neutral_不是很喜欢,你把我绕",0,ESD
"ESD_0004_neutral_等待你的指令,随时可",0,ESD
ESD_0004_neutral_他对谁都那么友好。,0,ESD
ESD_0004_neutral_我喜欢吃中餐。,0,ESD
"ESD_0004_neutral_尽管提意见,我会改正",0,ESD
"ESD_0004_neutral_这么多笑话,一天讲不",0,ESD
"ESD_0004_neutral_我讨厌吃醋,偶是不懂",0,ESD
ESD_0004_neutral_我们下午可以在湖里划,0,ESD
ESD_0004_neutral_但是有时夏天比其它季,0,ESD
"ESD_0004_neutral_我们相处得很好,仅此",0,ESD
ESD_0004_neutral_于是我就问她能不能连,0,ESD
ESD_0004_neutral_我想要那种新款的美国,0,ESD
ESD_0004_neutral_错过这村可就没这个店,0,ESD
"ESD_0004_neutral_我曾经养过,我太高兴",0,ESD
ESD_0004_neutral_他们将于今年夏天结婚,0,ESD
"ESD_0004_neutral_谢谢你的夸奖,鲍伯上",0,ESD
"ESD_0004_neutral_你看起来很高兴,眼睛",0,ESD
ESD_0004_neutral_年轻人当然要承担责任,0,ESD
ESD_0004_neutral_不要乱问女孩子的年龄,0,ESD
ESD_0004_neutral_每天晚上跟你互道晚安,0,ESD
ESD_0004_neutral_我会在你的脸上画鬼脸,0,ESD
"ESD_0004_neutral_我缺钱用,所以上星期",0,ESD
ESD_0004_neutral_许多白领都参加到这个,0,ESD
"ESD_0004_neutral_很漂亮,不过人多拥挤",0,ESD
"ESD_0004_neutral_别总是闲着,找点事情",0,ESD
"ESD_0004_neutral_好好休息一下,这个小",0,ESD
ESD_0004_neutral_这两块是唐朝不同时期,0,ESD
"ESD_0004_neutral_我喜欢你的黑衣服,你",0,ESD
"ESD_0004_neutral_是的,真是名副其实。",0,ESD
"ESD_0004_neutral_是很难听的脏话,主人",0,ESD
"ESD_0004_sadness_打远一看,它们的确很",3,ESD
ESD_0004_sadness_英国的哲学家曾经说过,3,ESD
ESD_0004_sadness_我老家在北京。,3,ESD
ESD_0004_sadness_不管怎么说主队好象是,3,ESD
"ESD_0004_sadness_我们乘船漂游了三峡,",3,ESD
ESD_0004_sadness_我喜欢“北京欢迎你”,3,ESD
ESD_0004_sadness_我每个月打一次电话。,3,ESD
ESD_0004_sadness_沙尘暴好像给每个人都,3,ESD
"ESD_0004_sadness_就是这个意思,你又聪",3,ESD
ESD_0004_sadness_个人收藏家!他们肯定,3,ESD
ESD_0004_sadness_妇女节快乐。我永远爱,3,ESD
ESD_0004_sadness_你每次谈恋爱都像现在,3,ESD
"ESD_0004_sadness_周末的我,只忙着陪你",3,ESD
"ESD_0004_sadness_谁你也不认识,我很乐",3,ESD
ESD_0004_sadness_我特别喜欢网球和登山,3,ESD
ESD_0004_sadness_他一定是一眼就被你迷,3,ESD
ESD_0004_sadness_很快你上大学就用得到,3,ESD
"ESD_0004_sadness_我们意见不和,咱们去",3,ESD
"ESD_0004_sadness_不就是你嘛,为什么要",3,ESD
ESD_0004_sadness_前几天我碰见了一件有,3,ESD
ESD_0004_sadness_已经播至该专辑最后一,3,ESD
ESD_0004_sadness_我和我朋友刚从巴厘岛,3,ESD
ESD_0004_sadness_做一些好吃的促进宝宝,3,ESD
ESD_0004_sadness_你的身影总是在我心里,3,ESD
ESD_0004_sadness_我觉得并不是非要有特,3,ESD
"ESD_0004_sadness_是的,他很狡猾,经常",3,ESD
ESD_0004_sadness_工厂不把它直接排到大,3,ESD
"ESD_0004_sadness_没错,就是车门。另外",3,ESD
"ESD_0004_sadness_很可爱啊,就像你一样",3,ESD
"ESD_0004_sadness_除非你打飞碟球,但这",3,ESD
"ESD_0004_sadness_没听清,请问什么时间",3,ESD
ESD_0004_sadness_我遇到了一位漂亮的女,3,ESD
"ESD_0004_sadness_我是青蛙,不用冬眠的",3,ESD
"ESD_0004_sadness_那是马特,他肯定很勇",3,ESD
ESD_0004_sadness_这样无辜的人就不会被,3,ESD
ESD_0004_sadness_我必须一直通电才能工,3,ESD
ESD_0004_sadness_我和我的妻子盼望着和,3,ESD
"ESD_0004_sadness_当然是了,我现在快饿",3,ESD
"ESD_0004_sadness_没有找到日程,走的时",3,ESD
ESD_0004_sadness_是一家制药公司的短期,3,ESD
"ESD_0004_sadness_姐忙得很,没空和你说",3,ESD
"ESD_0004_sadness_我会暖被窝了,逗你的",3,ESD
"ESD_0004_sadness_这样的话,我们可以选",3,ESD
"ESD_0004_sadness_比方说,“华尔街日报",3,ESD
ESD_0004_sadness_我知道人生并不总是一,3,ESD
ESD_0004_sadness_我们可以轮流开车。,3,ESD
ESD_0004_sadness_这是台湾地区最大的动,3,ESD
"ESD_0004_sadness_时候不早了,我来了,",3,ESD
ESD_0004_sadness_递给我一些彩球和纸花,3,ESD
"ESD_0004_sadness_每次叫我都不给红包,",3,ESD
"ESD_0004_sadness_没关系,也许他老婆会",3,ESD
ESD_0004_sadness_你不应该害怕开始一段,3,ESD
"ESD_0004_sadness_我肯定会的,那以后我",3,ESD
ESD_0004_sadness_我是基于人工智能系统,3,ESD
ESD_0004_sadness_它实际会形成一氧化碳,3,ESD
ESD_0004_sadness_我参加了一个有关全球,3,ESD
"ESD_0004_sadness_跳舞好难呀,我还正在",3,ESD
ESD_0004_sadness_让人看上去就感到宽广,3,ESD
"ESD_0004_sadness_只要是我能玩好的,我",3,ESD
ESD_0004_sadness_坐地铁只需要大约二十,3,ESD
ESD_0004_sadness_下个月我姐姐要结婚了,3,ESD
ESD_0004_sadness_我是顺路过来跟你告别,3,ESD
ESD_0004_sadness_你知道我很努力地在戒,3,ESD
"ESD_0004_sadness_我告退了,晚上回去拍",3,ESD
"ESD_0004_sadness_一点也不差,先把握好",3,ESD
ESD_0004_sadness_我们可以去钓鱼、聊天,3,ESD
ESD_0004_sadness_你深深地印在我的脑海,3,ESD
ESD_0004_sadness_我应该给女朋友买玫瑰,3,ESD
"ESD_0004_sadness_以后不要喝那么多了,",3,ESD
"ESD_0004_sadness_心动不如行动,我不太",3,ESD
ESD_0004_sadness_只要令人鼓舞的电影我,3,ESD
ESD_0004_sadness_资料全都不见了。气死,3,ESD
ESD_0004_sadness_她总是带香甜甜的微笑,3,ESD
ESD_0004_sadness_今年应该是第二十七个,3,ESD
ESD_0004_sadness_我也想去看可爱的熊猫,3,ESD
"ESD_0004_sadness_是的,你是个大块头,",3,ESD
"ESD_0004_sadness_奏婚礼进行曲了,他们",3,ESD
"ESD_0004_sadness_它们的设计外形小巧,",3,ESD
ESD_0004_sadness_人们当然都叫他“奥林,3,ESD
"ESD_0004_sadness_看呀,我们差不多就装",3,ESD
ESD_0004_sadness_这个镇上所有的人都喜,3,ESD
ESD_0004_sadness_听说你要去香港看你叔,3,ESD
ESD_0004_sadness_你身上的每一点都吸引,3,ESD
ESD_0004_sadness_他好像跟他的秘书有过,3,ESD
"ESD_0004_sadness_是啊,他的健康我总放",3,ESD
"ESD_0004_sadness_真想不到,游泳竟有如",3,ESD
ESD_0004_sadness_是没什么但是挺别扭的,3,ESD
"ESD_0004_sadness_香港海洋公园,主人快",3,ESD
"ESD_0004_sadness_是个冰淇淋,桃花确实",3,ESD
"ESD_0004_sadness_还不太糟糕,但是得躺",3,ESD
ESD_0004_sadness_如果有我能帮忙的请告,3,ESD
ESD_0004_sadness_不会这么凑巧吧!我也,3,ESD
ESD_0004_sadness_别不好意思。再多吃些,3,ESD
"ESD_0004_sadness_很神奇的样子,我搞不",3,ESD
ESD_0004_sadness_我倒是有一个爱好――,3,ESD
ESD_0004_sadness_别小看我这发型!我还,3,ESD
ESD_0004_sadness_你女儿和她妈妈长得很,3,ESD
ESD_0004_sadness_我只会斗斗地主什么的,3,ESD
"ESD_0004_sadness_得了吧,别这么胆小啦",3,ESD
ESD_0004_sadness_就经常去我们宿舍附近,3,ESD
"ESD_0004_sadness_很快,车就可自动开了",3,ESD
"ESD_0004_sadness_我昨天遇到马克,他看",3,ESD
"ESD_0004_sadness_感觉好温暖呀,好的,",3,ESD
ESD_0004_sadness_没有找到蒸鱼的计时。,3,ESD
"ESD_0004_sadness_我们俩合不来,还经常",3,ESD
"ESD_0004_sadness_做不了什么,通常我会",3,ESD
ESD_0004_sadness_我的表两点四十二。可,3,ESD
ESD_0004_sadness_让我们看看哪一种球技,3,ESD
ESD_0004_sadness_我其实挺饿的。,3,ESD
ESD_0004_sadness_自己的事情要自己做。,3,ESD
ESD_0004_sadness_每天早晨都是我妈妈帮,3,ESD
"ESD_0004_sadness_那棒极了,其实心情挺",3,ESD
"ESD_0004_sadness_玛丽,你看来很喜欢挖",3,ESD
"ESD_0004_sadness_我也是,我还有点儿口",3,ESD
"ESD_0004_sadness_真是个好习惯,通常看",3,ESD
"ESD_0004_sadness_没有,不过,我们去了",3,ESD
"ESD_0004_sadness_快点起床,我在公寓门",3,ESD
ESD_0004_sadness_你的同学把你给捉弄了,3,ESD
"ESD_0004_sadness_不过我想星期五走,",3,ESD
ESD_0004_sadness_你还真是考虑周到。,3,ESD
ESD_0004_sadness_那你就离市区很远了。,3,ESD
"ESD_0004_sadness_汤姆是个好人,但却赌",3,ESD
ESD_0004_sadness_那你就说你为之神魂颠,3,ESD
"ESD_0004_sadness_是的,请返还我的钱,",3,ESD
"ESD_0004_sadness_如果你想要纹身,你去",3,ESD
"ESD_0004_sadness_不是,他住在沃斯盾的",3,ESD
ESD_0004_sadness_你说我们在芝加哥要待,3,ESD
ESD_0004_sadness_这些颜色也不太适合你,3,ESD
"ESD_0004_sadness_对别人没有,而对我就",3,ESD
ESD_0004_sadness_我的希望是工作到倒下,3,ESD
ESD_0004_sadness_吝啬鬼!他每天还骑自,3,ESD
ESD_0004_sadness_是你最牵挂的那个女人,3,ESD
ESD_0004_sadness_是不是依然觉得我很可,3,ESD
ESD_0004_sadness_多教我些东西我会更聪,3,ESD
ESD_0004_sadness_我要学习一下相关知识,3,ESD
ESD_0004_sadness_我喜欢几乎所有的运动,3,ESD
ESD_0004_sadness_也许能帮助你把事情弄,3,ESD
ESD_0004_sadness_我总是控制不了它。,3,ESD
ESD_0004_sadness_他们的配合值得我们学,3,ESD
ESD_0004_sadness_我也知道自己是大嘴巴,3,ESD
"ESD_0004_sadness_你可以去问鹦鹉啊,鹦",3,ESD
"ESD_0004_sadness_是啊,我还是个乳臭未",3,ESD
"ESD_0004_sadness_女孩的心思你别猜,但",3,ESD
ESD_0004_sadness_节食减肥很痛苦。,3,ESD
"ESD_0004_sadness_听大自然的声响,就像",3,ESD
"ESD_0004_sadness_现在,我仍然有点紧张",3,ESD
ESD_0004_sadness_不知道。或许一双新鞋,3,ESD
ESD_0004_sadness_有事记得喊我。,3,ESD
"ESD_0004_sadness_你好,布赖恩,正好四",3,ESD
ESD_0004_sadness_这样子比较有趣。,3,ESD
"ESD_0004_sadness_我也最喜欢你,不要开",3,ESD
ESD_0004_sadness_小心脚下。人行道上有,3,ESD
ESD_0004_sadness_我们还等什么,3,ESD
"ESD_0004_sadness_我还不会说其他外语,",3,ESD
ESD_0004_sadness_我只打算放松一下自己,3,ESD
ESD_0004_sadness_承蒙邀请参加你的婚礼,3,ESD
"ESD_0004_sadness_你知道,有时候病人会",3,ESD
ESD_0004_sadness_我的性格就是冷静并且,3,ESD
ESD_0004_sadness_我不会牺牲我的健康来,3,ESD
ESD_0004_sadness_当然!他是我们大学的,3,ESD
ESD_0004_sadness_他讲的笑话让我笑个不,3,ESD
ESD_0004_sadness_原来你也在玩这个,3,ESD
ESD_0004_sadness_我还不知道你认识弗兰,3,ESD
ESD_0004_sadness_我曾在一家船运公司里,3,ESD
ESD_0004_sadness_其实我们前天已经分手,3,ESD
ESD_0004_sadness_我想那些应该是草莓的,3,ESD
"ESD_0004_sadness_太妙了,我想换一些日",3,ESD
"ESD_0004_sadness_你得先回答我,你最喜",3,ESD
"ESD_0004_sadness_让我再想想,真相已经",3,ESD
ESD_0004_sadness_这样你就有时间挥拍打,3,ESD
"ESD_0004_sadness_你这个小气鬼,很不幸",3,ESD
"ESD_0004_sadness_我是个学生,服务器响",3,ESD
ESD_0004_sadness_一套古瓷器。它真的很,3,ESD
ESD_0004_sadness_他在这次竞选活动中花,3,ESD
"ESD_0004_sadness_她此刻失业了,你最好",3,ESD
"ESD_0004_sadness_带上你的家人,但是他",3,ESD
ESD_0004_sadness_你在我的心里折腾好久,3,ESD
"ESD_0004_sadness_你转一个,我想学习下",3,ESD
"ESD_0004_sadness_她和维克分手了,所以",3,ESD
ESD_0004_sadness_冬天雨非常多。我不喜,3,ESD
ESD_0004_sadness_时间对珍尼来说是没有,3,ESD
ESD_0004_sadness_大概足够支持我生活三,3,ESD
ESD_0004_sadness_你绝对猜不到她准备要,3,ESD
ESD_0004_sadness_二零一六年十一月五号,3,ESD
"ESD_0004_sadness_今天真凉快,我希望主",3,ESD
ESD_0004_sadness_软妹子生气会说:讨厌,3,ESD
ESD_0004_sadness_我们一起为他办个惊喜,3,ESD
ESD_0004_sadness_以后我要经常来这儿爬,3,ESD
"ESD_0004_sadness_我是一名教师,你可是",3,ESD
ESD_0004_sadness_上海现在是下午四点三,3,ESD
ESD_0004_sadness_别问了!说多了都是眼,3,ESD
ESD_0004_sadness_如果我滚远了就回不来,3,ESD
ESD_0004_sadness_带女友出去好好吃上一,3,ESD
"ESD_0004_sadness_炖肉一小时,剩余三十",3,ESD
ESD_0004_sadness_我以为你们国家的人都,3,ESD
"ESD_0004_sadness_我饿啦,我想去吃点东",3,ESD
"ESD_0004_sadness_为什么不,交朋友不分",3,ESD
"ESD_0004_sadness_当然知道,我们各有千",3,ESD
"ESD_0004_sadness_我喜欢你的干净整洁,",3,ESD
ESD_0004_sadness_我已经习惯这种气候了,3,ESD
ESD_0004_sadness_也就是一大堆照片。,3,ESD
"ESD_0004_sadness_那就一会再说,我好害",3,ESD
ESD_0004_sadness_希望我有一天也可以去,3,ESD
"ESD_0004_sadness_你昨天才买衣服,真是",3,ESD
"ESD_0004_sadness_还要叫她起床,怎么会",3,ESD
"ESD_0004_sadness_是的,我知道,患难见",3,ESD
"ESD_0004_sadness_我是萌萌哒,你是呆呆",3,ESD
ESD_0004_sadness_你可以在那儿呆上至少,3,ESD
ESD_0004_sadness_对不起我把咖啡洒在桌,3,ESD
"ESD_0004_sadness_也不算,她有的歌我都",3,ESD
ESD_0004_sadness_我对养花已经厌倦了。,3,ESD
ESD_0004_sadness_我还会陪你一路走下去,3,ESD
ESD_0004_sadness_裁判全给了满分。,3,ESD
"ESD_0004_sadness_当然,我简直离开音乐",3,ESD
"ESD_0004_sadness_拜拜,明天要再来和小",3,ESD
ESD_0004_sadness_碰到喜欢的女孩子要主,3,ESD
ESD_0004_sadness_他的收支几乎不能平衡,3,ESD
"ESD_0004_sadness_明天是星期天,我们去",3,ESD
ESD_0004_sadness_大部分都是用诱饵钓到,3,ESD
"ESD_0004_sadness_所以你必须要坚持,时",3,ESD
ESD_0004_sadness_我非常支持人们走进太,3,ESD
ESD_0004_sadness_我的老朋友汉森就住在,3,ESD
ESD_0004_sadness_听起来你们玩得也很开,3,ESD
ESD_0004_sadness_这个对我来说有点难!,3,ESD
"ESD_0004_sadness_差不多,我们俩都很热",3,ESD
"ESD_0004_sadness_你要做爸爸了,真让人",3,ESD
ESD_0004_sadness_我真受不了城里那么大,3,ESD
ESD_0004_sadness_好的。新的音乐厅有一,3,ESD
"ESD_0004_sadness_这个位置不错,下车。",3,ESD
"ESD_0004_sadness_那不打扰你了,我不敢",3,ESD
"ESD_0004_sadness_最近很冷,风又大。",3,ESD
ESD_0004_sadness_我最近正在努力练习棋,3,ESD
"ESD_0004_sadness_拜托,别跟我提到笔记",3,ESD
ESD_0004_sadness_它是一个主要的空气污,3,ESD
"ESD_0004_sadness_我爱运动,但是对篮球",3,ESD
"ESD_0004_sadness_我不需要嗅觉,所以没",3,ESD
"ESD_0004_sadness_雪下得真大,带着我去",3,ESD
ESD_0004_sadness_我不这么认为。我们沿,3,ESD
"ESD_0004_sadness_食物也很美味,更不用",3,ESD
ESD_0004_sadness_大约一个小时左右。,3,ESD
ESD_0004_sadness_请勿进入竹林。不让进,3,ESD
ESD_0004_sadness_为了不让鱼吃掉诗人的,3,ESD
ESD_0004_sadness_那样的话你应该穿讲究,3,ESD
ESD_0004_sadness_我的直系亲属人数不多,3,ESD
ESD_0004_sadness_贾尼斯突然兴奋地大叫,3,ESD
ESD_0004_sadness_领带对男人来说真必不,3,ESD
ESD_0004_sadness_没有为什么就是要等我,3,ESD
ESD_0004_sadness_我不怎么在乎这个店有,3,ESD
ESD_0004_sadness_我最好的朋友就约会过,3,ESD
"ESD_0004_sadness_我不用转头,不需要脖",3,ESD
"ESD_0004_sadness_没看过小说,只有人类",3,ESD
ESD_0004_sadness_我是个游戏迷。,3,ESD
"ESD_0004_sadness_你比吴亦凡帅,我同意",3,ESD
"ESD_0004_sadness_我没有忽悠你,机器人",3,ESD
ESD_0004_sadness_最初我的工作是当一名,3,ESD
ESD_0004_sadness_陪你度过这漫长的黑夜,3,ESD
ESD_0004_sadness_这是我在旅游第四天拍,3,ESD
ESD_0004_sadness_这句话的意义我不太明,3,ESD
ESD_0004_sadness_我们想等一个合适的时,3,ESD
"ESD_0004_sadness_我很伤心,我准备去网",3,ESD
ESD_0004_sadness_这可真不像是场英超比,3,ESD
ESD_0004_sadness_他好像是被他女友给甩,3,ESD
ESD_0004_sadness_也许反倒是件好事,3,ESD
ESD_0004_sadness_听起来很厉害的样子!,3,ESD
ESD_0004_sadness_我必须再次感谢您的慷,3,ESD
"ESD_0004_sadness_我是淑女,只会讲文明",3,ESD
ESD_0004_sadness_这可是我学会的第一首,3,ESD
ESD_0004_sadness_谁都有烦的时候。,3,ESD
"ESD_0004_sadness_是很棒的一款手机,性",3,ESD
ESD_0004_sadness_没有找到你想删除的闹,3,ESD
"ESD_0004_sadness_很大,令人兴奋但是嘈",3,ESD
"ESD_0004_sadness_沈阳明天有雷阵雨,多",3,ESD
ESD_0004_sadness_但梅花往往被很多人忽,3,ESD
"ESD_0004_sadness_只要不违法,我还是想",3,ESD
ESD_0004_sadness_然后再找一个音乐播放,3,ESD
"ESD_0004_sadness_我当然喜欢,我很注意",3,ESD
"ESD_0004_sadness_是的,所以我永不喝它",3,ESD
"ESD_0004_sadness_我真兴奋,我终于有自",3,ESD
ESD_0004_sadness_我想说我也这样认为的,3,ESD
ESD_0004_sadness_绝对不可以走到湖的中,3,ESD
"ESD_0004_sadness_晚安,么么哒,满天都",3,ESD
"ESD_0004_sadness_有些人划船,有的人在",3,ESD
ESD_0004_sadness_我想所有中国人都会打,3,ESD
ESD_0004_sadness_有充足的时间购物和观,3,ESD
"ESD_0004_sadness_自己保重,记得要常联",3,ESD
"ESD_0004_sadness_门儿都没有,现在还不",3,ESD
"ESD_0004_sadness_我太喜欢听了,所以不",3,ESD
"ESD_0004_sadness_我随时都在,有没有梦",3,ESD
"ESD_0004_sadness_不会,不过我很喜欢单",3,ESD
ESD_0004_sadness_还有聊天记录。,3,ESD
"ESD_0004_sadness_在法国南部,气候常年",3,ESD
ESD_0004_sadness_哪天我也许得和他谈谈,3,ESD
"ESD_0004_sadness_振作点儿,我看了屏幕",3,ESD
"ESD_0004_sadness_我是银灰色的,我都被",3,ESD
"ESD_0004_sadness_文学和经济,我喜欢很",3,ESD
"ESD_0004_sadness_赌博往往是个祸根,",3,ESD
"ESD_0004_sadness_三个,两个儿子一个女",3,ESD
"ESD_0004_sadness_祝你春节快乐,全家幸",3,ESD
"ESD_0004_sadness_是的,我刚撞到了桌子",3,ESD
"ESD_0004_sadness_这个我相信,我是登山",3,ESD
"ESD_0004_sadness_播放歌单收藏,脑筋可",3,ESD
ESD_0004_sadness_我希望你能和我一起想,3,ESD
ESD_0004_sadness_我一直到清晨四点才到,3,ESD
ESD_0004_sadness_我刚从苏格兰回来。,3,ESD
ESD_0004_sadness_我支持你。它是需要重,3,ESD
ESD_0004_sadness_我在一个机械化农场做,3,ESD
ESD_0004_sadness_有时内在美更加重要。,3,ESD
ESD_0004_sadness_我去查查篮球相关的知,3,ESD
"ESD_0004_sadness_已经怀孕四个半月了,",3,ESD
"ESD_0004_sadness_这局我让你开,今天我",3,ESD
ESD_0004_sadness_我们休息一下喝杯咖啡,3,ESD
"ESD_0004_sadness_如果她拒绝我,我会死",3,ESD
ESD_0004_sadness_旅行结束后我将休息一,3,ESD
ESD_0004_sadness_现在全城的人都要向我,3,ESD
ESD_0004_sadness_我需要插着电源才能说,3,ESD
ESD_0004_sadness_每次你看到一些时尚衣,3,ESD
ESD_0004_sadness_你看上去比以前更漂亮,3,ESD
"ESD_0004_sadness_下午好,蒂娜,我想我",3,ESD
ESD_0004_sadness_家里有全自动洗衣机。,3,ESD
"ESD_0004_sadness_谢谢你来这里,告诉我",3,ESD
"ESD_0004_sadness_不是很喜欢,你把我绕",3,ESD
"ESD_0004_sadness_等待你的指令,随时可",3,ESD
ESD_0004_sadness_他对谁都那么友好。,3,ESD
ESD_0004_sadness_我喜欢吃中餐。,3,ESD
"ESD_0004_sadness_尽管提意见,我会改正",3,ESD
"ESD_0004_sadness_这么多笑话,一天讲不",3,ESD
"ESD_0004_sadness_我讨厌吃醋,偶是不懂",3,ESD
ESD_0004_sadness_我们下午可以在湖里划,3,ESD
ESD_0004_sadness_但是有时夏天比其它季,3,ESD
"ESD_0004_sadness_我们相处得很好,仅此",3,ESD
ESD_0004_sadness_于是我就问她能不能连,3,ESD
ESD_0004_sadness_我想要那种新款的美国,3,ESD
ESD_0004_sadness_错过这村可就没这个店,3,ESD
"ESD_0004_sadness_我曾经养过,我太高兴",3,ESD
ESD_0004_sadness_他们将于今年夏天结婚,3,ESD
"ESD_0004_sadness_谢谢你的夸奖,鲍伯上",3,ESD
"ESD_0004_sadness_你看起来很高兴,眼睛",3,ESD
ESD_0004_sadness_年轻人当然要承担责任,3,ESD
ESD_0004_sadness_不要乱问女孩子的年龄,3,ESD
ESD_0004_sadness_每天晚上跟你互道晚安,3,ESD
ESD_0004_sadness_我会在你的脸上画鬼脸,3,ESD
"ESD_0004_sadness_我缺钱用,所以上星期",3,ESD
ESD_0004_sadness_许多白领都参加到这个,3,ESD
"ESD_0004_sadness_很漂亮,不过人多拥挤",3,ESD
"ESD_0004_sadness_别总是闲着,找点事情",3,ESD
"ESD_0004_sadness_好好休息一下,这个小",3,ESD
ESD_0004_sadness_这两块是唐朝不同时期,3,ESD
"ESD_0004_sadness_我喜欢你的黑衣服,你",3,ESD
"ESD_0004_sadness_是的,真是名副其实。",3,ESD
"ESD_0004_sadness_是很难听的脏话,主人",3,ESD
"ESD_0004_surprise_打远一看,它们的确很",4,ESD
ESD_0004_surprise_英国的哲学家曾经说过,4,ESD
ESD_0004_surprise_我老家在北京。,4,ESD
ESD_0004_surprise_不管怎么说主队好象是,4,ESD
"ESD_0004_surprise_我们乘船漂游了三峡,",4,ESD
ESD_0004_surprise_我喜欢“北京欢迎你”,4,ESD
ESD_0004_surprise_我每个月打一次电话。,4,ESD
ESD_0004_surprise_沙尘暴好像给每个人都,4,ESD
"ESD_0004_surprise_就是这个意思,你又聪",4,ESD
ESD_0004_surprise_个人收藏家!他们肯定,4,ESD
ESD_0004_surprise_妇女节快乐。我永远爱,4,ESD
ESD_0004_surprise_你每次谈恋爱都像现在,4,ESD
"ESD_0004_surprise_周末的我,只忙着陪你",4,ESD
"ESD_0004_surprise_谁你也不认识,我很乐",4,ESD
ESD_0004_surprise_我特别喜欢网球和登山,4,ESD
ESD_0004_surprise_他一定是一眼就被你迷,4,ESD
ESD_0004_surprise_很快你上大学就用得到,4,ESD
"ESD_0004_surprise_我们意见不和,咱们去",4,ESD
"ESD_0004_surprise_不就是你嘛,为什么要",4,ESD
ESD_0004_surprise_前几天我碰见了一件有,4,ESD
ESD_0004_surprise_已经播至该专辑最后一,4,ESD
ESD_0004_surprise_我和我朋友刚从巴厘岛,4,ESD
ESD_0004_surprise_做一些好吃的促进宝宝,4,ESD
ESD_0004_surprise_你的身影总是在我心里,4,ESD
ESD_0004_surprise_我觉得并不是非要有特,4,ESD
"ESD_0004_surprise_是的,他很狡猾,经常",4,ESD
ESD_0004_surprise_工厂不把它直接排到大,4,ESD
"ESD_0004_surprise_没错,就是车门。另外",4,ESD
"ESD_0004_surprise_很可爱啊,就像你一样",4,ESD
"ESD_0004_surprise_除非你打飞碟球,但这",4,ESD
"ESD_0004_surprise_没听清,请问什么时间",4,ESD
ESD_0004_surprise_我遇到了一位漂亮的女,4,ESD
"ESD_0004_surprise_我是青蛙,不用冬眠的",4,ESD
"ESD_0004_surprise_那是马特,他肯定很勇",4,ESD
ESD_0004_surprise_这样无辜的人就不会被,4,ESD
ESD_0004_surprise_我必须一直通电才能工,4,ESD
ESD_0004_surprise_我和我的妻子盼望着和,4,ESD
"ESD_0004_surprise_当然是了,我现在快饿",4,ESD
"ESD_0004_surprise_没有找到日程,走的时",4,ESD
ESD_0004_surprise_是一家制药公司的短期,4,ESD
"ESD_0004_surprise_姐忙得很,没空和你说",4,ESD
"ESD_0004_surprise_我会暖被窝了,逗你的",4,ESD
"ESD_0004_surprise_这样的话,我们可以选",4,ESD
"ESD_0004_surprise_比方说,“华尔街日报",4,ESD
ESD_0004_surprise_我知道人生并不总是一,4,ESD
ESD_0004_surprise_我们可以轮流开车。,4,ESD
ESD_0004_surprise_这是台湾地区最大的动,4,ESD
"ESD_0004_surprise_时候不早了,我来了,",4,ESD
ESD_0004_surprise_递给我一些彩球和纸花,4,ESD
"ESD_0004_surprise_每次叫我都不给红包,",4,ESD
"ESD_0004_surprise_没关系,也许他老婆会",4,ESD
ESD_0004_surprise_你不应该害怕开始一段,4,ESD
"ESD_0004_surprise_我肯定会的,那以后我",4,ESD
ESD_0004_surprise_我是基于人工智能系统,4,ESD
ESD_0004_surprise_它实际会形成一氧化碳,4,ESD
ESD_0004_surprise_我参加了一个有关全球,4,ESD
"ESD_0004_surprise_跳舞好难呀,我还正在",4,ESD
ESD_0004_surprise_让人看上去就感到宽广,4,ESD
"ESD_0004_surprise_只要是我能玩好的,我",4,ESD
ESD_0004_surprise_坐地铁只需要大约二十,4,ESD
ESD_0004_surprise_下个月我姐姐要结婚了,4,ESD
ESD_0004_surprise_我是顺路过来跟你告别,4,ESD
ESD_0004_surprise_你知道我很努力地在戒,4,ESD
"ESD_0004_surprise_我告退了,晚上回去拍",4,ESD
"ESD_0004_surprise_一点也不差,先把握好",4,ESD
ESD_0004_surprise_我们可以去钓鱼、聊天,4,ESD
ESD_0004_surprise_你深深地印在我的脑海,4,ESD
ESD_0004_surprise_我应该给女朋友买玫瑰,4,ESD
"ESD_0004_surprise_以后不要喝那么多了,",4,ESD
"ESD_0004_surprise_心动不如行动,我不太",4,ESD
ESD_0004_surprise_只要令人鼓舞的电影我,4,ESD
ESD_0004_surprise_资料全都不见了。气死,4,ESD
ESD_0004_surprise_她总是带香甜甜的微笑,4,ESD
ESD_0004_surprise_今年应该是第二十七个,4,ESD
ESD_0004_surprise_我也想去看可爱的熊猫,4,ESD
"ESD_0004_surprise_是的,你是个大块头,",4,ESD
"ESD_0004_surprise_奏婚礼进行曲了,他们",4,ESD
"ESD_0004_surprise_它们的设计外形小巧,",4,ESD
ESD_0004_surprise_人们当然都叫他“奥林,4,ESD
"ESD_0004_surprise_看呀,我们差不多就装",4,ESD
ESD_0004_surprise_这个镇上所有的人都喜,4,ESD
ESD_0004_surprise_听说你要去香港看你叔,4,ESD
ESD_0004_surprise_你身上的每一点都吸引,4,ESD
ESD_0004_surprise_他好像跟他的秘书有过,4,ESD
"ESD_0004_surprise_是啊,他的健康我总放",4,ESD
"ESD_0004_surprise_真想不到,游泳竟有如",4,ESD
ESD_0004_surprise_是没什么但是挺别扭的,4,ESD
"ESD_0004_surprise_香港海洋公园,主人快",4,ESD
"ESD_0004_surprise_是个冰淇淋,桃花确实",4,ESD
"ESD_0004_surprise_还不太糟糕,但是得躺",4,ESD
ESD_0004_surprise_如果有我能帮忙的请告,4,ESD
ESD_0004_surprise_不会这么凑巧吧!我也,4,ESD
ESD_0004_surprise_别不好意思。再多吃些,4,ESD
"ESD_0004_surprise_很神奇的样子,我搞不",4,ESD
ESD_0004_surprise_我倒是有一个爱好――,4,ESD
ESD_0004_surprise_别小看我这发型!我还,4,ESD
ESD_0004_surprise_你女儿和她妈妈长得很,4,ESD
ESD_0004_surprise_我只会斗斗地主什么的,4,ESD
"ESD_0004_surprise_得了吧,别这么胆小啦",4,ESD
ESD_0004_surprise_就经常去我们宿舍附近,4,ESD
"ESD_0004_surprise_很快,车就可自动开了",4,ESD
"ESD_0004_surprise_我昨天遇到马克,他看",4,ESD
"ESD_0004_surprise_感觉好温暖呀,好的,",4,ESD
ESD_0004_surprise_没有找到蒸鱼的计时。,4,ESD
"ESD_0004_surprise_我们俩合不来,还经常",4,ESD
"ESD_0004_surprise_做不了什么,通常我会",4,ESD
ESD_0004_surprise_我的表两点四十二。可,4,ESD
ESD_0004_surprise_让我们看看哪一种球技,4,ESD
ESD_0004_surprise_我其实挺饿的。,4,ESD
ESD_0004_surprise_自己的事情要自己做。,4,ESD
ESD_0004_surprise_每天早晨都是我妈妈帮,4,ESD
"ESD_0004_surprise_那棒极了,其实心情挺",4,ESD
"ESD_0004_surprise_玛丽,你看来很喜欢挖",4,ESD
"ESD_0004_surprise_我也是,我还有点儿口",4,ESD
"ESD_0004_surprise_真是个好习惯,通常看",4,ESD
"ESD_0004_surprise_没有,不过,我们去了",4,ESD
"ESD_0004_surprise_快点起床,我在公寓门",4,ESD
ESD_0004_surprise_你的同学把你给捉弄了,4,ESD
"ESD_0004_surprise_不过我想星期五走,",4,ESD
ESD_0004_surprise_你还真是考虑周到。,4,ESD
ESD_0004_surprise_那你就离市区很远了。,4,ESD
"ESD_0004_surprise_汤姆是个好人,但却赌",4,ESD
ESD_0004_surprise_那你就说你为之神魂颠,4,ESD
"ESD_0004_surprise_是的,请返还我的钱,",4,ESD
"ESD_0004_surprise_如果你想要纹身,你去",4,ESD
"ESD_0004_surprise_不是,他住在沃斯盾的",4,ESD
ESD_0004_surprise_你说我们在芝加哥要待,4,ESD
ESD_0004_surprise_这些颜色也不太适合你,4,ESD
"ESD_0004_surprise_对别人没有,而对我就",4,ESD
ESD_0004_surprise_我的希望是工作到倒下,4,ESD
ESD_0004_surprise_吝啬鬼!他每天还骑自,4,ESD
ESD_0004_surprise_是你最牵挂的那个女人,4,ESD
ESD_0004_surprise_是不是依然觉得我很可,4,ESD
ESD_0004_surprise_多教我些东西我会更聪,4,ESD
ESD_0004_surprise_我要学习一下相关知识,4,ESD
ESD_0004_surprise_我喜欢几乎所有的运动,4,ESD
ESD_0004_surprise_也许能帮助你把事情弄,4,ESD
ESD_0004_surprise_我总是控制不了它。,4,ESD
ESD_0004_surprise_他们的配合值得我们学,4,ESD
ESD_0004_surprise_我也知道自己是大嘴巴,4,ESD
"ESD_0004_surprise_你可以去问鹦鹉啊,鹦",4,ESD
"ESD_0004_surprise_是啊,我还是个乳臭未",4,ESD
"ESD_0004_surprise_女孩的心思你别猜,但",4,ESD
ESD_0004_surprise_节食减肥很痛苦。,4,ESD
"ESD_0004_surprise_听大自然的声响,就像",4,ESD
"ESD_0004_surprise_现在,我仍然有点紧张",4,ESD
ESD_0004_surprise_不知道。或许一双新鞋,4,ESD
ESD_0004_surprise_有事记得喊我。,4,ESD
"ESD_0004_surprise_你好,布赖恩,正好四",4,ESD
ESD_0004_surprise_这样子比较有趣。,4,ESD
"ESD_0004_surprise_我也最喜欢你,不要开",4,ESD
ESD_0004_surprise_小心脚下。人行道上有,4,ESD
ESD_0004_surprise_我们还等什么,4,ESD
"ESD_0004_surprise_我还不会说其他外语,",4,ESD
ESD_0004_surprise_我只打算放松一下自己,4,ESD
ESD_0004_surprise_承蒙邀请参加你的婚礼,4,ESD
"ESD_0004_surprise_你知道,有时候病人会",4,ESD
ESD_0004_surprise_我的性格就是冷静并且,4,ESD
ESD_0004_surprise_我不会牺牲我的健康来,4,ESD
ESD_0004_surprise_当然!他是我们大学的,4,ESD
ESD_0004_surprise_他讲的笑话让我笑个不,4,ESD
ESD_0004_surprise_原来你也在玩这个,4,ESD
ESD_0004_surprise_我还不知道你认识弗兰,4,ESD
ESD_0004_surprise_我曾在一家船运公司里,4,ESD
ESD_0004_surprise_其实我们前天已经分手,4,ESD
ESD_0004_surprise_我想那些应该是草莓的,4,ESD
"ESD_0004_surprise_太妙了,我想换一些日",4,ESD
"ESD_0004_surprise_你得先回答我,你最喜",4,ESD
"ESD_0004_surprise_让我再想想,真相已经",4,ESD
ESD_0004_surprise_这样你就有时间挥拍打,4,ESD
"ESD_0004_surprise_你这个小气鬼,很不幸",4,ESD
"ESD_0004_surprise_我是个学生,服务器响",4,ESD
ESD_0004_surprise_一套古瓷器。它真的很,4,ESD
ESD_0004_surprise_他在这次竞选活动中花,4,ESD
"ESD_0004_surprise_她此刻失业了,你最好",4,ESD
"ESD_0004_surprise_带上你的家人,但是他",4,ESD
ESD_0004_surprise_你在我的心里折腾好久,4,ESD
"ESD_0004_surprise_你转一个,我想学习下",4,ESD
"ESD_0004_surprise_她和维克分手了,所以",4,ESD
ESD_0004_surprise_冬天雨非常多。我不喜,4,ESD
ESD_0004_surprise_时间对珍尼来说是没有,4,ESD
ESD_0004_surprise_大概足够支持我生活三,4,ESD
ESD_0004_surprise_你绝对猜不到她准备要,4,ESD
ESD_0004_surprise_二零一六年十一月五号,4,ESD
"ESD_0004_surprise_今天真凉快,我希望主",4,ESD
ESD_0004_surprise_软妹子生气会说:讨厌,4,ESD
ESD_0004_surprise_我们一起为他办个惊喜,4,ESD
ESD_0004_surprise_以后我要经常来这儿爬,4,ESD
"ESD_0004_surprise_我是一名教师,你可是",4,ESD
ESD_0004_surprise_上海现在是下午四点三,4,ESD
ESD_0004_surprise_别问了!说多了都是眼,4,ESD
ESD_0004_surprise_如果我滚远了就回不来,4,ESD
ESD_0004_surprise_带女友出去好好吃上一,4,ESD
"ESD_0004_surprise_炖肉一小时,剩余三十",4,ESD
ESD_0004_surprise_我以为你们国家的人都,4,ESD
"ESD_0004_surprise_我饿啦,我想去吃点东",4,ESD
"ESD_0004_surprise_为什么不,交朋友不分",4,ESD
"ESD_0004_surprise_当然知道,我们各有千",4,ESD
"ESD_0004_surprise_我喜欢你的干净整洁,",4,ESD
ESD_0004_surprise_我已经习惯这种气候了,4,ESD
ESD_0004_surprise_也就是一大堆照片。,4,ESD
"ESD_0004_surprise_那就一会再说,我好害",4,ESD
ESD_0004_surprise_希望我有一天也可以去,4,ESD
"ESD_0004_surprise_你昨天才买衣服,真是",4,ESD
"ESD_0004_surprise_还要叫她起床,怎么会",4,ESD
"ESD_0004_surprise_是的,我知道,患难见",4,ESD
"ESD_0004_surprise_我是萌萌哒,你是呆呆",4,ESD
ESD_0004_surprise_你可以在那儿呆上至少,4,ESD
ESD_0004_surprise_对不起我把咖啡洒在桌,4,ESD
"ESD_0004_surprise_也不算,她有的歌我都",4,ESD
ESD_0004_surprise_我对养花已经厌倦了。,4,ESD
ESD_0004_surprise_我还会陪你一路走下去,4,ESD
ESD_0004_surprise_裁判全给了满分。,4,ESD
"ESD_0004_surprise_当然,我简直离开音乐",4,ESD
"ESD_0004_surprise_拜拜,明天要再来和小",4,ESD
ESD_0004_surprise_碰到喜欢的女孩子要主,4,ESD
ESD_0004_surprise_他的收支几乎不能平衡,4,ESD
"ESD_0004_surprise_明天是星期天,我们去",4,ESD
ESD_0004_surprise_大部分都是用诱饵钓到,4,ESD
"ESD_0004_surprise_所以你必须要坚持,时",4,ESD
ESD_0004_surprise_我非常支持人们走进太,4,ESD
ESD_0004_surprise_我的老朋友汉森就住在,4,ESD
ESD_0004_surprise_听起来你们玩得也很开,4,ESD
ESD_0004_surprise_这个对我来说有点难!,4,ESD
"ESD_0004_surprise_差不多,我们俩都很热",4,ESD
"ESD_0004_surprise_你要做爸爸了,真让人",4,ESD
ESD_0004_surprise_我真受不了城里那么大,4,ESD
ESD_0004_surprise_好的。新的音乐厅有一,4,ESD
"ESD_0004_surprise_这个位置不错,下车。",4,ESD
"ESD_0004_surprise_那不打扰你了,我不敢",4,ESD
"ESD_0004_surprise_最近很冷,风又大。",4,ESD
ESD_0004_surprise_我最近正在努力练习棋,4,ESD
"ESD_0004_surprise_拜托,别跟我提到笔记",4,ESD
ESD_0004_surprise_它是一个主要的空气污,4,ESD
"ESD_0004_surprise_我爱运动,但是对篮球",4,ESD
"ESD_0004_surprise_我不需要嗅觉,所以没",4,ESD
"ESD_0004_surprise_雪下得真大,带着我去",4,ESD
ESD_0004_surprise_我不这么认为。我们沿,4,ESD
"ESD_0004_surprise_食物也很美味,更不用",4,ESD
ESD_0004_surprise_大约一个小时左右。,4,ESD
ESD_0004_surprise_请勿进入竹林。不让进,4,ESD
ESD_0004_surprise_为了不让鱼吃掉诗人的,4,ESD
ESD_0004_surprise_那样的话你应该穿讲究,4,ESD
ESD_0004_surprise_我的直系亲属人数不多,4,ESD
ESD_0004_surprise_贾尼斯突然兴奋地大叫,4,ESD
ESD_0004_surprise_领带对男人来说真必不,4,ESD
ESD_0004_surprise_没有为什么就是要等我,4,ESD
ESD_0004_surprise_我不怎么在乎这个店有,4,ESD
ESD_0004_surprise_我最好的朋友就约会过,4,ESD
"ESD_0004_surprise_我不用转头,不需要脖",4,ESD
"ESD_0004_surprise_没看过小说,只有人类",4,ESD
ESD_0004_surprise_我是个游戏迷。,4,ESD
"ESD_0004_surprise_你比吴亦凡帅,我同意",4,ESD
"ESD_0004_surprise_我没有忽悠你,机器人",4,ESD
ESD_0004_surprise_最初我的工作是当一名,4,ESD
ESD_0004_surprise_陪你度过这漫长的黑夜,4,ESD
ESD_0004_surprise_这是我在旅游第四天拍,4,ESD
ESD_0004_surprise_这句话的意义我不太明,4,ESD
ESD_0004_surprise_我们想等一个合适的时,4,ESD
"ESD_0004_surprise_我很伤心,我准备去网",4,ESD
ESD_0004_surprise_这可真不像是场英超比,4,ESD
ESD_0004_surprise_他好像是被他女友给甩,4,ESD
ESD_0004_surprise_也许反倒是件好事,4,ESD
ESD_0004_surprise_听起来很厉害的样子!,4,ESD
ESD_0004_surprise_我必须再次感谢您的慷,4,ESD
"ESD_0004_surprise_我是淑女,只会讲文明",4,ESD
ESD_0004_surprise_这可是我学会的第一首,4,ESD
ESD_0004_surprise_谁都有烦的时候。,4,ESD
"ESD_0004_surprise_是很棒的一款手机,性",4,ESD
ESD_0004_surprise_没有找到你想删除的闹,4,ESD
"ESD_0004_surprise_很大,令人兴奋但是嘈",4,ESD
"ESD_0004_surprise_沈阳明天有雷阵雨,多",4,ESD
ESD_0004_surprise_但梅花往往被很多人忽,4,ESD
"ESD_0004_surprise_只要不违法,我还是想",4,ESD
ESD_0004_surprise_然后再找一个音乐播放,4,ESD
"ESD_0004_surprise_我当然喜欢,我很注意",4,ESD
"ESD_0004_surprise_是的,所以我永不喝它",4,ESD
"ESD_0004_surprise_我真兴奋,我终于有自",4,ESD
ESD_0004_surprise_我想说我也这样认为的,4,ESD
ESD_0004_surprise_绝对不可以走到湖的中,4,ESD
"ESD_0004_surprise_晚安,么么哒,满天都",4,ESD
"ESD_0004_surprise_有些人划船,有的人在",4,ESD
ESD_0004_surprise_我想所有中国人都会打,4,ESD
ESD_0004_surprise_有充足的时间购物和观,4,ESD
"ESD_0004_surprise_自己保重,记得要常联",4,ESD
"ESD_0004_surprise_门儿都没有,现在还不",4,ESD
"ESD_0004_surprise_我太喜欢听了,所以不",4,ESD
"ESD_0004_surprise_我随时都在,有没有梦",4,ESD
"ESD_0004_surprise_不会,不过我很喜欢单",4,ESD
ESD_0004_surprise_还有聊天记录。,4,ESD
"ESD_0004_surprise_在法国南部,气候常年",4,ESD
ESD_0004_surprise_哪天我也许得和他谈谈,4,ESD
"ESD_0004_surprise_振作点儿,我看了屏幕",4,ESD
"ESD_0004_surprise_我是银灰色的,我都被",4,ESD
"ESD_0004_surprise_文学和经济,我喜欢很",4,ESD
"ESD_0004_surprise_赌博往往是个祸根,",4,ESD
"ESD_0004_surprise_三个,两个儿子一个女",4,ESD
"ESD_0004_surprise_祝你春节快乐,全家幸",4,ESD
"ESD_0004_surprise_是的,我刚撞到了桌子",4,ESD
"ESD_0004_surprise_这个我相信,我是登山",4,ESD
"ESD_0004_surprise_播放歌单收藏,脑筋可",4,ESD
ESD_0004_surprise_我希望你能和我一起想,4,ESD
ESD_0004_surprise_我一直到清晨四点才到,4,ESD
ESD_0004_surprise_我刚从苏格兰回来。,4,ESD
ESD_0004_surprise_我支持你。它是需要重,4,ESD
ESD_0004_surprise_我在一个机械化农场做,4,ESD
ESD_0004_surprise_有时内在美更加重要。,4,ESD
ESD_0004_surprise_我去查查篮球相关的知,4,ESD
"ESD_0004_surprise_已经怀孕四个半月了,",4,ESD
"ESD_0004_surprise_这局我让你开,今天我",4,ESD
ESD_0004_surprise_我们休息一下喝杯咖啡,4,ESD
"ESD_0004_surprise_如果她拒绝我,我会死",4,ESD
ESD_0004_surprise_旅行结束后我将休息一,4,ESD
ESD_0004_surprise_现在全城的人都要向我,4,ESD
ESD_0004_surprise_我需要插着电源才能说,4,ESD
ESD_0004_surprise_每次你看到一些时尚衣,4,ESD
ESD_0004_surprise_你看上去比以前更漂亮,4,ESD
"ESD_0004_surprise_下午好,蒂娜,我想我",4,ESD
ESD_0004_surprise_家里有全自动洗衣机。,4,ESD
"ESD_0004_surprise_谢谢你来这里,告诉我",4,ESD
"ESD_0004_surprise_不是很喜欢,你把我绕",4,ESD
"ESD_0004_surprise_等待你的指令,随时可",4,ESD
ESD_0004_surprise_他对谁都那么友好。,4,ESD
ESD_0004_surprise_我喜欢吃中餐。,4,ESD
"ESD_0004_surprise_尽管提意见,我会改正",4,ESD
"ESD_0004_surprise_这么多笑话,一天讲不",4,ESD
"ESD_0004_surprise_我讨厌吃醋,偶是不懂",4,ESD
ESD_0004_surprise_我们下午可以在湖里划,4,ESD
ESD_0004_surprise_但是有时夏天比其它季,4,ESD
"ESD_0004_surprise_我们相处得很好,仅此",4,ESD
ESD_0004_surprise_于是我就问她能不能连,4,ESD
ESD_0004_surprise_我想要那种新款的美国,4,ESD
ESD_0004_surprise_错过这村可就没这个店,4,ESD
"ESD_0004_surprise_我曾经养过,我太高兴",4,ESD
ESD_0004_surprise_他们将于今年夏天结婚,4,ESD
"ESD_0004_surprise_谢谢你的夸奖,鲍伯上",4,ESD
"ESD_0004_surprise_你看起来很高兴,眼睛",4,ESD
ESD_0004_surprise_年轻人当然要承担责任,4,ESD
ESD_0004_surprise_不要乱问女孩子的年龄,4,ESD
ESD_0004_surprise_每天晚上跟你互道晚安,4,ESD
ESD_0004_surprise_我会在你的脸上画鬼脸,4,ESD
"ESD_0004_surprise_我缺钱用,所以上星期",4,ESD
ESD_0004_surprise_许多白领都参加到这个,4,ESD
"ESD_0004_surprise_很漂亮,不过人多拥挤",4,ESD
"ESD_0004_surprise_别总是闲着,找点事情",4,ESD
"ESD_0004_surprise_好好休息一下,这个小",4,ESD
ESD_0004_surprise_这两块是唐朝不同时期,4,ESD
"ESD_0004_surprise_我喜欢你的黑衣服,你",4,ESD
"ESD_0004_surprise_是的,真是名副其实。",4,ESD
"ESD_0004_surprise_是很难听的脏话,主人",4,ESD
"ESD_0005_anger_打远一看,它们的确很",2,ESD
ESD_0005_anger_英国的哲学家曾经说过,2,ESD
ESD_0005_anger_我老家在北京。,2,ESD
ESD_0005_anger_不管怎么说主队好象是,2,ESD
"ESD_0005_anger_我们乘船漂游了三峡,",2,ESD
ESD_0005_anger_我喜欢“北京欢迎你”,2,ESD
ESD_0005_anger_我每个月打一次电话。,2,ESD
ESD_0005_anger_沙尘暴好像给每个人都,2,ESD
"ESD_0005_anger_就是这个意思,你又聪",2,ESD
ESD_0005_anger_个人收藏家!他们肯定,2,ESD
ESD_0005_anger_妇女节快乐。我永远爱,2,ESD
ESD_0005_anger_你每次谈恋爱都像现在,2,ESD
"ESD_0005_anger_周末的我,只忙着陪你",2,ESD
"ESD_0005_anger_谁你也不认识,我很乐",2,ESD
ESD_0005_anger_我特别喜欢网球和登山,2,ESD
ESD_0005_anger_他一定是一眼就被你迷,2,ESD
ESD_0005_anger_很快你上大学就用得到,2,ESD
"ESD_0005_anger_我们意见不和,咱们去",2,ESD
"ESD_0005_anger_不就是你嘛,为什么要",2,ESD
ESD_0005_anger_前几天我碰见了一件有,2,ESD
ESD_0005_anger_已经播至该专辑最后一,2,ESD
ESD_0005_anger_我和我朋友刚从巴厘岛,2,ESD
ESD_0005_anger_做一些好吃的促进宝宝,2,ESD
ESD_0005_anger_你的身影总是在我心里,2,ESD
ESD_0005_anger_我觉得并不是非要有特,2,ESD
"ESD_0005_anger_是的,他很狡猾,经常",2,ESD
ESD_0005_anger_工厂不把它直接排到大,2,ESD
"ESD_0005_anger_没错,就是车门。另外",2,ESD
"ESD_0005_anger_很可爱啊,就像你一样",2,ESD
"ESD_0005_anger_除非你打飞碟球,但这",2,ESD
"ESD_0005_anger_没听清,请问什么时间",2,ESD
ESD_0005_anger_我遇到了一位漂亮的女,2,ESD
"ESD_0005_anger_我是青蛙,不用冬眠的",2,ESD
"ESD_0005_anger_那是马特,他肯定很勇",2,ESD
ESD_0005_anger_这样无辜的人就不会被,2,ESD
ESD_0005_anger_我必须一直通电才能工,2,ESD
ESD_0005_anger_我和我的妻子盼望着和,2,ESD
"ESD_0005_anger_当然是了,我现在快饿",2,ESD
"ESD_0005_anger_没有找到日程,走的时",2,ESD
ESD_0005_anger_是一家制药公司的短期,2,ESD
"ESD_0005_anger_姐忙得很,没空和你说",2,ESD
"ESD_0005_anger_我会暖被窝了,逗你的",2,ESD
"ESD_0005_anger_这样的话,我们可以选",2,ESD
"ESD_0005_anger_比方说,“华尔街日报",2,ESD
ESD_0005_anger_我知道人生并不总是一,2,ESD
ESD_0005_anger_我们可以轮流开车。,2,ESD
ESD_0005_anger_这是台湾地区最大的动,2,ESD
"ESD_0005_anger_时候不早了,我来了,",2,ESD
ESD_0005_anger_递给我一些彩球和纸花,2,ESD
"ESD_0005_anger_每次叫我都不给红包,",2,ESD
"ESD_0005_anger_没关系,也许他老婆会",2,ESD
ESD_0005_anger_你不应该害怕开始一段,2,ESD
"ESD_0005_anger_我肯定会的,那以后我",2,ESD
ESD_0005_anger_我是基于人工智能系统,2,ESD
ESD_0005_anger_它实际会形成一氧化碳,2,ESD
ESD_0005_anger_我参加了一个有关全球,2,ESD
"ESD_0005_anger_跳舞好难呀,我还正在",2,ESD
ESD_0005_anger_让人看上去就感到宽广,2,ESD
"ESD_0005_anger_只要是我能玩好的,我",2,ESD
ESD_0005_anger_坐地铁只需要大约二十,2,ESD
ESD_0005_anger_下个月我姐姐要结婚了,2,ESD
ESD_0005_anger_我是顺路过来跟你告别,2,ESD
ESD_0005_anger_你知道我很努力地在戒,2,ESD
"ESD_0005_anger_我告退了,晚上回去拍",2,ESD
"ESD_0005_anger_一点也不差,先把握好",2,ESD
ESD_0005_anger_我们可以去钓鱼、聊天,2,ESD
ESD_0005_anger_你深深地印在我的脑海,2,ESD
ESD_0005_anger_我应该给女朋友买玫瑰,2,ESD
"ESD_0005_anger_以后不要喝那么多了,",2,ESD
"ESD_0005_anger_心动不如行动,我不太",2,ESD
ESD_0005_anger_只要令人鼓舞的电影我,2,ESD
ESD_0005_anger_资料全都不见了。气死,2,ESD
ESD_0005_anger_她总是带香甜甜的微笑,2,ESD
ESD_0005_anger_今年应该是第二十七个,2,ESD
ESD_0005_anger_我也想去看可爱的熊猫,2,ESD
"ESD_0005_anger_是的,你是个大块头,",2,ESD
"ESD_0005_anger_奏婚礼进行曲了,他们",2,ESD
"ESD_0005_anger_它们的设计外形小巧,",2,ESD
ESD_0005_anger_人们当然都叫他“奥林,2,ESD
"ESD_0005_anger_看呀,我们差不多就装",2,ESD
ESD_0005_anger_这个镇上所有的人都喜,2,ESD
ESD_0005_anger_听说你要去香港看你叔,2,ESD
ESD_0005_anger_你身上的每一点都吸引,2,ESD
ESD_0005_anger_他好像跟他的秘书有过,2,ESD
"ESD_0005_anger_是啊,他的健康我总放",2,ESD
"ESD_0005_anger_真想不到,游泳竟有如",2,ESD
ESD_0005_anger_是没什么但是挺别扭的,2,ESD
"ESD_0005_anger_香港海洋公园,主人快",2,ESD
"ESD_0005_anger_是个冰淇淋,桃花确实",2,ESD
"ESD_0005_anger_还不太糟糕,但是得躺",2,ESD
ESD_0005_anger_如果有我能帮忙的请告,2,ESD
ESD_0005_anger_不会这么凑巧吧!我也,2,ESD
ESD_0005_anger_别不好意思。再多吃些,2,ESD
"ESD_0005_anger_很神奇的样子,我搞不",2,ESD
ESD_0005_anger_我倒是有一个爱好――,2,ESD
ESD_0005_anger_别小看我这发型!我还,2,ESD
ESD_0005_anger_你女儿和她妈妈长得很,2,ESD
ESD_0005_anger_我只会斗斗地主什么的,2,ESD
"ESD_0005_anger_得了吧,别这么胆小啦",2,ESD
ESD_0005_anger_就经常去我们宿舍附近,2,ESD
"ESD_0005_anger_很快,车就可自动开了",2,ESD
"ESD_0005_anger_我昨天遇到马克,他看",2,ESD
"ESD_0005_anger_感觉好温暖呀,好的,",2,ESD
ESD_0005_anger_没有找到蒸鱼的计时。,2,ESD
"ESD_0005_anger_我们俩合不来,还经常",2,ESD
"ESD_0005_anger_做不了什么,通常我会",2,ESD
ESD_0005_anger_我的表两点四十二。可,2,ESD
ESD_0005_anger_让我们看看哪一种球技,2,ESD
ESD_0005_anger_我其实挺饿的。,2,ESD
ESD_0005_anger_自己的事情要自己做。,2,ESD
ESD_0005_anger_每天早晨都是我妈妈帮,2,ESD
"ESD_0005_anger_那棒极了,其实心情挺",2,ESD
"ESD_0005_anger_玛丽,你看来很喜欢挖",2,ESD
"ESD_0005_anger_我也是,我还有点儿口",2,ESD
"ESD_0005_anger_真是个好习惯,通常看",2,ESD
"ESD_0005_anger_没有,不过,我们去了",2,ESD
"ESD_0005_anger_快点起床,我在公寓门",2,ESD
ESD_0005_anger_你的同学把你给捉弄了,2,ESD
"ESD_0005_anger_不过我想星期五走,",2,ESD
ESD_0005_anger_你还真是考虑周到。,2,ESD
ESD_0005_anger_那你就离市区很远了。,2,ESD
"ESD_0005_anger_汤姆是个好人,但却赌",2,ESD
ESD_0005_anger_那你就说你为之神魂颠,2,ESD
"ESD_0005_anger_是的,请返还我的钱,",2,ESD
"ESD_0005_anger_如果你想要纹身,你去",2,ESD
"ESD_0005_anger_不是,他住在沃斯盾的",2,ESD
ESD_0005_anger_你说我们在芝加哥要待,2,ESD
ESD_0005_anger_这些颜色也不太适合你,2,ESD
"ESD_0005_anger_对别人没有,而对我就",2,ESD
ESD_0005_anger_我的希望是工作到倒下,2,ESD
ESD_0005_anger_吝啬鬼!他每天还骑自,2,ESD
ESD_0005_anger_是你最牵挂的那个女人,2,ESD
ESD_0005_anger_是不是依然觉得我很可,2,ESD
ESD_0005_anger_多教我些东西我会更聪,2,ESD
ESD_0005_anger_我要学习一下相关知识,2,ESD
ESD_0005_anger_我喜欢几乎所有的运动,2,ESD
ESD_0005_anger_也许能帮助你把事情弄,2,ESD
ESD_0005_anger_我总是控制不了它。,2,ESD
ESD_0005_anger_他们的配合值得我们学,2,ESD
ESD_0005_anger_我也知道自己是大嘴巴,2,ESD
"ESD_0005_anger_你可以去问鹦鹉啊,鹦",2,ESD
"ESD_0005_anger_是啊,我还是个乳臭未",2,ESD
"ESD_0005_anger_女孩的心思你别猜,但",2,ESD
ESD_0005_anger_节食减肥很痛苦。,2,ESD
"ESD_0005_anger_听大自然的声响,就像",2,ESD
"ESD_0005_anger_现在,我仍然有点紧张",2,ESD
ESD_0005_anger_不知道。或许一双新鞋,2,ESD
ESD_0005_anger_有事记得喊我。,2,ESD
"ESD_0005_anger_你好,布赖恩,正好四",2,ESD
ESD_0005_anger_这样子比较有趣。,2,ESD
"ESD_0005_anger_我也最喜欢你,不要开",2,ESD
ESD_0005_anger_小心脚下。人行道上有,2,ESD
ESD_0005_anger_我们还等什么,2,ESD
"ESD_0005_anger_我还不会说其他外语,",2,ESD
ESD_0005_anger_我只打算放松一下自己,2,ESD
ESD_0005_anger_承蒙邀请参加你的婚礼,2,ESD
"ESD_0005_anger_你知道,有时候病人会",2,ESD
ESD_0005_anger_我的性格就是冷静并且,2,ESD
ESD_0005_anger_我不会牺牲我的健康来,2,ESD
ESD_0005_anger_当然!他是我们大学的,2,ESD
ESD_0005_anger_他讲的笑话让我笑个不,2,ESD
ESD_0005_anger_原来你也在玩这个,2,ESD
ESD_0005_anger_我还不知道你认识弗兰,2,ESD
ESD_0005_anger_我曾在一家船运公司里,2,ESD
ESD_0005_anger_其实我们前天已经分手,2,ESD
ESD_0005_anger_我想那些应该是草莓的,2,ESD
"ESD_0005_anger_太妙了,我想换一些日",2,ESD
"ESD_0005_anger_你得先回答我,你最喜",2,ESD
"ESD_0005_anger_让我再想想,真相已经",2,ESD
ESD_0005_anger_这样你就有时间挥拍打,2,ESD
"ESD_0005_anger_你这个小气鬼,很不幸",2,ESD
"ESD_0005_anger_我是个学生,服务器响",2,ESD
ESD_0005_anger_一套古瓷器。它真的很,2,ESD
ESD_0005_anger_他在这次竞选活动中花,2,ESD
"ESD_0005_anger_她此刻失业了,你最好",2,ESD
"ESD_0005_anger_带上你的家人,但是他",2,ESD
ESD_0005_anger_你在我的心里折腾好久,2,ESD
"ESD_0005_anger_你转一个,我想学习下",2,ESD
"ESD_0005_anger_她和维克分手了,所以",2,ESD
ESD_0005_anger_冬天雨非常多。我不喜,2,ESD
ESD_0005_anger_时间对珍尼来说是没有,2,ESD
ESD_0005_anger_大概足够支持我生活三,2,ESD
ESD_0005_anger_你绝对猜不到她准备要,2,ESD
ESD_0005_anger_二零一六年十一月五号,2,ESD
"ESD_0005_anger_今天真凉快,我希望主",2,ESD
ESD_0005_anger_软妹子生气会说:讨厌,2,ESD
ESD_0005_anger_我们一起为他办个惊喜,2,ESD
ESD_0005_anger_以后我要经常来这儿爬,2,ESD
"ESD_0005_anger_我是一名教师,你可是",2,ESD
ESD_0005_anger_上海现在是下午四点三,2,ESD
ESD_0005_anger_别问了!说多了都是眼,2,ESD
ESD_0005_anger_如果我滚远了就回不来,2,ESD
ESD_0005_anger_带女友出去好好吃上一,2,ESD
"ESD_0005_anger_炖肉一小时,剩余三十",2,ESD
ESD_0005_anger_我以为你们国家的人都,2,ESD
"ESD_0005_anger_我饿啦,我想去吃点东",2,ESD
"ESD_0005_anger_为什么不,交朋友不分",2,ESD
"ESD_0005_anger_当然知道,我们各有千",2,ESD
"ESD_0005_anger_我喜欢你的干净整洁,",2,ESD
ESD_0005_anger_我已经习惯这种气候了,2,ESD
ESD_0005_anger_也就是一大堆照片。,2,ESD
"ESD_0005_anger_那就一会再说,我好害",2,ESD
ESD_0005_anger_希望我有一天也可以去,2,ESD
"ESD_0005_anger_你昨天才买衣服,真是",2,ESD
"ESD_0005_anger_还要叫她起床,怎么会",2,ESD
"ESD_0005_anger_是的,我知道,患难见",2,ESD
"ESD_0005_anger_我是萌萌哒,你是呆呆",2,ESD
ESD_0005_anger_你可以在那儿呆上至少,2,ESD
ESD_0005_anger_对不起我把咖啡洒在桌,2,ESD
"ESD_0005_anger_也不算,她有的歌我都",2,ESD
ESD_0005_anger_我对养花已经厌倦了。,2,ESD
ESD_0005_anger_我还会陪你一路走下去,2,ESD
ESD_0005_anger_裁判全给了满分。,2,ESD
"ESD_0005_anger_当然,我简直离开音乐",2,ESD
"ESD_0005_anger_拜拜,明天要再来和小",2,ESD
ESD_0005_anger_碰到喜欢的女孩子要主,2,ESD
ESD_0005_anger_他的收支几乎不能平衡,2,ESD
"ESD_0005_anger_明天是星期天,我们去",2,ESD
ESD_0005_anger_大部分都是用诱饵钓到,2,ESD
"ESD_0005_anger_所以你必须要坚持,时",2,ESD
ESD_0005_anger_我非常支持人们走进太,2,ESD
ESD_0005_anger_我的老朋友汉森就住在,2,ESD
ESD_0005_anger_听起来你们玩得也很开,2,ESD
ESD_0005_anger_这个对我来说有点难!,2,ESD
"ESD_0005_anger_差不多,我们俩都很热",2,ESD
"ESD_0005_anger_你要做爸爸了,真让人",2,ESD
ESD_0005_anger_我真受不了城里那么大,2,ESD
ESD_0005_anger_好的。新的音乐厅有一,2,ESD
"ESD_0005_anger_这个位置不错,下车。",2,ESD
"ESD_0005_anger_那不打扰你了,我不敢",2,ESD
"ESD_0005_anger_最近很冷,风又大。",2,ESD
ESD_0005_anger_我最近正在努力练习棋,2,ESD
"ESD_0005_anger_拜托,别跟我提到笔记",2,ESD
ESD_0005_anger_它是一个主要的空气污,2,ESD
"ESD_0005_anger_我爱运动,但是对篮球",2,ESD
"ESD_0005_anger_我不需要嗅觉,所以没",2,ESD
"ESD_0005_anger_雪下得真大,带着我去",2,ESD
ESD_0005_anger_我不这么认为。我们沿,2,ESD
"ESD_0005_anger_食物也很美味,更不用",2,ESD
ESD_0005_anger_大约一个小时左右。,2,ESD
ESD_0005_anger_请勿进入竹林。不让进,2,ESD
ESD_0005_anger_为了不让鱼吃掉诗人的,2,ESD
ESD_0005_anger_那样的话你应该穿讲究,2,ESD
ESD_0005_anger_我的直系亲属人数不多,2,ESD
ESD_0005_anger_贾尼斯突然兴奋地大叫,2,ESD
ESD_0005_anger_领带对男人来说真必不,2,ESD
ESD_0005_anger_没有为什么就是要等我,2,ESD
ESD_0005_anger_我不怎么在乎这个店有,2,ESD
ESD_0005_anger_我最好的朋友就约会过,2,ESD
"ESD_0005_anger_我不用转头,不需要脖",2,ESD
"ESD_0005_anger_没看过小说,只有人类",2,ESD
ESD_0005_anger_我是个游戏迷。,2,ESD
"ESD_0005_anger_你比吴亦凡帅,我同意",2,ESD
"ESD_0005_anger_我没有忽悠你,机器人",2,ESD
ESD_0005_anger_最初我的工作是当一名,2,ESD
ESD_0005_anger_陪你度过这漫长的黑夜,2,ESD
ESD_0005_anger_这是我在旅游第四天拍,2,ESD
ESD_0005_anger_这句话的意义我不太明,2,ESD
ESD_0005_anger_我们想等一个合适的时,2,ESD
"ESD_0005_anger_我很伤心,我准备去网",2,ESD
ESD_0005_anger_这可真不像是场英超比,2,ESD
ESD_0005_anger_他好像是被他女友给甩,2,ESD
ESD_0005_anger_也许反倒是件好事,2,ESD
ESD_0005_anger_听起来很厉害的样子!,2,ESD
ESD_0005_anger_我必须再次感谢您的慷,2,ESD
"ESD_0005_anger_我是淑女,只会讲文明",2,ESD
ESD_0005_anger_这可是我学会的第一首,2,ESD
ESD_0005_anger_谁都有烦的时候。,2,ESD
"ESD_0005_anger_是很棒的一款手机,性",2,ESD
ESD_0005_anger_没有找到你想删除的闹,2,ESD
"ESD_0005_anger_很大,令人兴奋但是嘈",2,ESD
"ESD_0005_anger_沈阳明天有雷阵雨,多",2,ESD
ESD_0005_anger_但梅花往往被很多人忽,2,ESD
"ESD_0005_anger_只要不违法,我还是想",2,ESD
ESD_0005_anger_然后再找一个音乐播放,2,ESD
"ESD_0005_anger_我当然喜欢,我很注意",2,ESD
"ESD_0005_anger_是的,所以我永不喝它",2,ESD
"ESD_0005_anger_我真兴奋,我终于有自",2,ESD
ESD_0005_anger_我想说我也这样认为的,2,ESD
ESD_0005_anger_绝对不可以走到湖的中,2,ESD
"ESD_0005_anger_晚安,么么哒,满天都",2,ESD
"ESD_0005_anger_有些人划船,有的人在",2,ESD
ESD_0005_anger_我想所有中国人都会打,2,ESD
ESD_0005_anger_有充足的时间购物和观,2,ESD
"ESD_0005_anger_自己保重,记得要常联",2,ESD
"ESD_0005_anger_门儿都没有,现在还不",2,ESD
"ESD_0005_anger_我太喜欢听了,所以不",2,ESD
"ESD_0005_anger_我随时都在,有没有梦",2,ESD
"ESD_0005_anger_不会,不过我很喜欢单",2,ESD
ESD_0005_anger_还有聊天记录。,2,ESD
"ESD_0005_anger_在法国南部,气候常年",2,ESD
ESD_0005_anger_哪天我也许得和他谈谈,2,ESD
"ESD_0005_anger_振作点儿,我看了屏幕",2,ESD
"ESD_0005_anger_我是银灰色的,我都被",2,ESD
"ESD_0005_anger_文学和经济,我喜欢很",2,ESD
"ESD_0005_anger_赌博往往是个祸根,",2,ESD
"ESD_0005_anger_三个,两个儿子一个女",2,ESD
"ESD_0005_anger_祝你春节快乐,全家幸",2,ESD
"ESD_0005_anger_是的,我刚撞到了桌子",2,ESD
"ESD_0005_anger_这个我相信,我是登山",2,ESD
"ESD_0005_anger_播放歌单收藏,脑筋可",2,ESD
ESD_0005_anger_我希望你能和我一起想,2,ESD
ESD_0005_anger_我一直到清晨四点才到,2,ESD
ESD_0005_anger_我刚从苏格兰回来。,2,ESD
ESD_0005_anger_我支持你。它是需要重,2,ESD
ESD_0005_anger_我在一个机械化农场做,2,ESD
ESD_0005_anger_有时内在美更加重要。,2,ESD
ESD_0005_anger_我去查查篮球相关的知,2,ESD
"ESD_0005_anger_已经怀孕四个半月了,",2,ESD
"ESD_0005_anger_这局我让你开,今天我",2,ESD
ESD_0005_anger_我们休息一下喝杯咖啡,2,ESD
"ESD_0005_anger_如果她拒绝我,我会死",2,ESD
ESD_0005_anger_旅行结束后我将休息一,2,ESD
ESD_0005_anger_现在全城的人都要向我,2,ESD
ESD_0005_anger_我需要插着电源才能说,2,ESD
ESD_0005_anger_每次你看到一些时尚衣,2,ESD
ESD_0005_anger_你看上去比以前更漂亮,2,ESD
"ESD_0005_anger_下午好,蒂娜,我想我",2,ESD
ESD_0005_anger_家里有全自动洗衣机。,2,ESD
"ESD_0005_anger_谢谢你来这里,告诉我",2,ESD
"ESD_0005_anger_不是很喜欢,你把我绕",2,ESD
"ESD_0005_anger_等待你的指令,随时可",2,ESD
ESD_0005_anger_他对谁都那么友好。,2,ESD
ESD_0005_anger_我喜欢吃中餐。,2,ESD
"ESD_0005_anger_尽管提意见,我会改正",2,ESD
"ESD_0005_anger_这么多笑话,一天讲不",2,ESD
"ESD_0005_anger_我讨厌吃醋,偶是不懂",2,ESD
ESD_0005_anger_我们下午可以在湖里划,2,ESD
ESD_0005_anger_但是有时夏天比其它季,2,ESD
"ESD_0005_anger_我们相处得很好,仅此",2,ESD
ESD_0005_anger_于是我就问她能不能连,2,ESD
ESD_0005_anger_我想要那种新款的美国,2,ESD
ESD_0005_anger_错过这村可就没这个店,2,ESD
"ESD_0005_anger_我曾经养过,我太高兴",2,ESD
ESD_0005_anger_他们将于今年夏天结婚,2,ESD
"ESD_0005_anger_谢谢你的夸奖,鲍伯上",2,ESD
"ESD_0005_anger_你看起来很高兴,眼睛",2,ESD
ESD_0005_anger_年轻人当然要承担责任,2,ESD
ESD_0005_anger_不要乱问女孩子的年龄,2,ESD
ESD_0005_anger_每天晚上跟你互道晚安,2,ESD
ESD_0005_anger_我会在你的脸上画鬼脸,2,ESD
"ESD_0005_anger_我缺钱用,所以上星期",2,ESD
ESD_0005_anger_许多白领都参加到这个,2,ESD
"ESD_0005_anger_很漂亮,不过人多拥挤",2,ESD
"ESD_0005_anger_别总是闲着,找点事情",2,ESD
"ESD_0005_anger_好好休息一下,这个小",2,ESD
ESD_0005_anger_这两块是唐朝不同时期,2,ESD
"ESD_0005_anger_我喜欢你的黑衣服,你",2,ESD
"ESD_0005_anger_是的,真是名副其实。",2,ESD
"ESD_0005_anger_是很难听的脏话,主人",2,ESD
"ESD_0005_happiness_打远一看,它们的确很",1,ESD
ESD_0005_happiness_英国的哲学家曾经说过,1,ESD
ESD_0005_happiness_我老家在北京。,1,ESD
ESD_0005_happiness_不管怎么说主队好象是,1,ESD
"ESD_0005_happiness_我们乘船漂游了三峡,",1,ESD
ESD_0005_happiness_我喜欢“北京欢迎你”,1,ESD
ESD_0005_happiness_我每个月打一次电话。,1,ESD
ESD_0005_happiness_沙尘暴好像给每个人都,1,ESD
"ESD_0005_happiness_就是这个意思,你又聪",1,ESD
ESD_0005_happiness_个人收藏家!他们肯定,1,ESD
ESD_0005_happiness_妇女节快乐。我永远爱,1,ESD
ESD_0005_happiness_你每次谈恋爱都像现在,1,ESD
"ESD_0005_happiness_周末的我,只忙着陪你",1,ESD
"ESD_0005_happiness_谁你也不认识,我很乐",1,ESD
ESD_0005_happiness_我特别喜欢网球和登山,1,ESD
ESD_0005_happiness_他一定是一眼就被你迷,1,ESD
ESD_0005_happiness_很快你上大学就用得到,1,ESD
"ESD_0005_happiness_我们意见不和,咱们去",1,ESD
"ESD_0005_happiness_不就是你嘛,为什么要",1,ESD
ESD_0005_happiness_前几天我碰见了一件有,1,ESD
ESD_0005_happiness_已经播至该专辑最后一,1,ESD
ESD_0005_happiness_我和我朋友刚从巴厘岛,1,ESD
ESD_0005_happiness_做一些好吃的促进宝宝,1,ESD
ESD_0005_happiness_你的身影总是在我心里,1,ESD
ESD_0005_happiness_我觉得并不是非要有特,1,ESD
"ESD_0005_happiness_是的,他很狡猾,经常",1,ESD
ESD_0005_happiness_工厂不把它直接排到大,1,ESD
"ESD_0005_happiness_没错,就是车门。另外",1,ESD
"ESD_0005_happiness_很可爱啊,就像你一样",1,ESD
"ESD_0005_happiness_除非你打飞碟球,但这",1,ESD
"ESD_0005_happiness_没听清,请问什么时间",1,ESD
ESD_0005_happiness_我遇到了一位漂亮的女,1,ESD
"ESD_0005_happiness_我是青蛙,不用冬眠的",1,ESD
"ESD_0005_happiness_那是马特,他肯定很勇",1,ESD
ESD_0005_happiness_这样无辜的人就不会被,1,ESD
ESD_0005_happiness_我必须一直通电才能工,1,ESD
ESD_0005_happiness_我和我的妻子盼望着和,1,ESD
"ESD_0005_happiness_当然是了,我现在快饿",1,ESD
"ESD_0005_happiness_没有找到日程,走的时",1,ESD
ESD_0005_happiness_是一家制药公司的短期,1,ESD
"ESD_0005_happiness_姐忙得很,没空和你说",1,ESD
"ESD_0005_happiness_我会暖被窝了,逗你的",1,ESD
"ESD_0005_happiness_这样的话,我们可以选",1,ESD
"ESD_0005_happiness_比方说,“华尔街日报",1,ESD
ESD_0005_happiness_我知道人生并不总是一,1,ESD
ESD_0005_happiness_我们可以轮流开车。,1,ESD
ESD_0005_happiness_这是台湾地区最大的动,1,ESD
"ESD_0005_happiness_时候不早了,我来了,",1,ESD
ESD_0005_happiness_递给我一些彩球和纸花,1,ESD
"ESD_0005_happiness_每次叫我都不给红包,",1,ESD
"ESD_0005_happiness_没关系,也许他老婆会",1,ESD
ESD_0005_happiness_你不应该害怕开始一段,1,ESD
"ESD_0005_happiness_我肯定会的,那以后我",1,ESD
ESD_0005_happiness_我是基于人工智能系统,1,ESD
ESD_0005_happiness_它实际会形成一氧化碳,1,ESD
ESD_0005_happiness_我参加了一个有关全球,1,ESD
"ESD_0005_happiness_跳舞好难呀,我还正在",1,ESD
ESD_0005_happiness_让人看上去就感到宽广,1,ESD
"ESD_0005_happiness_只要是我能玩好的,我",1,ESD
ESD_0005_happiness_坐地铁只需要大约二十,1,ESD
ESD_0005_happiness_下个月我姐姐要结婚了,1,ESD
ESD_0005_happiness_我是顺路过来跟你告别,1,ESD
ESD_0005_happiness_你知道我很努力地在戒,1,ESD
"ESD_0005_happiness_我告退了,晚上回去拍",1,ESD
"ESD_0005_happiness_一点也不差,先把握好",1,ESD
ESD_0005_happiness_我们可以去钓鱼、聊天,1,ESD
ESD_0005_happiness_你深深地印在我的脑海,1,ESD
ESD_0005_happiness_我应该给女朋友买玫瑰,1,ESD
"ESD_0005_happiness_以后不要喝那么多了,",1,ESD
"ESD_0005_happiness_心动不如行动,我不太",1,ESD
ESD_0005_happiness_只要令人鼓舞的电影我,1,ESD
ESD_0005_happiness_资料全都不见了。气死,1,ESD
ESD_0005_happiness_她总是带香甜甜的微笑,1,ESD
ESD_0005_happiness_今年应该是第二十七个,1,ESD
ESD_0005_happiness_我也想去看可爱的熊猫,1,ESD
"ESD_0005_happiness_是的,你是个大块头,",1,ESD
"ESD_0005_happiness_奏婚礼进行曲了,他们",1,ESD
"ESD_0005_happiness_它们的设计外形小巧,",1,ESD
ESD_0005_happiness_人们当然都叫他“奥林,1,ESD
"ESD_0005_happiness_看呀,我们差不多就装",1,ESD
ESD_0005_happiness_这个镇上所有的人都喜,1,ESD
ESD_0005_happiness_听说你要去香港看你叔,1,ESD
ESD_0005_happiness_你身上的每一点都吸引,1,ESD
ESD_0005_happiness_他好像跟他的秘书有过,1,ESD
"ESD_0005_happiness_是啊,他的健康我总放",1,ESD
"ESD_0005_happiness_真想不到,游泳竟有如",1,ESD
ESD_0005_happiness_是没什么但是挺别扭的,1,ESD
"ESD_0005_happiness_香港海洋公园,主人快",1,ESD
"ESD_0005_happiness_是个冰淇淋,桃花确实",1,ESD
"ESD_0005_happiness_还不太糟糕,但是得躺",1,ESD
ESD_0005_happiness_如果有我能帮忙的请告,1,ESD
ESD_0005_happiness_不会这么凑巧吧!我也,1,ESD
ESD_0005_happiness_别不好意思。再多吃些,1,ESD
"ESD_0005_happiness_很神奇的样子,我搞不",1,ESD
ESD_0005_happiness_我倒是有一个爱好――,1,ESD
ESD_0005_happiness_别小看我这发型!我还,1,ESD
ESD_0005_happiness_你女儿和她妈妈长得很,1,ESD
ESD_0005_happiness_我只会斗斗地主什么的,1,ESD
"ESD_0005_happiness_得了吧,别这么胆小啦",1,ESD
ESD_0005_happiness_就经常去我们宿舍附近,1,ESD
"ESD_0005_happiness_很快,车就可自动开了",1,ESD
"ESD_0005_happiness_我昨天遇到马克,他看",1,ESD
"ESD_0005_happiness_感觉好温暖呀,好的,",1,ESD
ESD_0005_happiness_没有找到蒸鱼的计时。,1,ESD
"ESD_0005_happiness_我们俩合不来,还经常",1,ESD
"ESD_0005_happiness_做不了什么,通常我会",1,ESD
ESD_0005_happiness_我的表两点四十二。可,1,ESD
ESD_0005_happiness_让我们看看哪一种球技,1,ESD
ESD_0005_happiness_我其实挺饿的。,1,ESD
ESD_0005_happiness_自己的事情要自己做。,1,ESD
ESD_0005_happiness_每天早晨都是我妈妈帮,1,ESD
"ESD_0005_happiness_那棒极了,其实心情挺",1,ESD
"ESD_0005_happiness_玛丽,你看来很喜欢挖",1,ESD
"ESD_0005_happiness_我也是,我还有点儿口",1,ESD
"ESD_0005_happiness_真是个好习惯,通常看",1,ESD
"ESD_0005_happiness_没有,不过,我们去了",1,ESD
"ESD_0005_happiness_快点起床,我在公寓门",1,ESD
ESD_0005_happiness_你的同学把你给捉弄了,1,ESD
"ESD_0005_happiness_不过我想星期五走,",1,ESD
ESD_0005_happiness_你还真是考虑周到。,1,ESD
ESD_0005_happiness_那你就离市区很远了。,1,ESD
"ESD_0005_happiness_汤姆是个好人,但却赌",1,ESD
ESD_0005_happiness_那你就说你为之神魂颠,1,ESD
"ESD_0005_happiness_是的,请返还我的钱,",1,ESD
"ESD_0005_happiness_如果你想要纹身,你去",1,ESD
"ESD_0005_happiness_不是,他住在沃斯盾的",1,ESD
ESD_0005_happiness_你说我们在芝加哥要待,1,ESD
ESD_0005_happiness_这些颜色也不太适合你,1,ESD
"ESD_0005_happiness_对别人没有,而对我就",1,ESD
ESD_0005_happiness_我的希望是工作到倒下,1,ESD
ESD_0005_happiness_吝啬鬼!他每天还骑自,1,ESD
ESD_0005_happiness_是你最牵挂的那个女人,1,ESD
ESD_0005_happiness_是不是依然觉得我很可,1,ESD
ESD_0005_happiness_多教我些东西我会更聪,1,ESD
ESD_0005_happiness_我要学习一下相关知识,1,ESD
ESD_0005_happiness_我喜欢几乎所有的运动,1,ESD
ESD_0005_happiness_也许能帮助你把事情弄,1,ESD
ESD_0005_happiness_我总是控制不了它。,1,ESD
ESD_0005_happiness_他们的配合值得我们学,1,ESD
ESD_0005_happiness_我也知道自己是大嘴巴,1,ESD
"ESD_0005_happiness_你可以去问鹦鹉啊,鹦",1,ESD
"ESD_0005_happiness_是啊,我还是个乳臭未",1,ESD
"ESD_0005_happiness_女孩的心思你别猜,但",1,ESD
ESD_0005_happiness_节食减肥很痛苦。,1,ESD
"ESD_0005_happiness_听大自然的声响,就像",1,ESD
"ESD_0005_happiness_现在,我仍然有点紧张",1,ESD
ESD_0005_happiness_不知道。或许一双新鞋,1,ESD
ESD_0005_happiness_有事记得喊我。,1,ESD
"ESD_0005_happiness_你好,布赖恩,正好四",1,ESD
ESD_0005_happiness_这样子比较有趣。,1,ESD
"ESD_0005_happiness_我也最喜欢你,不要开",1,ESD
ESD_0005_happiness_小心脚下。人行道上有,1,ESD
ESD_0005_happiness_我们还等什么,1,ESD
"ESD_0005_happiness_我还不会说其他外语,",1,ESD
ESD_0005_happiness_我只打算放松一下自己,1,ESD
ESD_0005_happiness_承蒙邀请参加你的婚礼,1,ESD
"ESD_0005_happiness_你知道,有时候病人会",1,ESD
ESD_0005_happiness_我的性格就是冷静并且,1,ESD
ESD_0005_happiness_我不会牺牲我的健康来,1,ESD
ESD_0005_happiness_当然!他是我们大学的,1,ESD
ESD_0005_happiness_他讲的笑话让我笑个不,1,ESD
ESD_0005_happiness_原来你也在玩这个,1,ESD
ESD_0005_happiness_我还不知道你认识弗兰,1,ESD
ESD_0005_happiness_我曾在一家船运公司里,1,ESD
ESD_0005_happiness_其实我们前天已经分手,1,ESD
ESD_0005_happiness_我想那些应该是草莓的,1,ESD
"ESD_0005_happiness_太妙了,我想换一些日",1,ESD
"ESD_0005_happiness_你得先回答我,你最喜",1,ESD
"ESD_0005_happiness_让我再想想,真相已经",1,ESD
ESD_0005_happiness_这样你就有时间挥拍打,1,ESD
"ESD_0005_happiness_你这个小气鬼,很不幸",1,ESD
"ESD_0005_happiness_我是个学生,服务器响",1,ESD
ESD_0005_happiness_一套古瓷器。它真的很,1,ESD
ESD_0005_happiness_他在这次竞选活动中花,1,ESD
"ESD_0005_happiness_她此刻失业了,你最好",1,ESD
"ESD_0005_happiness_带上你的家人,但是他",1,ESD
ESD_0005_happiness_你在我的心里折腾好久,1,ESD
"ESD_0005_happiness_你转一个,我想学习下",1,ESD
"ESD_0005_happiness_她和维克分手了,所以",1,ESD
ESD_0005_happiness_冬天雨非常多。我不喜,1,ESD
ESD_0005_happiness_时间对珍尼来说是没有,1,ESD
ESD_0005_happiness_大概足够支持我生活三,1,ESD
ESD_0005_happiness_你绝对猜不到她准备要,1,ESD
ESD_0005_happiness_二零一六年十一月五号,1,ESD
"ESD_0005_happiness_今天真凉快,我希望主",1,ESD
ESD_0005_happiness_软妹子生气会说:讨厌,1,ESD
ESD_0005_happiness_我们一起为他办个惊喜,1,ESD
ESD_0005_happiness_以后我要经常来这儿爬,1,ESD
"ESD_0005_happiness_我是一名教师,你可是",1,ESD
ESD_0005_happiness_上海现在是下午四点三,1,ESD
ESD_0005_happiness_别问了!说多了都是眼,1,ESD
ESD_0005_happiness_如果我滚远了就回不来,1,ESD
ESD_0005_happiness_带女友出去好好吃上一,1,ESD
"ESD_0005_happiness_炖肉一小时,剩余三十",1,ESD
ESD_0005_happiness_我以为你们国家的人都,1,ESD
"ESD_0005_happiness_我饿啦,我想去吃点东",1,ESD
"ESD_0005_happiness_为什么不,交朋友不分",1,ESD
"ESD_0005_happiness_当然知道,我们各有千",1,ESD
"ESD_0005_happiness_我喜欢你的干净整洁,",1,ESD
ESD_0005_happiness_我已经习惯这种气候了,1,ESD
ESD_0005_happiness_也就是一大堆照片。,1,ESD
"ESD_0005_happiness_那就一会再说,我好害",1,ESD
ESD_0005_happiness_希望我有一天也可以去,1,ESD
"ESD_0005_happiness_你昨天才买衣服,真是",1,ESD
"ESD_0005_happiness_还要叫她起床,怎么会",1,ESD
"ESD_0005_happiness_是的,我知道,患难见",1,ESD
"ESD_0005_happiness_我是萌萌哒,你是呆呆",1,ESD
ESD_0005_happiness_你可以在那儿呆上至少,1,ESD
ESD_0005_happiness_对不起我把咖啡洒在桌,1,ESD
"ESD_0005_happiness_也不算,她有的歌我都",1,ESD
ESD_0005_happiness_我对养花已经厌倦了。,1,ESD
ESD_0005_happiness_我要陪你一路走下去。,1,ESD
ESD_0005_happiness_裁判全给了满分。,1,ESD
"ESD_0005_happiness_当然,我简直离开音乐",1,ESD
"ESD_0005_happiness_拜拜,明天要再来和小",1,ESD
ESD_0005_happiness_碰到喜欢的女孩子要主,1,ESD
ESD_0005_happiness_他的收支几乎不能平衡,1,ESD
"ESD_0005_happiness_明天是星期天,我们去",1,ESD
ESD_0005_happiness_大部分都是用诱饵钓到,1,ESD
"ESD_0005_happiness_所以你必须要坚持,时",1,ESD
ESD_0005_happiness_我非常支持人们走进太,1,ESD
ESD_0005_happiness_我的老朋友汉森就住在,1,ESD
ESD_0005_happiness_听起来你们玩得也很开,1,ESD
ESD_0005_happiness_这个对我来说有点难!,1,ESD
"ESD_0005_happiness_差不多,我们俩都很热",1,ESD
"ESD_0005_happiness_你要做爸爸了,真让人",1,ESD
ESD_0005_happiness_我真受不了城里那么大,1,ESD
ESD_0005_happiness_好的。新的音乐厅有一,1,ESD
"ESD_0005_happiness_这个位置不错,下车。",1,ESD
"ESD_0005_happiness_那不打扰你了,我不敢",1,ESD
"ESD_0005_happiness_最近很冷,风又大。",1,ESD
ESD_0005_happiness_我最近正在努力练习棋,1,ESD
"ESD_0005_happiness_拜托,别跟我提到笔记",1,ESD
ESD_0005_happiness_它是一个主要的空气污,1,ESD
"ESD_0005_happiness_我爱运动,但是对篮球",1,ESD
"ESD_0005_happiness_我不需要嗅觉,所以没",1,ESD
"ESD_0005_happiness_雪下得真大,带着我去",1,ESD
ESD_0005_happiness_我不这么认为。我们沿,1,ESD
"ESD_0005_happiness_食物也很美味,更不用",1,ESD
ESD_0005_happiness_大约一个小时左右。,1,ESD
ESD_0005_happiness_请勿进入竹林。不让进,1,ESD
ESD_0005_happiness_为了不让鱼吃掉诗人的,1,ESD
ESD_0005_happiness_那样的话你应该穿讲究,1,ESD
ESD_0005_happiness_我的直系亲属人数不多,1,ESD
ESD_0005_happiness_贾尼斯突然兴奋地大叫,1,ESD
ESD_0005_happiness_领带对男人来说真必不,1,ESD
ESD_0005_happiness_没有为什么就是要等我,1,ESD
ESD_0005_happiness_我不怎么在乎这个店有,1,ESD
ESD_0005_happiness_我最好的朋友就约会过,1,ESD
"ESD_0005_happiness_我不用转头,不需要脖",1,ESD
"ESD_0005_happiness_没看过小说,只有人类",1,ESD
ESD_0005_happiness_我是个游戏迷。,1,ESD
"ESD_0005_happiness_你比吴亦凡帅,我同意",1,ESD
"ESD_0005_happiness_我没有忽悠你,机器人",1,ESD
ESD_0005_happiness_最初我的工作是当一名,1,ESD
ESD_0005_happiness_陪你度过这漫长的黑夜,1,ESD
ESD_0005_happiness_这是我在旅游第四天拍,1,ESD
ESD_0005_happiness_这句话的意义我不太明,1,ESD
ESD_0005_happiness_我们想等一个合适的时,1,ESD
"ESD_0005_happiness_我很伤心,我准备去网",1,ESD
ESD_0005_happiness_这可真不像是场英超比,1,ESD
ESD_0005_happiness_他好像是被他女友给甩,1,ESD
ESD_0005_happiness_也许反倒是件好事,1,ESD
ESD_0005_happiness_听起来很厉害的样子!,1,ESD
ESD_0005_happiness_我必须再次感谢您的慷,1,ESD
"ESD_0005_happiness_我是淑女,只会讲文明",1,ESD
ESD_0005_happiness_这可是我学会的第一首,1,ESD
ESD_0005_happiness_谁都有烦的时候。,1,ESD
"ESD_0005_happiness_是很棒的一款手机,性",1,ESD
ESD_0005_happiness_没有找到你想删除的闹,1,ESD
"ESD_0005_happiness_很大,令人兴奋但是嘈",1,ESD
"ESD_0005_happiness_沈阳明天有雷阵雨,多",1,ESD
ESD_0005_happiness_但梅花往往被很多人忽,1,ESD
"ESD_0005_happiness_只要不违法,我还是想",1,ESD
ESD_0005_happiness_然后再找一个音乐播放,1,ESD
"ESD_0005_happiness_我当然喜欢,我很注意",1,ESD
"ESD_0005_happiness_是的,所以我永不喝它",1,ESD
"ESD_0005_happiness_我真兴奋,终于有自己",1,ESD
ESD_0005_happiness_我想说我也这样认为的,1,ESD
ESD_0005_happiness_绝对不可以走到湖的中,1,ESD
"ESD_0005_happiness_晚安,么么哒,满天都",1,ESD
"ESD_0005_happiness_有些人划船,有的人在",1,ESD
ESD_0005_happiness_我想所有中国人都会打,1,ESD
ESD_0005_happiness_有充足的时间购物和观,1,ESD
"ESD_0005_happiness_自己保重,记得要常联",1,ESD
"ESD_0005_happiness_门儿都没有,现在还不",1,ESD
"ESD_0005_happiness_我太喜欢听了,所以不",1,ESD
"ESD_0005_happiness_我随时都在,有没有梦",1,ESD
"ESD_0005_happiness_不会,不过我很喜欢单",1,ESD
ESD_0005_happiness_还有聊天记录。,1,ESD
"ESD_0005_happiness_在法国南部,气候常年",1,ESD
ESD_0005_happiness_哪天我也许得和他谈谈,1,ESD
"ESD_0005_happiness_振作点儿,我看了屏幕",1,ESD
"ESD_0005_happiness_我是银灰色的,我都被",1,ESD
"ESD_0005_happiness_文学和经济,我喜欢很",1,ESD
"ESD_0005_happiness_赌博往往是个祸根,",1,ESD
"ESD_0005_happiness_三个,两个儿子一个女",1,ESD
"ESD_0005_happiness_祝你春节快乐,全家幸",1,ESD
"ESD_0005_happiness_是的,我刚撞到了桌子",1,ESD
"ESD_0005_happiness_这个我相信,我是登山",1,ESD
"ESD_0005_happiness_播放歌单收藏,脑筋可",1,ESD
ESD_0005_happiness_我希望你能和我一起想,1,ESD
ESD_0005_happiness_我一直到零晨四点才到,1,ESD
ESD_0005_happiness_我刚从苏格兰回来。,1,ESD
ESD_0005_happiness_我支持你。它是需要重,1,ESD
ESD_0005_happiness_我在一个机械化农场做,1,ESD
ESD_0005_happiness_有时内在美更加重要。,1,ESD
ESD_0005_happiness_我去查查篮球相关的知,1,ESD
"ESD_0005_happiness_已经怀孕四个半月了,",1,ESD
"ESD_0005_happiness_这局我让你开,今天我",1,ESD
ESD_0005_happiness_我们休息一下喝杯咖啡,1,ESD
"ESD_0005_happiness_如果她拒绝我,我会死",1,ESD
ESD_0005_happiness_旅行结束后我将休息一,1,ESD
ESD_0005_happiness_现在全城的人都要向我,1,ESD
ESD_0005_happiness_我需要插着电源才能说,1,ESD
ESD_0005_happiness_每次你看到一些时尚衣,1,ESD
ESD_0005_happiness_你看上去比以前更漂亮,1,ESD
"ESD_0005_happiness_下午好,蒂娜,我想我",1,ESD
ESD_0005_happiness_家里有全自动洗衣机。,1,ESD
"ESD_0005_happiness_谢谢你来这里,告诉我",1,ESD
"ESD_0005_happiness_不是很喜欢,你把我绕",1,ESD
"ESD_0005_happiness_等待你的指令,随时可",1,ESD
ESD_0005_happiness_他对谁都那么友好。,1,ESD
ESD_0005_happiness_我喜欢吃中餐。,1,ESD
"ESD_0005_happiness_尽管提意见,我会改正",1,ESD
"ESD_0005_happiness_这么多笑话,一天讲不",1,ESD
"ESD_0005_happiness_我讨厌吃醋,偶是不懂",1,ESD
ESD_0005_happiness_我们下午可以在湖里划,1,ESD
ESD_0005_happiness_但是有时夏天比其它季,1,ESD
"ESD_0005_happiness_我们相处得很好,仅此",1,ESD
ESD_0005_happiness_于是我就问她能不能连,1,ESD
ESD_0005_happiness_我想要那种新款的美国,1,ESD
ESD_0005_happiness_错过这村可就没这个店,1,ESD
"ESD_0005_happiness_我曾经养过,我太高兴",1,ESD
ESD_0005_happiness_他们将于今年夏天结婚,1,ESD
"ESD_0005_happiness_谢谢你的夸奖,鲍伯上",1,ESD
"ESD_0005_happiness_你看起来很高兴,眼睛",1,ESD
ESD_0005_happiness_年轻人当然要承担责任,1,ESD
ESD_0005_happiness_不要乱问女孩子的年龄,1,ESD
ESD_0005_happiness_每天晚上跟你互道晚安,1,ESD
ESD_0005_happiness_我会在你的脸上画鬼脸,1,ESD
"ESD_0005_happiness_我缺钱用,所以上星期",1,ESD
ESD_0005_happiness_许多白领都参加到这个,1,ESD
"ESD_0005_happiness_很漂亮,不过人多拥挤",1,ESD
"ESD_0005_happiness_别总是闲着,找点事情",1,ESD
"ESD_0005_happiness_好好休息一下,这个小",1,ESD
ESD_0005_happiness_这两块是唐朝不同时期,1,ESD
"ESD_0005_happiness_我喜欢你的黑衣服,你",1,ESD
"ESD_0005_happiness_是的,真是名副其实。",1,ESD
"ESD_0005_happiness_是很难听的脏话,主人",1,ESD
"ESD_0005_neutral_打远一看,它们的确很",0,ESD
ESD_0005_neutral_英国的哲学家曾经说过,0,ESD
ESD_0005_neutral_我老家在北京。,0,ESD
ESD_0005_neutral_不管怎么说主队好象是,0,ESD
"ESD_0005_neutral_我们乘船漂游了三峡,",0,ESD
ESD_0005_neutral_我喜欢“北京欢迎你”,0,ESD
ESD_0005_neutral_我每个月打一次电话。,0,ESD
ESD_0005_neutral_沙尘暴好像给每个人都,0,ESD
"ESD_0005_neutral_就是这个意思,你又聪",0,ESD
ESD_0005_neutral_个人收藏家!他们肯定,0,ESD
ESD_0005_neutral_妇女节快乐。我永远爱,0,ESD
ESD_0005_neutral_你每次谈恋爱都像现在,0,ESD
"ESD_0005_neutral_周末的我,只忙着陪你",0,ESD
"ESD_0005_neutral_谁你也不认识,我很乐",0,ESD
ESD_0005_neutral_我特别喜欢网球和登山,0,ESD
ESD_0005_neutral_他一定是一眼就被你迷,0,ESD
ESD_0005_neutral_很快你上大学就用得到,0,ESD
"ESD_0005_neutral_我们意见不和,咱们去",0,ESD
"ESD_0005_neutral_不就是你嘛,为什么要",0,ESD
ESD_0005_neutral_前几天我碰见了一件有,0,ESD
ESD_0005_neutral_已经播至该专辑最后一,0,ESD
ESD_0005_neutral_我和我朋友刚从巴厘岛,0,ESD
ESD_0005_neutral_做一些好吃的促进宝宝,0,ESD
ESD_0005_neutral_你的身影总是在我心里,0,ESD
ESD_0005_neutral_我觉得并不是非要有特,0,ESD
"ESD_0005_neutral_是的,他很狡猾,经常",0,ESD
ESD_0005_neutral_工厂不把它直接排到大,0,ESD
"ESD_0005_neutral_没错,就是车门。另外",0,ESD
"ESD_0005_neutral_很可爱啊,就像你一样",0,ESD
"ESD_0005_neutral_除非你打飞碟球,但这",0,ESD
"ESD_0005_neutral_没听清,请问什么时间",0,ESD
ESD_0005_neutral_我遇到了一位漂亮的女,0,ESD
"ESD_0005_neutral_我是青蛙,不用冬眠的",0,ESD
"ESD_0005_neutral_那是马特,他肯定很勇",0,ESD
ESD_0005_neutral_这样无辜的人就不会被,0,ESD
ESD_0005_neutral_我必须一直通电才能工,0,ESD
ESD_0005_neutral_我和我的妻子盼望着和,0,ESD
"ESD_0005_neutral_当然是了,我现在快饿",0,ESD
"ESD_0005_neutral_没有找到日程,走的时",0,ESD
ESD_0005_neutral_是一家制药公司的短期,0,ESD
"ESD_0005_neutral_姐忙得很,没空和你说",0,ESD
"ESD_0005_neutral_我会暖被窝了,逗你的",0,ESD
"ESD_0005_neutral_这样的话,我们可以选",0,ESD
"ESD_0005_neutral_比方说,“华尔街日报",0,ESD
ESD_0005_neutral_我知道人生并不总是一,0,ESD
ESD_0005_neutral_我们可以轮流开车。,0,ESD
ESD_0005_neutral_这是台湾地区最大的动,0,ESD
"ESD_0005_neutral_时候不早了,我来了,",0,ESD
ESD_0005_neutral_递给我一些彩球和纸花,0,ESD
"ESD_0005_neutral_每次叫我都不给红包,",0,ESD
"ESD_0005_neutral_没关系,也许他老婆会",0,ESD
ESD_0005_neutral_你不应该害怕开始一段,0,ESD
"ESD_0005_neutral_我肯定会的,那以后我",0,ESD
ESD_0005_neutral_我是基于人工智能系统,0,ESD
ESD_0005_neutral_它实际会形成一氧化碳,0,ESD
ESD_0005_neutral_我参加了一个有关全球,0,ESD
"ESD_0005_neutral_跳舞好难呀,我还正在",0,ESD
ESD_0005_neutral_让人看上去就感到宽广,0,ESD
"ESD_0005_neutral_只要是我能玩好的,我",0,ESD
ESD_0005_neutral_坐地铁只需要大约二十,0,ESD
ESD_0005_neutral_下个月我姐姐要结婚了,0,ESD
ESD_0005_neutral_我是顺路过来跟你告别,0,ESD
ESD_0005_neutral_你知道我很努力地在戒,0,ESD
"ESD_0005_neutral_我告退了,晚上回去拍",0,ESD
"ESD_0005_neutral_一点也不差,先把握好",0,ESD
ESD_0005_neutral_我们可以去钓鱼、聊天,0,ESD
ESD_0005_neutral_你深深地印在我的脑海,0,ESD
ESD_0005_neutral_我应该给女朋友买玫瑰,0,ESD
"ESD_0005_neutral_以后不要喝那么多了,",0,ESD
"ESD_0005_neutral_心动不如行动,我不太",0,ESD
ESD_0005_neutral_只要令人鼓舞的电影我,0,ESD
ESD_0005_neutral_资料全都不见了。气死,0,ESD
ESD_0005_neutral_她总是带香甜甜的微笑,0,ESD
ESD_0005_neutral_今年应该是第二十七个,0,ESD
ESD_0005_neutral_我也想去看可爱的熊猫,0,ESD
"ESD_0005_neutral_是的,你是个大块头,",0,ESD
"ESD_0005_neutral_奏婚礼进行曲了,他们",0,ESD
"ESD_0005_neutral_它们的设计外形小巧,",0,ESD
ESD_0005_neutral_人们当然都叫他“奥林,0,ESD
"ESD_0005_neutral_看呀,我们差不多就装",0,ESD
ESD_0005_neutral_这个镇上所有的人都喜,0,ESD
ESD_0005_neutral_听说你要去香港看你叔,0,ESD
ESD_0005_neutral_你身上的每一点都吸引,0,ESD
ESD_0005_neutral_他好像跟他的秘书有过,0,ESD
"ESD_0005_neutral_是啊,他的健康我总放",0,ESD
"ESD_0005_neutral_真想不到,游泳竟有如",0,ESD
ESD_0005_neutral_是没什么但是挺别扭的,0,ESD
"ESD_0005_neutral_香港海洋公园,主人快",0,ESD
"ESD_0005_neutral_是个冰淇淋,桃花确实",0,ESD
"ESD_0005_neutral_还不太糟糕,但是得躺",0,ESD
ESD_0005_neutral_如果有我能帮忙的请告,0,ESD
ESD_0005_neutral_不会这么凑巧吧!我也,0,ESD
ESD_0005_neutral_别不好意思。再多吃些,0,ESD
"ESD_0005_neutral_很神奇的样子,我搞不",0,ESD
ESD_0005_neutral_我倒是有一个爱好――,0,ESD
ESD_0005_neutral_别小看我这发型!我还,0,ESD
ESD_0005_neutral_你女儿和她妈妈长得很,0,ESD
ESD_0005_neutral_我只会斗斗地主什么的,0,ESD
"ESD_0005_neutral_得了吧,别这么胆小啦",0,ESD
ESD_0005_neutral_就经常去我们宿舍附近,0,ESD
"ESD_0005_neutral_很快,车就可自动开了",0,ESD
"ESD_0005_neutral_我昨天遇到马克,他看",0,ESD
"ESD_0005_neutral_感觉好温暖呀,好的,",0,ESD
ESD_0005_neutral_没有找到蒸鱼的计时。,0,ESD
"ESD_0005_neutral_我们俩合不来,还经常",0,ESD
"ESD_0005_neutral_做不了什么,通常我会",0,ESD
ESD_0005_neutral_我的表两点四十二。可,0,ESD
ESD_0005_neutral_让我们看看哪一种球技,0,ESD
ESD_0005_neutral_我其实挺饿的。,0,ESD
ESD_0005_neutral_自己的事情要自己做。,0,ESD
ESD_0005_neutral_每天早晨都是我妈妈帮,0,ESD
"ESD_0005_neutral_那棒极了,其实心情挺",0,ESD
"ESD_0005_neutral_玛丽,你看来很喜欢挖",0,ESD
"ESD_0005_neutral_我也是,我还有点儿口",0,ESD
"ESD_0005_neutral_真是个好习惯,通常看",0,ESD
"ESD_0005_neutral_没有,不过,我们去了",0,ESD
"ESD_0005_neutral_快点起床,我在公寓门",0,ESD
ESD_0005_neutral_你的同学把你给捉弄了,0,ESD
"ESD_0005_neutral_不过我想星期五走,",0,ESD
ESD_0005_neutral_你还真是考虑周到。,0,ESD
ESD_0005_neutral_那你就离市区很远了。,0,ESD
"ESD_0005_neutral_汤姆是个好人,但却赌",0,ESD
ESD_0005_neutral_那你就说你为之神魂颠,0,ESD
"ESD_0005_neutral_是的,请返还我的钱,",0,ESD
"ESD_0005_neutral_如果你想要纹身,你去",0,ESD
"ESD_0005_neutral_不是,他住在沃斯盾的",0,ESD
ESD_0005_neutral_你说我们在芝加哥要待,0,ESD
ESD_0005_neutral_这些颜色也不太适合你,0,ESD
"ESD_0005_neutral_对别人没有,而对我就",0,ESD
ESD_0005_neutral_我的希望是工作到倒下,0,ESD
ESD_0005_neutral_吝啬鬼!他每天还骑自,0,ESD
ESD_0005_neutral_是你最牵挂的那个女人,0,ESD
ESD_0005_neutral_是不是依然觉得我很可,0,ESD
ESD_0005_neutral_多教我些东西我会更聪,0,ESD
ESD_0005_neutral_我要学习一下相关知识,0,ESD
ESD_0005_neutral_我喜欢几乎所有的运动,0,ESD
ESD_0005_neutral_也许能帮助你把事情弄,0,ESD
ESD_0005_neutral_我总是控制不了它。,0,ESD
ESD_0005_neutral_他们的配合值得我们学,0,ESD
ESD_0005_neutral_我也知道自己是大嘴巴,0,ESD
"ESD_0005_neutral_你可以去问鹦鹉啊,鹦",0,ESD
"ESD_0005_neutral_是啊,我还是个乳臭未",0,ESD
"ESD_0005_neutral_女孩的心思你别猜,但",0,ESD
ESD_0005_neutral_节食减肥很痛苦。,0,ESD
"ESD_0005_neutral_听大自然的声响,就像",0,ESD
"ESD_0005_neutral_现在,我仍然有点紧张",0,ESD
ESD_0005_neutral_不知道。或许一双新鞋,0,ESD
ESD_0005_neutral_有事记得喊我。,0,ESD
"ESD_0005_neutral_你好,布赖恩,正好四",0,ESD
ESD_0005_neutral_这样子比较有趣。,0,ESD
"ESD_0005_neutral_我也最喜欢你,不要开",0,ESD
ESD_0005_neutral_小心脚下。人行道上有,0,ESD
ESD_0005_neutral_我们还等什么,0,ESD
"ESD_0005_neutral_我还不会说其他外语,",0,ESD
ESD_0005_neutral_我只打算放松一下自己,0,ESD
ESD_0005_neutral_承蒙邀请参加你的婚礼,0,ESD
"ESD_0005_neutral_你知道,有时候病人会",0,ESD
ESD_0005_neutral_我的性格就是冷静并且,0,ESD
ESD_0005_neutral_我不会牺牲我的健康来,0,ESD
ESD_0005_neutral_当然!他是我们大学的,0,ESD
ESD_0005_neutral_他讲的笑话让我笑个不,0,ESD
ESD_0005_neutral_原来你也在玩这个,0,ESD
ESD_0005_neutral_我还不知道你认识弗兰,0,ESD
ESD_0005_neutral_我曾在一家船运公司里,0,ESD
ESD_0005_neutral_其实我们前天已经分手,0,ESD
ESD_0005_neutral_我想那些应该是草莓的,0,ESD
"ESD_0005_neutral_太妙了,我想换一些日",0,ESD
"ESD_0005_neutral_你得先回答我,你最喜",0,ESD
"ESD_0005_neutral_让我再想想,真相已经",0,ESD
ESD_0005_neutral_这样你就有时间挥拍打,0,ESD
"ESD_0005_neutral_你这个小气鬼,很不幸",0,ESD
"ESD_0005_neutral_我是个学生,服务器响",0,ESD
ESD_0005_neutral_一套古瓷器。它真的很,0,ESD
ESD_0005_neutral_他在这次竞选活动中花,0,ESD
"ESD_0005_neutral_她此刻失业了,你最好",0,ESD
"ESD_0005_neutral_带上你的家人,但是他",0,ESD
ESD_0005_neutral_你在我的心里折腾好久,0,ESD
"ESD_0005_neutral_你转一个,我想学习下",0,ESD
"ESD_0005_neutral_她和维克分手了,所以",0,ESD
ESD_0005_neutral_冬天雨非常多。我不喜,0,ESD
ESD_0005_neutral_时间对珍尼来说是没有,0,ESD
ESD_0005_neutral_大概足够支持我生活三,0,ESD
ESD_0005_neutral_你绝对猜不到她准备要,0,ESD
ESD_0005_neutral_二零一六年十一月五号,0,ESD
"ESD_0005_neutral_今天真凉快,我希望主",0,ESD
ESD_0005_neutral_软妹子生气会说:讨厌,0,ESD
ESD_0005_neutral_我们一起为他办个惊喜,0,ESD
ESD_0005_neutral_以后我要经常来这儿爬,0,ESD
"ESD_0005_neutral_我是一名教师,你可是",0,ESD
ESD_0005_neutral_上海现在是下午四点三,0,ESD
ESD_0005_neutral_别问了!说多了都是眼,0,ESD
ESD_0005_neutral_如果我滚远了就回不来,0,ESD
ESD_0005_neutral_带女友出去好好吃上一,0,ESD
"ESD_0005_neutral_炖肉一小时,剩余三十",0,ESD
ESD_0005_neutral_我以为你们国家的人都,0,ESD
"ESD_0005_neutral_我饿啦,我想去吃点东",0,ESD
"ESD_0005_neutral_为什么不,交朋友不分",0,ESD
"ESD_0005_neutral_当然知道,我们各有千",0,ESD
"ESD_0005_neutral_我喜欢你的干净整洁,",0,ESD
ESD_0005_neutral_我已经习惯这种气候了,0,ESD
ESD_0005_neutral_也就是一大堆照片。,0,ESD
"ESD_0005_neutral_那就一会再说,我好害",0,ESD
ESD_0005_neutral_希望我有一天也可以去,0,ESD
"ESD_0005_neutral_你昨天才买衣服,真是",0,ESD
"ESD_0005_neutral_还要叫她起床,怎么会",0,ESD
"ESD_0005_neutral_是的,我知道,患难见",0,ESD
"ESD_0005_neutral_我是萌萌哒,你是呆呆",0,ESD
ESD_0005_neutral_你可以在那儿呆上至少,0,ESD
ESD_0005_neutral_对不起我把咖啡洒在桌,0,ESD
"ESD_0005_neutral_也不算,她有的歌我都",0,ESD
ESD_0005_neutral_我对养花已经厌倦了。,0,ESD
ESD_0005_neutral_我还会陪你一路走下去,0,ESD
ESD_0005_neutral_裁判全给了满分。,0,ESD
"ESD_0005_neutral_当然,我简直离开音乐",0,ESD
"ESD_0005_neutral_拜拜,明天要再来和小",0,ESD
ESD_0005_neutral_碰到喜欢的女孩子要主,0,ESD
ESD_0005_neutral_他的收支几乎不能平衡,0,ESD
"ESD_0005_neutral_明天是星期天,我们去",0,ESD
ESD_0005_neutral_大部分都是用诱饵钓到,0,ESD
"ESD_0005_neutral_所以你必须要坚持,时",0,ESD
ESD_0005_neutral_我非常支持人们走进太,0,ESD
ESD_0005_neutral_我的老朋友汉森就住在,0,ESD
ESD_0005_neutral_听起来你们玩得也很开,0,ESD
ESD_0005_neutral_这个对我来说有点难!,0,ESD
"ESD_0005_neutral_差不多,我们俩都很热",0,ESD
"ESD_0005_neutral_你要做爸爸了,真让人",0,ESD
ESD_0005_neutral_我真受不了城里那么大,0,ESD
ESD_0005_neutral_好的。新的音乐厅有一,0,ESD
"ESD_0005_neutral_这个位置不错,下车。",0,ESD
"ESD_0005_neutral_那不打扰你了,我不敢",0,ESD
"ESD_0005_neutral_最近很冷,风又大。",0,ESD
ESD_0005_neutral_我最近正在努力练习棋,0,ESD
"ESD_0005_neutral_拜托,别跟我提到笔记",0,ESD
ESD_0005_neutral_它是一个主要的空气污,0,ESD
"ESD_0005_neutral_我爱运动,但是对篮球",0,ESD
"ESD_0005_neutral_我不需要嗅觉,所以没",0,ESD
"ESD_0005_neutral_雪下得真大,带着我去",0,ESD
ESD_0005_neutral_我不这么认为。我们沿,0,ESD
"ESD_0005_neutral_食物也很美味,更不用",0,ESD
ESD_0005_neutral_大约一个小时左右。,0,ESD
ESD_0005_neutral_请勿进入竹林。不让进,0,ESD
ESD_0005_neutral_为了不让鱼吃掉诗人的,0,ESD
ESD_0005_neutral_那样的话你应该穿讲究,0,ESD
ESD_0005_neutral_我的直系亲属人数不多,0,ESD
ESD_0005_neutral_贾尼斯突然兴奋地大叫,0,ESD
ESD_0005_neutral_领带对男人来说真必不,0,ESD
ESD_0005_neutral_没有为什么就是要等我,0,ESD
ESD_0005_neutral_我不怎么在乎这个店有,0,ESD
ESD_0005_neutral_我最好的朋友就约会过,0,ESD
"ESD_0005_neutral_我不用转头,不需要脖",0,ESD
"ESD_0005_neutral_没看过小说,只有人类",0,ESD
ESD_0005_neutral_我是个游戏迷。,0,ESD
"ESD_0005_neutral_你比吴亦凡帅,我同意",0,ESD
"ESD_0005_neutral_我没有忽悠你,机器人",0,ESD
ESD_0005_neutral_最初我的工作是当一名,0,ESD
ESD_0005_neutral_陪你度过这漫长的黑夜,0,ESD
ESD_0005_neutral_这是我在旅游第四天拍,0,ESD
ESD_0005_neutral_这句话的意义我不太明,0,ESD
ESD_0005_neutral_我们想等一个合适的时,0,ESD
"ESD_0005_neutral_我很伤心,我准备去网",0,ESD
ESD_0005_neutral_这可真不像是场英超比,0,ESD
ESD_0005_neutral_他好像是被他女友给甩,0,ESD
ESD_0005_neutral_也许反倒是件好事,0,ESD
ESD_0005_neutral_听起来很厉害的样子!,0,ESD
ESD_0005_neutral_我必须再次感谢您的慷,0,ESD
"ESD_0005_neutral_我是淑女,只会讲文明",0,ESD
ESD_0005_neutral_这可是我学会的第一首,0,ESD
ESD_0005_neutral_谁都有烦的时候。,0,ESD
"ESD_0005_neutral_是很棒的一款手机,性",0,ESD
ESD_0005_neutral_没有找到你想删除的闹,0,ESD
"ESD_0005_neutral_很大,令人兴奋但是嘈",0,ESD
"ESD_0005_neutral_沈阳明天有雷阵雨,多",0,ESD
ESD_0005_neutral_但梅花往往被很多人忽,0,ESD
"ESD_0005_neutral_只要不违法,我还是想",0,ESD
ESD_0005_neutral_然后再找一个音乐播放,0,ESD
"ESD_0005_neutral_我当然喜欢,我很注意",0,ESD
"ESD_0005_neutral_是的,所以我永不喝它",0,ESD
"ESD_0005_neutral_我真兴奋,我终于有自",0,ESD
ESD_0005_neutral_我想说我也这样认为的,0,ESD
ESD_0005_neutral_绝对不可以走到湖的中,0,ESD
"ESD_0005_neutral_晚安,么么哒,满天都",0,ESD
"ESD_0005_neutral_有些人划船,有的人在",0,ESD
ESD_0005_neutral_我想所有中国人都会打,0,ESD
ESD_0005_neutral_有充足的时间购物和观,0,ESD
"ESD_0005_neutral_自己保重,记得要常联",0,ESD
"ESD_0005_neutral_门儿都没有,现在还不",0,ESD
"ESD_0005_neutral_我太喜欢听了,所以不",0,ESD
"ESD_0005_neutral_我随时都在,有没有梦",0,ESD
"ESD_0005_neutral_不会,不过我很喜欢单",0,ESD
ESD_0005_neutral_还有聊天记录。,0,ESD
"ESD_0005_neutral_在法国南部,气候常年",0,ESD
ESD_0005_neutral_哪天我也许得和他谈谈,0,ESD
"ESD_0005_neutral_振作点儿,我看了屏幕",0,ESD
"ESD_0005_neutral_我是银灰色的,我都被",0,ESD
"ESD_0005_neutral_文学和经济,我喜欢很",0,ESD
"ESD_0005_neutral_赌博往往是个祸根,",0,ESD
"ESD_0005_neutral_三个,两个儿子一个女",0,ESD
"ESD_0005_neutral_祝你春节快乐,全家幸",0,ESD
"ESD_0005_neutral_是的,我刚撞到了桌子",0,ESD
"ESD_0005_neutral_这个我相信,我是登山",0,ESD
"ESD_0005_neutral_播放歌单收藏,脑筋可",0,ESD
ESD_0005_neutral_我希望你能和我一起想,0,ESD
ESD_0005_neutral_我一直到清晨四点才到,0,ESD
ESD_0005_neutral_我刚从苏格兰回来。,0,ESD
ESD_0005_neutral_我支持你。它是需要重,0,ESD
ESD_0005_neutral_我在一个机械化农场做,0,ESD
ESD_0005_neutral_有时内在美更加重要。,0,ESD
ESD_0005_neutral_我去查查篮球相关的知,0,ESD
"ESD_0005_neutral_已经怀孕四个半月了,",0,ESD
"ESD_0005_neutral_这局我让你开,今天我",0,ESD
ESD_0005_neutral_我们休息一下喝杯咖啡,0,ESD
"ESD_0005_neutral_如果她拒绝我,我会死",0,ESD
ESD_0005_neutral_旅行结束后我将休息一,0,ESD
ESD_0005_neutral_现在全城的人都要向我,0,ESD
ESD_0005_neutral_我需要插着电源才能说,0,ESD
ESD_0005_neutral_每次你看到一些时尚衣,0,ESD
ESD_0005_neutral_你看上去比以前更漂亮,0,ESD
"ESD_0005_neutral_下午好,蒂娜,我想我",0,ESD
ESD_0005_neutral_家里有全自动洗衣机。,0,ESD
"ESD_0005_neutral_谢谢你来这里,告诉我",0,ESD
"ESD_0005_neutral_不是很喜欢,你把我绕",0,ESD
"ESD_0005_neutral_等待你的指令,随时可",0,ESD
ESD_0005_neutral_他对谁都那么友好。,0,ESD
ESD_0005_neutral_我喜欢吃中餐。,0,ESD
"ESD_0005_neutral_尽管提意见,我会改正",0,ESD
"ESD_0005_neutral_这么多笑话,一天讲不",0,ESD
"ESD_0005_neutral_我讨厌吃醋,偶是不懂",0,ESD
ESD_0005_neutral_我们下午可以在湖里划,0,ESD
ESD_0005_neutral_但是有时夏天比其它季,0,ESD
"ESD_0005_neutral_我们相处得很好,仅此",0,ESD
ESD_0005_neutral_于是我就问她能不能连,0,ESD
ESD_0005_neutral_我想要那种新款的美国,0,ESD
ESD_0005_neutral_错过这村可就没这个店,0,ESD
"ESD_0005_neutral_我曾经养过,我太高兴",0,ESD
ESD_0005_neutral_他们将于今年夏天结婚,0,ESD
"ESD_0005_neutral_谢谢你的夸奖,鲍伯上",0,ESD
"ESD_0005_neutral_你看起来很高兴,眼睛",0,ESD
ESD_0005_neutral_年轻人当然要承担责任,0,ESD
ESD_0005_neutral_不要乱问女孩子的年龄,0,ESD
ESD_0005_neutral_每天晚上跟你互道晚安,0,ESD
ESD_0005_neutral_我会在你的脸上画鬼脸,0,ESD
"ESD_0005_neutral_我缺钱用,所以上星期",0,ESD
ESD_0005_neutral_许多白领都参加到这个,0,ESD
"ESD_0005_neutral_很漂亮,不过人多拥挤",0,ESD
"ESD_0005_neutral_别总是闲着,找点事情",0,ESD
"ESD_0005_neutral_好好休息一下,这个小",0,ESD
ESD_0005_neutral_这两块是唐朝不同时期,0,ESD
"ESD_0005_neutral_我喜欢你的黑衣服,你",0,ESD
"ESD_0005_neutral_是的,真是名副其实。",0,ESD
"ESD_0005_neutral_是很难听的脏话,主人",0,ESD
"ESD_0005_sadness_打远一看,它们的确很",3,ESD
ESD_0005_sadness_英国的哲学家曾经说过,3,ESD
ESD_0005_sadness_我老家在北京。,3,ESD
ESD_0005_sadness_不管怎么说主队好象是,3,ESD
"ESD_0005_sadness_我们乘船漂游了三峡,",3,ESD
ESD_0005_sadness_我喜欢“北京欢迎你”,3,ESD
ESD_0005_sadness_我每个月打一次电话。,3,ESD
ESD_0005_sadness_沙尘暴好像给每个人都,3,ESD
"ESD_0005_sadness_就是这个意思,你又聪",3,ESD
ESD_0005_sadness_个人收藏家!他们肯定,3,ESD
ESD_0005_sadness_妇女节快乐。我永远爱,3,ESD
ESD_0005_sadness_你每次谈恋爱都像现在,3,ESD
"ESD_0005_sadness_周末的我,只忙着陪你",3,ESD
"ESD_0005_sadness_谁你也不认识,我很乐",3,ESD
ESD_0005_sadness_我特别喜欢网球和登山,3,ESD
ESD_0005_sadness_他一定是一眼就被你迷,3,ESD
ESD_0005_sadness_很快你上大学就用得到,3,ESD
"ESD_0005_sadness_我们意见不和,咱们去",3,ESD
"ESD_0005_sadness_不就是你嘛,为什么要",3,ESD
ESD_0005_sadness_前几天我碰见了一件有,3,ESD
ESD_0005_sadness_已经播至该专辑最后一,3,ESD
ESD_0005_sadness_我和我朋友刚从巴厘岛,3,ESD
ESD_0005_sadness_做一些好吃的促进宝宝,3,ESD
ESD_0005_sadness_你的身影总是在我心里,3,ESD
ESD_0005_sadness_我觉得并不是非要有特,3,ESD
"ESD_0005_sadness_是的,他很狡猾,经常",3,ESD
ESD_0005_sadness_工厂不把它直接排到大,3,ESD
"ESD_0005_sadness_没错,就是车门。另外",3,ESD
"ESD_0005_sadness_很可爱啊,就像你一样",3,ESD
"ESD_0005_sadness_除非你打飞碟球,但这",3,ESD
"ESD_0005_sadness_没听清,请问什么时间",3,ESD
ESD_0005_sadness_我遇到了一位漂亮的女,3,ESD
"ESD_0005_sadness_我是青蛙,不用冬眠的",3,ESD
"ESD_0005_sadness_那是马特,他肯定很勇",3,ESD
ESD_0005_sadness_这样无辜的人就不会被,3,ESD
ESD_0005_sadness_我必须一直通电才能工,3,ESD
ESD_0005_sadness_我和我的妻子盼望着和,3,ESD
"ESD_0005_sadness_当然是了,我现在快饿",3,ESD
"ESD_0005_sadness_没有找到日程,走的时",3,ESD
ESD_0005_sadness_是一家制药公司的短期,3,ESD
"ESD_0005_sadness_姐忙得很,没空和你说",3,ESD
"ESD_0005_sadness_我会暖被窝了,逗你的",3,ESD
"ESD_0005_sadness_这样的话,我们可以选",3,ESD
"ESD_0005_sadness_比方说,“华尔街日报",3,ESD
ESD_0005_sadness_我知道人生并不总是一,3,ESD
ESD_0005_sadness_我们可以轮流开车。,3,ESD
ESD_0005_sadness_这是台湾地区最大的动,3,ESD
"ESD_0005_sadness_时候不早了,我来了,",3,ESD
ESD_0005_sadness_递给我一些彩球和纸花,3,ESD
"ESD_0005_sadness_每次叫我都不给红包,",3,ESD
"ESD_0005_sadness_没关系,也许他老婆会",3,ESD
ESD_0005_sadness_你不应该害怕开始一段,3,ESD
"ESD_0005_sadness_我肯定会的,那以后我",3,ESD
ESD_0005_sadness_我是基于人工智能系统,3,ESD
ESD_0005_sadness_它实际会形成一氧化碳,3,ESD
ESD_0005_sadness_我参加了一个有关全球,3,ESD
"ESD_0005_sadness_跳舞好难呀,我还正在",3,ESD
ESD_0005_sadness_让人看上去就感到宽广,3,ESD
"ESD_0005_sadness_只要是我能玩好的,我",3,ESD
ESD_0005_sadness_坐地铁只需要大约二十,3,ESD
ESD_0005_sadness_下个月我姐姐要结婚了,3,ESD
ESD_0005_sadness_我是顺路过来跟你告别,3,ESD
ESD_0005_sadness_你知道我很努力地在戒,3,ESD
"ESD_0005_sadness_我告退了,晚上回去拍",3,ESD
"ESD_0005_sadness_一点也不差,先把握好",3,ESD
ESD_0005_sadness_我们可以去钓鱼、聊天,3,ESD
ESD_0005_sadness_你深深地印在我的脑海,3,ESD
ESD_0005_sadness_我应该给女朋友买玫瑰,3,ESD
"ESD_0005_sadness_以后不要喝那么多了,",3,ESD
"ESD_0005_sadness_心动不如行动,我不太",3,ESD
ESD_0005_sadness_只要令人鼓舞的电影我,3,ESD
ESD_0005_sadness_资料全都不见了。气死,3,ESD
ESD_0005_sadness_她总是带香甜甜的微笑,3,ESD
ESD_0005_sadness_今年应该是第二十七个,3,ESD
ESD_0005_sadness_我也想去看可爱的熊猫,3,ESD
"ESD_0005_sadness_是的,你是个大块头,",3,ESD
"ESD_0005_sadness_奏婚礼进行曲了,他们",3,ESD
"ESD_0005_sadness_它们的设计外形小巧,",3,ESD
ESD_0005_sadness_人们当然都叫他“奥林,3,ESD
"ESD_0005_sadness_看呀,我们差不多就装",3,ESD
ESD_0005_sadness_这个镇上所有的人都喜,3,ESD
ESD_0005_sadness_听说你要去香港看你叔,3,ESD
ESD_0005_sadness_你身上的每一点都吸引,3,ESD
ESD_0005_sadness_他好像跟他的秘书有过,3,ESD
"ESD_0005_sadness_是啊,他的健康我总放",3,ESD
"ESD_0005_sadness_真想不到,游泳竟有如",3,ESD
ESD_0005_sadness_是没什么但是挺别扭的,3,ESD
"ESD_0005_sadness_香港海洋公园,主人快",3,ESD
"ESD_0005_sadness_是个冰淇淋,桃花确实",3,ESD
"ESD_0005_sadness_还不太糟糕,但是得躺",3,ESD
ESD_0005_sadness_如果有我能帮忙的请告,3,ESD
ESD_0005_sadness_不会这么凑巧吧!我也,3,ESD
ESD_0005_sadness_别不好意思。再多吃些,3,ESD
"ESD_0005_sadness_很神奇的样子,我搞不",3,ESD
ESD_0005_sadness_我倒是有一个爱好――,3,ESD
ESD_0005_sadness_别小看我这发型!我还,3,ESD
ESD_0005_sadness_你女儿和妈妈长得很像,3,ESD
ESD_0005_sadness_我只会斗斗地主什么的,3,ESD
"ESD_0005_sadness_得了吧,别这么胆小啦",3,ESD
ESD_0005_sadness_就经常去我们宿舍附近,3,ESD
"ESD_0005_sadness_很快,车就可自动开了",3,ESD
"ESD_0005_sadness_我昨天遇到马克,他看",3,ESD
"ESD_0005_sadness_感觉好温暖呀,好的,",3,ESD
ESD_0005_sadness_没有找到蒸鱼的计时。,3,ESD
"ESD_0005_sadness_我们俩合不来,还经常",3,ESD
"ESD_0005_sadness_做不了什么,通常我会",3,ESD
ESD_0005_sadness_我的表两点四十二。可,3,ESD
ESD_0005_sadness_让我们看看哪一种球技,3,ESD
ESD_0005_sadness_我其实挺饿的。,3,ESD
ESD_0005_sadness_自己的事情要自己做。,3,ESD
ESD_0005_sadness_每天早晨都是我妈妈帮,3,ESD
"ESD_0005_sadness_那棒极了,其实心情挺",3,ESD
"ESD_0005_sadness_玛丽,你看来很喜欢挖",3,ESD
"ESD_0005_sadness_我也是,我还有点儿口",3,ESD
"ESD_0005_sadness_真是个好习惯,通常看",3,ESD
"ESD_0005_sadness_没有,不过,我们去了",3,ESD
"ESD_0005_sadness_快点起床,我在公寓门",3,ESD
ESD_0005_sadness_你的同学把你给捉弄了,3,ESD
"ESD_0005_sadness_不过我想星期五走,",3,ESD
ESD_0005_sadness_你还真是考虑周到。,3,ESD
ESD_0005_sadness_那你就离市区很远了。,3,ESD
"ESD_0005_sadness_汤姆是个好人,但却赌",3,ESD
ESD_0005_sadness_那你就说你为之神魂颠,3,ESD
"ESD_0005_sadness_是的,请返还我的钱,",3,ESD
"ESD_0005_sadness_如果你想要纹身,你去",3,ESD
"ESD_0005_sadness_不是,他住在沃斯盾的",3,ESD
ESD_0005_sadness_你说我们在芝加哥要待,3,ESD
ESD_0005_sadness_这些颜色也不太适合你,3,ESD
"ESD_0005_sadness_对别人没有,而对我就",3,ESD
ESD_0005_sadness_我的希望是工作到倒下,3,ESD
ESD_0005_sadness_吝啬鬼!他每天还骑自,3,ESD
ESD_0005_sadness_是你最牵挂的那个女人,3,ESD
ESD_0005_sadness_是不是依然觉得我很可,3,ESD
ESD_0005_sadness_多教我些东西我会更聪,3,ESD
ESD_0005_sadness_我要学习一下相关知识,3,ESD
ESD_0005_sadness_我喜欢几乎所有的运动,3,ESD
ESD_0005_sadness_也许能帮助你把事情弄,3,ESD
ESD_0005_sadness_我总是控制不了它。,3,ESD
ESD_0005_sadness_他们的配合值得我们学,3,ESD
ESD_0005_sadness_我也知道自己是大嘴巴,3,ESD
"ESD_0005_sadness_你可以去问鹦鹉啊,鹦",3,ESD
"ESD_0005_sadness_是啊,我还是个乳臭未",3,ESD
"ESD_0005_sadness_女孩的心思你别猜,但",3,ESD
ESD_0005_sadness_节食减肥很痛苦。,3,ESD
"ESD_0005_sadness_听大自然的声响,就像",3,ESD
"ESD_0005_sadness_现在,我仍然有点紧张",3,ESD
ESD_0005_sadness_不知道。或许一双新鞋,3,ESD
ESD_0005_sadness_有事记得喊我。,3,ESD
"ESD_0005_sadness_你好,布赖恩,正好四",3,ESD
ESD_0005_sadness_这样子比较有趣。,3,ESD
"ESD_0005_sadness_我也最喜欢你,不要开",3,ESD
ESD_0005_sadness_小心脚下。人行道上有,3,ESD
ESD_0005_sadness_我们还等什么,3,ESD
"ESD_0005_sadness_我还不会说其他外语,",3,ESD
ESD_0005_sadness_我只打算放松一下自己,3,ESD
ESD_0005_sadness_承蒙邀请参加你的婚礼,3,ESD
"ESD_0005_sadness_你知道,有时候病人会",3,ESD
ESD_0005_sadness_我的性格就是冷静并且,3,ESD
ESD_0005_sadness_我不会牺牲我的健康来,3,ESD
ESD_0005_sadness_当然!他是我们大学的,3,ESD
ESD_0005_sadness_他讲的笑话让我笑个不,3,ESD
ESD_0005_sadness_原来你也在玩这个,3,ESD
ESD_0005_sadness_我还不知道你认识弗兰,3,ESD
ESD_0005_sadness_我曾在一家船运公司里,3,ESD
ESD_0005_sadness_其实我们前天已经分手,3,ESD
ESD_0005_sadness_我想那些应该是草莓的,3,ESD
"ESD_0005_sadness_太妙了,我想换一些日",3,ESD
"ESD_0005_sadness_你得先回答我,你最喜",3,ESD
"ESD_0005_sadness_让我再想想,真相已经",3,ESD
ESD_0005_sadness_这样你就有时间挥拍打,3,ESD
"ESD_0005_sadness_你这个小气鬼,很不幸",3,ESD
"ESD_0005_sadness_我是个学生,服务器响",3,ESD
ESD_0005_sadness_一套古瓷器。它真的很,3,ESD
ESD_0005_sadness_他在这次竞选活动中花,3,ESD
"ESD_0005_sadness_她此刻失业了,你最好",3,ESD
"ESD_0005_sadness_带上你的家人,但是他",3,ESD
ESD_0005_sadness_你在我的心里折腾好久,3,ESD
"ESD_0005_sadness_你转一个,我想学习下",3,ESD
"ESD_0005_sadness_她和维克分手了,所以",3,ESD
ESD_0005_sadness_冬天雨非常多。我不喜,3,ESD
ESD_0005_sadness_时间对珍尼来说是没有,3,ESD
ESD_0005_sadness_大概足够支持我生活三,3,ESD
ESD_0005_sadness_你绝对猜不到她准备要,3,ESD
ESD_0005_sadness_二零一六年十一月五号,3,ESD
"ESD_0005_sadness_今天真凉快,我希望主",3,ESD
ESD_0005_sadness_软妹子生气会说:讨厌,3,ESD
ESD_0005_sadness_我们一起为他办个惊喜,3,ESD
ESD_0005_sadness_以后我要经常来这儿爬,3,ESD
"ESD_0005_sadness_我是一名教师,你可是",3,ESD
ESD_0005_sadness_上海现在是下午四点三,3,ESD
ESD_0005_sadness_别问了!说多了都是眼,3,ESD
ESD_0005_sadness_如果我滚远了就回不来,3,ESD
ESD_0005_sadness_带女友出去好好吃上一,3,ESD
"ESD_0005_sadness_炖肉一小时,剩余三十",3,ESD
ESD_0005_sadness_我以为你们国家的人都,3,ESD
"ESD_0005_sadness_我饿啦,我想去吃点东",3,ESD
"ESD_0005_sadness_为什么不,交朋友不分",3,ESD
"ESD_0005_sadness_当然知道,我们各有千",3,ESD
"ESD_0005_sadness_我喜欢你的干净整洁,",3,ESD
ESD_0005_sadness_我已经习惯这种气候了,3,ESD
ESD_0005_sadness_也就是一大堆照片。,3,ESD
"ESD_0005_sadness_那就一会再说,我好害",3,ESD
ESD_0005_sadness_希望我有一天也可以去,3,ESD
"ESD_0005_sadness_你昨天才买衣服,真是",3,ESD
"ESD_0005_sadness_还要叫她起床,怎么会",3,ESD
"ESD_0005_sadness_是的,我知道,患难见",3,ESD
"ESD_0005_sadness_我是萌萌哒,你是呆呆",3,ESD
ESD_0005_sadness_你可以在那儿呆上至少,3,ESD
ESD_0005_sadness_对不起我把咖啡洒在桌,3,ESD
"ESD_0005_sadness_也不算,她有的歌我都",3,ESD
ESD_0005_sadness_我对养花已经厌倦了。,3,ESD
ESD_0005_sadness_我还会陪你一路走下去,3,ESD
ESD_0005_sadness_裁判全给了满分。,3,ESD
"ESD_0005_sadness_当然,我简直离开音乐",3,ESD
"ESD_0005_sadness_拜拜,明天要再来和小",3,ESD
ESD_0005_sadness_碰到喜欢的女孩子要主,3,ESD
ESD_0005_sadness_他的收支几乎不能平衡,3,ESD
"ESD_0005_sadness_明天是星期天,我们去",3,ESD
ESD_0005_sadness_大部分都是用诱饵钓到,3,ESD
"ESD_0005_sadness_所以你必须要坚持,时",3,ESD
ESD_0005_sadness_我非常支持人们走进太,3,ESD
ESD_0005_sadness_我的老朋友汉森就住在,3,ESD
ESD_0005_sadness_听起来你们玩得也很开,3,ESD
ESD_0005_sadness_这个对我来说有点难!,3,ESD
"ESD_0005_sadness_差不多,我们俩都很热",3,ESD
"ESD_0005_sadness_你要做爸爸了,真让人",3,ESD
ESD_0005_sadness_我真受不了城里那么大,3,ESD
ESD_0005_sadness_好的。新的音乐厅有一,3,ESD
"ESD_0005_sadness_这个位置不错,下车。",3,ESD
"ESD_0005_sadness_那不打扰你了,我不敢",3,ESD
"ESD_0005_sadness_最近很冷,风又大。",3,ESD
ESD_0005_sadness_我最近正在努力练习棋,3,ESD
"ESD_0005_sadness_拜托,别跟我提到笔记",3,ESD
ESD_0005_sadness_它是一个主要的空气污,3,ESD
"ESD_0005_sadness_我爱运动,但是对篮球",3,ESD
"ESD_0005_sadness_我不需要嗅觉,所以没",3,ESD
"ESD_0005_sadness_雪下得真大,带着我去",3,ESD
ESD_0005_sadness_我不这么认为。我们沿,3,ESD
"ESD_0005_sadness_食物也很美味,更不用",3,ESD
ESD_0005_sadness_大约一个小时左右。,3,ESD
ESD_0005_sadness_请勿进入竹林。不让进,3,ESD
ESD_0005_sadness_为了不让鱼吃掉诗人的,3,ESD
ESD_0005_sadness_那样的话你应该穿讲究,3,ESD
ESD_0005_sadness_我的直系亲属人数不多,3,ESD
ESD_0005_sadness_贾尼斯突然兴奋地大叫,3,ESD
ESD_0005_sadness_领带对男人来说真必不,3,ESD
ESD_0005_sadness_没有为什么就是要等我,3,ESD
ESD_0005_sadness_我不怎么在乎这个店有,3,ESD
ESD_0005_sadness_我最好的朋友就约会过,3,ESD
"ESD_0005_sadness_我不用转头,不需要脖",3,ESD
"ESD_0005_sadness_没看过小说,只有人类",3,ESD
ESD_0005_sadness_我是个游戏迷。,3,ESD
"ESD_0005_sadness_你比吴亦凡帅,我同意",3,ESD
"ESD_0005_sadness_我没有忽悠你,机器人",3,ESD
ESD_0005_sadness_最初我的工作是当一名,3,ESD
ESD_0005_sadness_陪你度过这漫长的黑夜,3,ESD
ESD_0005_sadness_这是我在旅游第四天拍,3,ESD
ESD_0005_sadness_这句话的意义我不太明,3,ESD
ESD_0005_sadness_我们想等一个合适的时,3,ESD
"ESD_0005_sadness_我很伤心,我准备去网",3,ESD
ESD_0005_sadness_这可真不像是场英超比,3,ESD
ESD_0005_sadness_他好像是被他女友给甩,3,ESD
ESD_0005_sadness_也许反倒是件好事,3,ESD
ESD_0005_sadness_听起来很厉害的样子!,3,ESD
ESD_0005_sadness_我必须再次感谢您的慷,3,ESD
"ESD_0005_sadness_我是淑女,只会讲文明",3,ESD
ESD_0005_sadness_这可是我学会的第一首,3,ESD
ESD_0005_sadness_谁都有烦的时候。,3,ESD
"ESD_0005_sadness_是很棒的一款手机,性",3,ESD
ESD_0005_sadness_没有找到你想删除的闹,3,ESD
"ESD_0005_sadness_很大,令人兴奋但是嘈",3,ESD
"ESD_0005_sadness_沈阳明天有雷阵雨,多",3,ESD
ESD_0005_sadness_但梅花往往被很多人忽,3,ESD
"ESD_0005_sadness_只要不违法,我还是想",3,ESD
ESD_0005_sadness_然后再找一个音乐播放,3,ESD
"ESD_0005_sadness_我当然喜欢,我很注意",3,ESD
"ESD_0005_sadness_是的,所以我永不喝它",3,ESD
"ESD_0005_sadness_我真兴奋,我终于有自",3,ESD
ESD_0005_sadness_我想说我也这样认为的,3,ESD
ESD_0005_sadness_绝对不可以走到湖的中,3,ESD
"ESD_0005_sadness_晚安,么么哒,满天都",3,ESD
"ESD_0005_sadness_有些人划船,有的人在",3,ESD
ESD_0005_sadness_我想所有中国人都会打,3,ESD
ESD_0005_sadness_有充足的时间购物和观,3,ESD
"ESD_0005_sadness_自己保重,记得要常联",3,ESD
"ESD_0005_sadness_门儿都没有,现在还不",3,ESD
"ESD_0005_sadness_我太喜欢听了,所以不",3,ESD
"ESD_0005_sadness_我随时都在,有没有梦",3,ESD
"ESD_0005_sadness_不会,不过我很喜欢单",3,ESD
ESD_0005_sadness_还有聊天记录。,3,ESD
"ESD_0005_sadness_在法国南部,气候常年",3,ESD
ESD_0005_sadness_哪天我也许得和他谈谈,3,ESD
"ESD_0005_sadness_振作点儿,我看了屏幕",3,ESD
"ESD_0005_sadness_我是银灰色的,我都被",3,ESD
"ESD_0005_sadness_文学和经济,我喜欢很",3,ESD
"ESD_0005_sadness_赌博往往是个祸根,",3,ESD
"ESD_0005_sadness_三个,两个儿子一个女",3,ESD
"ESD_0005_sadness_祝你春节快乐,全家幸",3,ESD
"ESD_0005_sadness_是的,我刚撞到了桌子",3,ESD
"ESD_0005_sadness_这个我相信,我是登山",3,ESD
"ESD_0005_sadness_播放歌单收藏,脑筋可",3,ESD
ESD_0005_sadness_我希望你能和我一起想,3,ESD
ESD_0005_sadness_我一直到零晨四点才到,3,ESD
ESD_0005_sadness_我刚从苏格兰回来。,3,ESD
ESD_0005_sadness_我支持你。它是需要重,3,ESD
ESD_0005_sadness_我在一个机械化农场做,3,ESD
ESD_0005_sadness_有时内在美更加重要。,3,ESD
ESD_0005_sadness_我去查查篮球相关的知,3,ESD
"ESD_0005_sadness_已经怀孕四个半月了,",3,ESD
"ESD_0005_sadness_这局我让你开,今天我",3,ESD
ESD_0005_sadness_我们休息一下喝杯咖啡,3,ESD
"ESD_0005_sadness_如果她拒绝我,我会死",3,ESD
ESD_0005_sadness_旅行结束后我将休息一,3,ESD
ESD_0005_sadness_现在全城的人都要向我,3,ESD
ESD_0005_sadness_我需要插着电源才能说,3,ESD
ESD_0005_sadness_每次你看到一些时尚衣,3,ESD
ESD_0005_sadness_你看上去比以前更漂亮,3,ESD
"ESD_0005_sadness_下午好,蒂娜,我想我",3,ESD
ESD_0005_sadness_家里有全自动洗衣机。,3,ESD
"ESD_0005_sadness_谢谢你来这里,告诉我",3,ESD
"ESD_0005_sadness_不是很喜欢,你把我绕",3,ESD
"ESD_0005_sadness_等待你的指令,随时可",3,ESD
ESD_0005_sadness_他对谁都那么友好。,3,ESD
ESD_0005_sadness_我喜欢吃中餐。,3,ESD
"ESD_0005_sadness_尽管提意见,我会改正",3,ESD
"ESD_0005_sadness_这么多笑话,一天讲不",3,ESD
"ESD_0005_sadness_我讨厌吃醋,偶是不懂",3,ESD
ESD_0005_sadness_我们下午可以在湖里划,3,ESD
ESD_0005_sadness_但是有时夏天比其它季,3,ESD
"ESD_0005_sadness_我们相处得很好,仅此",3,ESD
ESD_0005_sadness_于是我就问她能不能连,3,ESD
ESD_0005_sadness_我想要那种新款的美国,3,ESD
ESD_0005_sadness_错过这村可就没这个店,3,ESD
"ESD_0005_sadness_我曾经养过,我太高兴",3,ESD
ESD_0005_sadness_他们将于今年夏天结婚,3,ESD
"ESD_0005_sadness_谢谢你的夸奖,鲍伯上",3,ESD
"ESD_0005_sadness_你看起来很高兴,眼睛",3,ESD
ESD_0005_sadness_年轻人当然要承担责任,3,ESD
ESD_0005_sadness_不要乱问女孩子的年龄,3,ESD
ESD_0005_sadness_每天晚上跟你互道晚安,3,ESD
ESD_0005_sadness_我会在你的脸上画鬼脸,3,ESD
"ESD_0005_sadness_我缺钱用,所以上星期",3,ESD
ESD_0005_sadness_许多白领都参加到这个,3,ESD
"ESD_0005_sadness_很漂亮,不过人多拥挤",3,ESD
"ESD_0005_sadness_别总是闲着,找点事情",3,ESD
"ESD_0005_sadness_好好休息一下,这个小",3,ESD
ESD_0005_sadness_这两块是唐朝不同时期,3,ESD
"ESD_0005_sadness_我喜欢你的黑衣服,你",3,ESD
"ESD_0005_sadness_是的,真是名副其实。",3,ESD
"ESD_0005_sadness_是很难听的脏话,主人",3,ESD
"ESD_0005_surprise_打远一看,它们的确很",4,ESD
ESD_0005_surprise_英国的哲学家曾经说过,4,ESD
ESD_0005_surprise_我老家在北京。,4,ESD
ESD_0005_surprise_不管怎么说主队好象是,4,ESD
"ESD_0005_surprise_我们乘船漂游了三峡,",4,ESD
ESD_0005_surprise_我喜欢“北京欢迎你”,4,ESD
ESD_0005_surprise_我每个月打一次电话。,4,ESD
ESD_0005_surprise_沙尘暴好像给每个人都,4,ESD
"ESD_0005_surprise_就是这个意思,你又聪",4,ESD
ESD_0005_surprise_个人收藏家!他们肯定,4,ESD
ESD_0005_surprise_妇女节快乐。我永远爱,4,ESD
ESD_0005_surprise_你每次谈恋爱都像现在,4,ESD
"ESD_0005_surprise_周末的我,只忙着陪你",4,ESD
"ESD_0005_surprise_谁你也不认识,我很乐",4,ESD
ESD_0005_surprise_我特别喜欢网球和登山,4,ESD
ESD_0005_surprise_他一定是一眼就被你迷,4,ESD
ESD_0005_surprise_很快你上大学就用得到,4,ESD
"ESD_0005_surprise_我们意见不和,咱们去",4,ESD
"ESD_0005_surprise_不就是你嘛,为什么要",4,ESD
ESD_0005_surprise_前几天我碰见了一件有,4,ESD
ESD_0005_surprise_已经播至该专辑最后一,4,ESD
ESD_0005_surprise_我和我朋友刚从巴厘岛,4,ESD
ESD_0005_surprise_做一些好吃的促进宝宝,4,ESD
ESD_0005_surprise_你的身影总是在我心里,4,ESD
ESD_0005_surprise_我觉得并不是非要有特,4,ESD
"ESD_0005_surprise_是的,他很狡猾,经常",4,ESD
ESD_0005_surprise_工厂不把它直接排到大,4,ESD
"ESD_0005_surprise_没错,就是车门。另外",4,ESD
"ESD_0005_surprise_很可爱啊,就像你一样",4,ESD
"ESD_0005_surprise_除非你打飞碟球,但这",4,ESD
"ESD_0005_surprise_没听清,请问什么时间",4,ESD
ESD_0005_surprise_我遇到了一位漂亮的女,4,ESD
"ESD_0005_surprise_我是青蛙,不用冬眠的",4,ESD
"ESD_0005_surprise_那是马特,他肯定很勇",4,ESD
ESD_0005_surprise_这样无辜的人就不会被,4,ESD
ESD_0005_surprise_我必须一直通电才能工,4,ESD
ESD_0005_surprise_我和我的妻子盼望着和,4,ESD
"ESD_0005_surprise_当然是了,我现在快饿",4,ESD
"ESD_0005_surprise_没有找到日程,走的时",4,ESD
ESD_0005_surprise_是一家制药公司的短期,4,ESD
"ESD_0005_surprise_姐忙得很,没空和你说",4,ESD
"ESD_0005_surprise_我会暖被窝了,逗你的",4,ESD
"ESD_0005_surprise_这样的话,我们可以选",4,ESD
"ESD_0005_surprise_比方说,“华尔街日报",4,ESD
ESD_0005_surprise_我知道人生并不总是一,4,ESD
ESD_0005_surprise_我们可以轮流开车。,4,ESD
ESD_0005_surprise_这是台湾地区最大的动,4,ESD
"ESD_0005_surprise_时候不早了,我来了,",4,ESD
ESD_0005_surprise_递给我一些彩球和纸花,4,ESD
"ESD_0005_surprise_每次叫我都不给红包,",4,ESD
"ESD_0005_surprise_没关系,也许他老婆会",4,ESD
ESD_0005_surprise_你不应该害怕开始一段,4,ESD
"ESD_0005_surprise_我肯定会的,那以后我",4,ESD
ESD_0005_surprise_我是基于人工智能系统,4,ESD
ESD_0005_surprise_它实际会形成一氧化碳,4,ESD
ESD_0005_surprise_我参加了一个有关全球,4,ESD
"ESD_0005_surprise_跳舞好难呀,我还正在",4,ESD
ESD_0005_surprise_让人看上去就感到宽广,4,ESD
"ESD_0005_surprise_只要是我能玩好的,我",4,ESD
ESD_0005_surprise_坐地铁只需要大约二十,4,ESD
ESD_0005_surprise_下个月我姐姐要结婚了,4,ESD
ESD_0005_surprise_我是顺路过来跟你告别,4,ESD
ESD_0005_surprise_你知道我很努力地在戒,4,ESD
"ESD_0005_surprise_我告退了,晚上回去拍",4,ESD
"ESD_0005_surprise_一点也不差,先把握好",4,ESD
ESD_0005_surprise_我们可以去钓鱼、聊天,4,ESD
ESD_0005_surprise_你深深地印在我的脑海,4,ESD
ESD_0005_surprise_我应该给女朋友买玫瑰,4,ESD
"ESD_0005_surprise_以后不要喝那么多了,",4,ESD
"ESD_0005_surprise_心动不如行动,我不太",4,ESD
ESD_0005_surprise_只要令人鼓舞的电影我,4,ESD
ESD_0005_surprise_资料全都不见了。气死,4,ESD
ESD_0005_surprise_她总是带香甜甜的微笑,4,ESD
ESD_0005_surprise_今年应该是第二十七个,4,ESD
ESD_0005_surprise_我也想去看可爱的熊猫,4,ESD
"ESD_0005_surprise_是的,你是个大块头,",4,ESD
"ESD_0005_surprise_奏婚礼进行曲了,他们",4,ESD
"ESD_0005_surprise_它们的设计外形小巧,",4,ESD
ESD_0005_surprise_人们当然都叫他“奥林,4,ESD
"ESD_0005_surprise_看呀,我们差不多就装",4,ESD
ESD_0005_surprise_这个镇上所有的人都喜,4,ESD
ESD_0005_surprise_听说你要去香港看你叔,4,ESD
ESD_0005_surprise_你身上的每一点都吸引,4,ESD
ESD_0005_surprise_他好像跟他的秘书有过,4,ESD
"ESD_0005_surprise_是啊,他的健康我总放",4,ESD
"ESD_0005_surprise_真想不到,游泳竟有如",4,ESD
ESD_0005_surprise_是没什么但是挺别扭的,4,ESD
"ESD_0005_surprise_香港海洋公园,主人快",4,ESD
"ESD_0005_surprise_是个冰淇淋,桃花确实",4,ESD
"ESD_0005_surprise_还不太糟糕,但是得躺",4,ESD
ESD_0005_surprise_如果有我能帮忙的请告,4,ESD
ESD_0005_surprise_不会这么凑巧吧!我也,4,ESD
ESD_0005_surprise_别不好意思。再多吃些,4,ESD
"ESD_0005_surprise_很神奇的样子,我搞不",4,ESD
ESD_0005_surprise_我倒是有一个爱好――,4,ESD
ESD_0005_surprise_别小看我这发型!我还,4,ESD
ESD_0005_surprise_你女儿和她妈妈长得很,4,ESD
ESD_0005_surprise_我只会斗斗地主什么的,4,ESD
"ESD_0005_surprise_得了吧,别这么胆小啦",4,ESD
ESD_0005_surprise_就经常去我们宿舍附近,4,ESD
"ESD_0005_surprise_很快,车就可自动开了",4,ESD
"ESD_0005_surprise_我昨天遇到马克,他看",4,ESD
"ESD_0005_surprise_感觉好温暖呀,好的,",4,ESD
ESD_0005_surprise_没有找到蒸鱼的计时。,4,ESD
"ESD_0005_surprise_我们俩合不来,还经常",4,ESD
"ESD_0005_surprise_做不了什么,通常我会",4,ESD
ESD_0005_surprise_我的表两点四十二。可,4,ESD
ESD_0005_surprise_让我们看看哪一种球技,4,ESD
ESD_0005_surprise_我其实挺饿的。,4,ESD
ESD_0005_surprise_自己的事情要自己做。,4,ESD
ESD_0005_surprise_每天早晨都是我妈妈帮,4,ESD
"ESD_0005_surprise_那棒极了,其实心情挺",4,ESD
"ESD_0005_surprise_玛丽,你看来很喜欢挖",4,ESD
"ESD_0005_surprise_我也是,我还有点儿口",4,ESD
"ESD_0005_surprise_真是个好习惯,通常看",4,ESD
"ESD_0005_surprise_没有,不过,我们去了",4,ESD
"ESD_0005_surprise_快点起床,我在公寓门",4,ESD
ESD_0005_surprise_你的同学把你给捉弄了,4,ESD
"ESD_0005_surprise_不过我想星期五走,",4,ESD
ESD_0005_surprise_你还真是考虑周到。,4,ESD
ESD_0005_surprise_那你就离市区很远了。,4,ESD
"ESD_0005_surprise_汤姆是个好人,但却赌",4,ESD
ESD_0005_surprise_那你就说你为之神魂颠,4,ESD
"ESD_0005_surprise_是的,请返还我的钱,",4,ESD
"ESD_0005_surprise_如果你想要纹身,你去",4,ESD
"ESD_0005_surprise_不是,他住在沃斯盾的",4,ESD
ESD_0005_surprise_你说我们在芝加哥要待,4,ESD
ESD_0005_surprise_这些颜色也不太适合你,4,ESD
"ESD_0005_surprise_对别人没有,而对我就",4,ESD
ESD_0005_surprise_我的希望是工作到倒下,4,ESD
ESD_0005_surprise_吝啬鬼!他每天还骑自,4,ESD
ESD_0005_surprise_是你最牵挂的那个女人,4,ESD
ESD_0005_surprise_是不是依然觉得我很可,4,ESD
ESD_0005_surprise_多教我些东西我会更聪,4,ESD
ESD_0005_surprise_我要学习一下相关知识,4,ESD
ESD_0005_surprise_我喜欢几乎所有的运动,4,ESD
ESD_0005_surprise_也许能帮助你把事情弄,4,ESD
ESD_0005_surprise_我总是控制不了它。,4,ESD
ESD_0005_surprise_他们的配合值得我们学,4,ESD
ESD_0005_surprise_我也知道自己是大嘴巴,4,ESD
"ESD_0005_surprise_你可以去问鹦鹉啊,鹦",4,ESD
"ESD_0005_surprise_是啊,我还是个乳臭未",4,ESD
"ESD_0005_surprise_女孩的心思你别猜,但",4,ESD
ESD_0005_surprise_节食减肥很痛苦。,4,ESD
"ESD_0005_surprise_听大自然的声响,就像",4,ESD
"ESD_0005_surprise_现在,我仍然有点紧张",4,ESD
ESD_0005_surprise_不知道。或许一双新鞋,4,ESD
ESD_0005_surprise_有事记得喊我。,4,ESD
"ESD_0005_surprise_你好,布赖恩,正好四",4,ESD
ESD_0005_surprise_这样子比较有趣。,4,ESD
"ESD_0005_surprise_我也最喜欢你,不要开",4,ESD
ESD_0005_surprise_小心脚下。人行道上有,4,ESD
ESD_0005_surprise_我们还等什么,4,ESD
"ESD_0005_surprise_我还不会说其他外语,",4,ESD
ESD_0005_surprise_我只打算放松一下自己,4,ESD
ESD_0005_surprise_承蒙邀请参加你的婚礼,4,ESD
"ESD_0005_surprise_你知道,有时候病人会",4,ESD
ESD_0005_surprise_我的性格就是冷静并且,4,ESD
ESD_0005_surprise_我不会牺牲我的健康来,4,ESD
ESD_0005_surprise_当然!他是我们大学的,4,ESD
ESD_0005_surprise_他讲的笑话让我笑个不,4,ESD
ESD_0005_surprise_原来你也在玩这个,4,ESD
ESD_0005_surprise_我还不知道你认识弗兰,4,ESD
ESD_0005_surprise_我曾在一家船运公司里,4,ESD
ESD_0005_surprise_其实我们前天已经分手,4,ESD
ESD_0005_surprise_我想那些应该是草莓的,4,ESD
"ESD_0005_surprise_太妙了,我想换一些日",4,ESD
"ESD_0005_surprise_你得先回答我,你最喜",4,ESD
"ESD_0005_surprise_让我再想想,真相已经",4,ESD
ESD_0005_surprise_这样你就有时间挥拍打,4,ESD
"ESD_0005_surprise_你这个小气鬼,很不幸",4,ESD
"ESD_0005_surprise_我是个学生,服务器响",4,ESD
ESD_0005_surprise_一套古瓷器。它真的很,4,ESD
ESD_0005_surprise_他在这次竞选活动中花,4,ESD
"ESD_0005_surprise_她此刻失业了,你最好",4,ESD
"ESD_0005_surprise_带上你的家人,但是他",4,ESD
ESD_0005_surprise_你在我的心里折腾好久,4,ESD
"ESD_0005_surprise_你转一个,我想学习下",4,ESD
"ESD_0005_surprise_她和维克分手了,所以",4,ESD
ESD_0005_surprise_冬天雨非常多。我不喜,4,ESD
ESD_0005_surprise_时间对珍尼来说是没有,4,ESD
ESD_0005_surprise_大概足够支持我生活三,4,ESD
ESD_0005_surprise_你绝对猜不到她准备要,4,ESD
ESD_0005_surprise_二零一六年十一月五号,4,ESD
"ESD_0005_surprise_今天真凉快,我希望主",4,ESD
ESD_0005_surprise_软妹子生气会说:讨厌,4,ESD
ESD_0005_surprise_我们一起为他办个惊喜,4,ESD
ESD_0005_surprise_以后我要经常来这儿爬,4,ESD
"ESD_0005_surprise_我是一名教师,你可是",4,ESD
ESD_0005_surprise_上海现在是下午四点三,4,ESD
ESD_0005_surprise_别问了!说多了都是眼,4,ESD
ESD_0005_surprise_如果我滚远了就回不来,4,ESD
ESD_0005_surprise_带女友出去好好吃上一,4,ESD
"ESD_0005_surprise_炖肉一小时,剩余三十",4,ESD
ESD_0005_surprise_我以为你们国家的人都,4,ESD
"ESD_0005_surprise_我饿啦,我想去吃点东",4,ESD
"ESD_0005_surprise_为什么不,交朋友不分",4,ESD
"ESD_0005_surprise_当然知道,我们各有千",4,ESD
"ESD_0005_surprise_我喜欢你的干净整洁,",4,ESD
ESD_0005_surprise_我已经习惯这种气候了,4,ESD
ESD_0005_surprise_也就是一大堆照片。,4,ESD
"ESD_0005_surprise_那就一会再说,我好害",4,ESD
ESD_0005_surprise_希望我有一天也可以去,4,ESD
"ESD_0005_surprise_你昨天才买衣服,真是",4,ESD
"ESD_0005_surprise_还要叫她起床,怎么会",4,ESD
"ESD_0005_surprise_是的,我知道,患难见",4,ESD
"ESD_0005_surprise_我是萌萌哒,你是呆呆",4,ESD
ESD_0005_surprise_你可以在那儿呆上至少,4,ESD
ESD_0005_surprise_对不起我把咖啡洒在桌,4,ESD
"ESD_0005_surprise_也不算,她有的歌我都",4,ESD
ESD_0005_surprise_我对养花已经厌倦了。,4,ESD
ESD_0005_surprise_我还会陪你一路走下去,4,ESD
ESD_0005_surprise_裁判全给了满分。,4,ESD
"ESD_0005_surprise_当然,我简直离开音乐",4,ESD
"ESD_0005_surprise_拜拜,明天要再来和小",4,ESD
ESD_0005_surprise_碰到喜欢的女孩子要主,4,ESD
ESD_0005_surprise_他的收支几乎不能平衡,4,ESD
"ESD_0005_surprise_明天是星期天,我们去",4,ESD
ESD_0005_surprise_大部分都是用诱饵钓到,4,ESD
"ESD_0005_surprise_所以你必须要坚持,时",4,ESD
ESD_0005_surprise_我非常支持人们走进太,4,ESD
ESD_0005_surprise_我的老朋友汉森就住在,4,ESD
ESD_0005_surprise_听起来你们玩得也很开,4,ESD
ESD_0005_surprise_这个对我来说有点难!,4,ESD
"ESD_0005_surprise_差不多,我们俩都很热",4,ESD
"ESD_0005_surprise_你要做爸爸了,真让人",4,ESD
ESD_0005_surprise_我真受不了城里那么大,4,ESD
ESD_0005_surprise_好的。新的音乐厅有一,4,ESD
"ESD_0005_surprise_这个位置不错,下车。",4,ESD
"ESD_0005_surprise_那不打扰你了,我不敢",4,ESD
"ESD_0005_surprise_最近很冷,风又大。",4,ESD
ESD_0005_surprise_我最近正在努力练习棋,4,ESD
"ESD_0005_surprise_拜托,别跟我提到笔记",4,ESD
ESD_0005_surprise_它是一个主要的空气污,4,ESD
"ESD_0005_surprise_我爱运动,但是对篮球",4,ESD
"ESD_0005_surprise_我不需要嗅觉,所以没",4,ESD
"ESD_0005_surprise_雪下得真大,带着我去",4,ESD
ESD_0005_surprise_我不这么认为。我们沿,4,ESD
"ESD_0005_surprise_食物也很美味,更不用",4,ESD
ESD_0005_surprise_大约一个小时左右。,4,ESD
ESD_0005_surprise_请勿进入竹林。不让进,4,ESD
ESD_0005_surprise_为了不让鱼吃掉诗人的,4,ESD
ESD_0005_surprise_那样的话你应该穿讲究,4,ESD
ESD_0005_surprise_我的直系亲属人数不多,4,ESD
ESD_0005_surprise_贾尼斯突然兴奋地大叫,4,ESD
ESD_0005_surprise_领带对男人来说真必不,4,ESD
ESD_0005_surprise_没有为什么就是要等我,4,ESD
ESD_0005_surprise_我不怎么在乎这个店有,4,ESD
ESD_0005_surprise_我最好的朋友就约会过,4,ESD
"ESD_0005_surprise_我不用转头,不需要脖",4,ESD
"ESD_0005_surprise_没看过小说,只有人类",4,ESD
ESD_0005_surprise_我是个游戏迷。,4,ESD
"ESD_0005_surprise_你比吴亦凡帅,我同意",4,ESD
"ESD_0005_surprise_我没有忽悠你,机器人",4,ESD
ESD_0005_surprise_最初我的工作是当一名,4,ESD
ESD_0005_surprise_陪你度过这漫长的黑夜,4,ESD
ESD_0005_surprise_这是我在旅游第四天拍,4,ESD
ESD_0005_surprise_这句话的意义我不太明,4,ESD
ESD_0005_surprise_我们想等一个合适的时,4,ESD
"ESD_0005_surprise_我很伤心,我准备去网",4,ESD
ESD_0005_surprise_这可真不像是场英超比,4,ESD
ESD_0005_surprise_他好像是被他女朋友给,4,ESD
ESD_0005_surprise_也许反倒是件好事,4,ESD
ESD_0005_surprise_听起来很厉害的样子!,4,ESD
ESD_0005_surprise_我必须再次感谢您的慷,4,ESD
"ESD_0005_surprise_我是淑女,只会讲文明",4,ESD
ESD_0005_surprise_这可是我学会的第一首,4,ESD
ESD_0005_surprise_谁都有烦的时候。,4,ESD
"ESD_0005_surprise_是很棒的一款手机,性",4,ESD
ESD_0005_surprise_没有找到你想删除的闹,4,ESD
"ESD_0005_surprise_很大,令人兴奋但是嘈",4,ESD
"ESD_0005_surprise_沈阳明天有雷阵雨,多",4,ESD
ESD_0005_surprise_但梅花往往被很多人忽,4,ESD
"ESD_0005_surprise_只要不违法,我还是想",4,ESD
ESD_0005_surprise_然后再找一个音乐播放,4,ESD
"ESD_0005_surprise_我当然喜欢,我很注意",4,ESD
"ESD_0005_surprise_是的,所以我永不喝它",4,ESD
"ESD_0005_surprise_我真兴奋,我终于有自",4,ESD
ESD_0005_surprise_我想说我也这样认为的,4,ESD
ESD_0005_surprise_绝对不可以走到湖的中,4,ESD
"ESD_0005_surprise_晚安,么么哒,满天都",4,ESD
"ESD_0005_surprise_有些人划船,有的人在",4,ESD
ESD_0005_surprise_我想所有中国人都会打,4,ESD
ESD_0005_surprise_有充足的时间购物和观,4,ESD
"ESD_0005_surprise_自己保重,记得要常联",4,ESD
"ESD_0005_surprise_门儿都没有,现在还不",4,ESD
"ESD_0005_surprise_我太喜欢听了,所以不",4,ESD
"ESD_0005_surprise_我随时都在,有没有梦",4,ESD
"ESD_0005_surprise_不会,不过我很喜欢单",4,ESD
ESD_0005_surprise_还有聊天记录。,4,ESD
"ESD_0005_surprise_在法国南部,气候常年",4,ESD
ESD_0005_surprise_哪天我也许得和他谈谈,4,ESD
"ESD_0005_surprise_振作点儿,我看了屏幕",4,ESD
"ESD_0005_surprise_我是银灰色的,我都被",4,ESD
"ESD_0005_surprise_文学和经济,我喜欢很",4,ESD
"ESD_0005_surprise_赌博往往是个祸根,",4,ESD
"ESD_0005_surprise_三个,两个儿子一个女",4,ESD
"ESD_0005_surprise_祝你春节快乐,全家幸",4,ESD
"ESD_0005_surprise_是的,我刚撞到了桌子",4,ESD
"ESD_0005_surprise_这个我相信,我是登山",4,ESD
"ESD_0005_surprise_播放歌单收藏,脑筋可",4,ESD
ESD_0005_surprise_我希望你能和我一起想,4,ESD
ESD_0005_surprise_我一直到清晨四点才到,4,ESD
ESD_0005_surprise_我刚从苏格兰回来。,4,ESD
ESD_0005_surprise_我支持你。它是需要重,4,ESD
ESD_0005_surprise_我在一个机械化农场做,4,ESD
ESD_0005_surprise_有时内在美更加重要。,4,ESD
ESD_0005_surprise_我去查查篮球相关的知,4,ESD
"ESD_0005_surprise_已经怀孕四个半月了,",4,ESD
"ESD_0005_surprise_这局我让你开,今天我",4,ESD
ESD_0005_surprise_我们休息一下喝杯咖啡,4,ESD
"ESD_0005_surprise_如果她拒绝我,我会死",4,ESD
ESD_0005_surprise_旅行结束后我将休息一,4,ESD
ESD_0005_surprise_现在全城的人都要向我,4,ESD
ESD_0005_surprise_我需要插着电源才能说,4,ESD
ESD_0005_surprise_每次你看到一些时尚衣,4,ESD
ESD_0005_surprise_你看上去比以前更漂亮,4,ESD
"ESD_0005_surprise_下午好,蒂娜,我想我",4,ESD
ESD_0005_surprise_家里有全自动洗衣机。,4,ESD
"ESD_0005_surprise_谢谢你来这里,告诉我",4,ESD
"ESD_0005_surprise_不是很喜欢,你把我绕",4,ESD
"ESD_0005_surprise_等待你的指令,随时可",4,ESD
ESD_0005_surprise_他对谁都那么友好。,4,ESD
ESD_0005_surprise_我喜欢吃中餐。,4,ESD
"ESD_0005_surprise_尽管提意见,我会改正",4,ESD
"ESD_0005_surprise_这么多笑话,一天讲不",4,ESD
"ESD_0005_surprise_我讨厌吃醋,偶是不懂",4,ESD
ESD_0005_surprise_我们下午可以在湖里划,4,ESD
ESD_0005_surprise_但是有时夏天比其它季,4,ESD
"ESD_0005_surprise_我们相处得很好,仅此",4,ESD
ESD_0005_surprise_于是我就问她能不能连,4,ESD
ESD_0005_surprise_我想要那种新款的美国,4,ESD
ESD_0005_surprise_错过这村可就没这个店,4,ESD
"ESD_0005_surprise_我曾经养过,我太高兴",4,ESD
ESD_0005_surprise_他们将于今年夏天结婚,4,ESD
"ESD_0005_surprise_谢谢你的夸奖,鲍伯上",4,ESD
"ESD_0005_surprise_你看起来很高兴,眼睛",4,ESD
ESD_0005_surprise_年轻人当然要承担责任,4,ESD
ESD_0005_surprise_不要乱问女孩子的年龄,4,ESD
ESD_0005_surprise_每天晚上跟你互道晚安,4,ESD
ESD_0005_surprise_我会在你的脸上画鬼脸,4,ESD
"ESD_0005_surprise_我缺钱用,所以上星期",4,ESD
ESD_0005_surprise_许多白领都参加到这个,4,ESD
"ESD_0005_surprise_很漂亮,不过人多拥挤",4,ESD
"ESD_0005_surprise_别总是闲着,找点事情",4,ESD
"ESD_0005_surprise_好好休息一下,这个小",4,ESD
ESD_0005_surprise_这两块是唐朝不同时期,4,ESD
"ESD_0005_surprise_我喜欢你的黑衣服,你",4,ESD
"ESD_0005_surprise_是的,真是名副其实。",4,ESD
"ESD_0005_surprise_是很难听的脏话,主人",4,ESD
"ESD_0006_anger_打远一看,它们的确很",2,ESD
ESD_0006_anger_英国的哲学家曾经说过,2,ESD
ESD_0006_anger_我老家在北京。,2,ESD
ESD_0006_anger_不管怎么说主队好象是,2,ESD
"ESD_0006_anger_我们乘船漂游了三峡,",2,ESD
ESD_0006_anger_我喜欢“北京欢迎你”,2,ESD
ESD_0006_anger_我每个月打一次电话。,2,ESD
ESD_0006_anger_沙尘暴好像给每个人都,2,ESD
"ESD_0006_anger_就是这个意思,你又聪",2,ESD
ESD_0006_anger_个人收藏家!他们肯定,2,ESD
ESD_0006_anger_妇女节快乐。我永远爱,2,ESD
ESD_0006_anger_你每次谈恋爱都像现在,2,ESD
"ESD_0006_anger_周末的我,只忙着陪你",2,ESD
"ESD_0006_anger_谁你也不认识,我很乐",2,ESD
ESD_0006_anger_我特别喜欢网球和登山,2,ESD
ESD_0006_anger_他一定是一眼就被你迷,2,ESD
ESD_0006_anger_很快你上大学就用得到,2,ESD
"ESD_0006_anger_我们意见不和,咱们去",2,ESD
"ESD_0006_anger_不就是你嘛,为什么要",2,ESD
ESD_0006_anger_前几天我碰见了一件有,2,ESD
ESD_0006_anger_已经播至该专辑最后一,2,ESD
ESD_0006_anger_我和我朋友刚从巴厘岛,2,ESD
ESD_0006_anger_做一些好吃的促进宝宝,2,ESD
ESD_0006_anger_你的身影总是在我心里,2,ESD
ESD_0006_anger_我觉得并不是非要有特,2,ESD
"ESD_0006_anger_是的,他很狡猾,经常",2,ESD
ESD_0006_anger_工厂不把它直接排到大,2,ESD
"ESD_0006_anger_没错,就是车门。另外",2,ESD
"ESD_0006_anger_很可爱啊,就像你一样",2,ESD
"ESD_0006_anger_除非你打飞碟球,但这",2,ESD
"ESD_0006_anger_没听清,请问什么时候",2,ESD
ESD_0006_anger_我遇到了一位漂亮的女,2,ESD
"ESD_0006_anger_我是青蛙,不用冬眠的",2,ESD
"ESD_0006_anger_那是马特,他肯定很勇",2,ESD
ESD_0006_anger_这样无辜的人就不会被,2,ESD
ESD_0006_anger_我必须一直通电才能工,2,ESD
ESD_0006_anger_我和我的妻子盼望着和,2,ESD
"ESD_0006_anger_当然是了,我现在快饿",2,ESD
"ESD_0006_anger_没有找到日程,走的时",2,ESD
ESD_0006_anger_是一家制药公司的短期,2,ESD
"ESD_0006_anger_姐忙得很,没空和你说",2,ESD
"ESD_0006_anger_我会暖被窝了,逗你的",2,ESD
"ESD_0006_anger_这样的话,我们可以选",2,ESD
"ESD_0006_anger_比方说,“华尔街日报",2,ESD
ESD_0006_anger_我知道人生并不总是一,2,ESD
ESD_0006_anger_我们可以轮流开车。,2,ESD
ESD_0006_anger_这是台湾地区最大的动,2,ESD
"ESD_0006_anger_时间不早了,我来了,",2,ESD
ESD_0006_anger_递给我一些彩球和纸花,2,ESD
"ESD_0006_anger_每次叫我都不给红包,",2,ESD
"ESD_0006_anger_没关系,也许他老婆会",2,ESD
ESD_0006_anger_你不应该害怕开始一段,2,ESD
"ESD_0006_anger_我肯定会的,那以后我",2,ESD
ESD_0006_anger_我是基于人工智能系统,2,ESD
ESD_0006_anger_它实际会形成一氧化碳,2,ESD
ESD_0006_anger_我参加了一个有关全球,2,ESD
"ESD_0006_anger_跳舞好难呀,我还正在",2,ESD
ESD_0006_anger_让人看上去就感到宽广,2,ESD
"ESD_0006_anger_只要是我能玩好的,我",2,ESD
ESD_0006_anger_坐地铁只需要大约二十,2,ESD
ESD_0006_anger_下个月我姐姐要结婚了,2,ESD
ESD_0006_anger_我是顺路过来跟你告别,2,ESD
ESD_0006_anger_你知道我很努力地在戒,2,ESD
"ESD_0006_anger_我告退了,晚上回去拍",2,ESD
"ESD_0006_anger_一点也不差,先把握好",2,ESD
ESD_0006_anger_我们可以去钓鱼、聊天,2,ESD
ESD_0006_anger_你深深地印在我的脑海,2,ESD
ESD_0006_anger_我应该给女朋友买玫瑰,2,ESD
"ESD_0006_anger_以后不要喝那么多了,",2,ESD
"ESD_0006_anger_心动不如行动,我不太",2,ESD
ESD_0006_anger_只要令人鼓舞的电影我,2,ESD
ESD_0006_anger_资料全都不见了。气死,2,ESD
ESD_0006_anger_她总是带香甜甜的微笑,2,ESD
ESD_0006_anger_今年应该是第二十七个,2,ESD
ESD_0006_anger_我也想去看可爱的熊猫,2,ESD
"ESD_0006_anger_是的,你是个大块头,",2,ESD
"ESD_0006_anger_奏婚礼进行曲了,他们",2,ESD
"ESD_0006_anger_它们的设计外形小巧,",2,ESD
ESD_0006_anger_人们当然都叫他“奥林,2,ESD
"ESD_0006_anger_看呀,我们差不多就装",2,ESD
ESD_0006_anger_这个镇上所有的人都喜,2,ESD
ESD_0006_anger_听说你要去香港看你叔,2,ESD
ESD_0006_anger_你身上的每一点都吸引,2,ESD
ESD_0006_anger_他好像跟他的秘书有过,2,ESD
"ESD_0006_anger_是啊,他的健康我总放",2,ESD
"ESD_0006_anger_真想不到,游泳竟有如",2,ESD
ESD_0006_anger_是没什么但是挺别扭的,2,ESD
"ESD_0006_anger_香港海洋公园,主人快",2,ESD
"ESD_0006_anger_是个冰淇淋,桃花确实",2,ESD
"ESD_0006_anger_还不太糟糕,但是得躺",2,ESD
ESD_0006_anger_如果有我能帮忙的请告,2,ESD
ESD_0006_anger_不会这么凑巧吧!我也,2,ESD
ESD_0006_anger_别不好意思。再多吃些,2,ESD
"ESD_0006_anger_很神奇的样子,我搞不",2,ESD
ESD_0006_anger_我倒是有一个爱好——,2,ESD
ESD_0006_anger_别小看我这发型!我还,2,ESD
ESD_0006_anger_你女儿和她妈妈长得很,2,ESD
ESD_0006_anger_我只会斗斗地主什么的,2,ESD
"ESD_0006_anger_得了吧,别这么胆小啦",2,ESD
ESD_0006_anger_就经常去我们宿舍附近,2,ESD
"ESD_0006_anger_很快,车就可自动开了",2,ESD
"ESD_0006_anger_我昨天遇到马克,他看",2,ESD
"ESD_0006_anger_感觉好温暖呀,好的,",2,ESD
ESD_0006_anger_没有找到蒸鱼的计时。,2,ESD
"ESD_0006_anger_我们俩合不来,还经常",2,ESD
"ESD_0006_anger_做不了什么,通常我会",2,ESD
ESD_0006_anger_我的表两点四十二。可,2,ESD
ESD_0006_anger_让我们看看哪一种球技,2,ESD
ESD_0006_anger_我其实挺饿的。,2,ESD
ESD_0006_anger_自己的事情要自己做。,2,ESD
ESD_0006_anger_每天早晨都是我妈妈帮,2,ESD
"ESD_0006_anger_那棒极了,其实心情挺",2,ESD
"ESD_0006_anger_玛丽,你看来很喜欢挖",2,ESD
"ESD_0006_anger_我也是,我还有点儿口",2,ESD
"ESD_0006_anger_真是个好习惯,通常看",2,ESD
"ESD_0006_anger_没有,不过,我们去了",2,ESD
"ESD_0006_anger_快点起床,我在公寓门",2,ESD
ESD_0006_anger_你的同学把你给捉弄了,2,ESD
"ESD_0006_anger_不过我想星期五走,",2,ESD
ESD_0006_anger_你还真是考虑周到。,2,ESD
ESD_0006_anger_那你就离市区很远了。,2,ESD
"ESD_0006_anger_汤姆是个好人,但却赌",2,ESD
ESD_0006_anger_那你就说你为之神魂颠,2,ESD
"ESD_0006_anger_是的,请返还我的钱,",2,ESD
"ESD_0006_anger_如果你想要纹身,你去",2,ESD
"ESD_0006_anger_不是,他住在沃斯盾的",2,ESD
ESD_0006_anger_你说我们在芝加哥要待,2,ESD
ESD_0006_anger_这些颜色也不太适合你,2,ESD
"ESD_0006_anger_对别人没有,而对我就",2,ESD
ESD_0006_anger_我的希望是工作到倒下,2,ESD
ESD_0006_anger_吝啬鬼!他每天还骑自,2,ESD
ESD_0006_anger_是你最牵挂的那个女人,2,ESD
ESD_0006_anger_是不是依然觉得我很可,2,ESD
ESD_0006_anger_多教我些东西我会更聪,2,ESD
ESD_0006_anger_我要学习一下相关知识,2,ESD
ESD_0006_anger_我喜欢几乎所有的运动,2,ESD
ESD_0006_anger_也许能帮助你把事情弄,2,ESD
ESD_0006_anger_我总是控制不了它。,2,ESD
ESD_0006_anger_他们的配合值得我们学,2,ESD
ESD_0006_anger_我也知道自己是大嘴巴,2,ESD
"ESD_0006_anger_你可以去问鹦鹉啊,鹦",2,ESD
"ESD_0006_anger_是啊,我还是个乳臭未",2,ESD
"ESD_0006_anger_女孩的心思你别猜,但",2,ESD
ESD_0006_anger_节食减肥很痛苦。,2,ESD
"ESD_0006_anger_听大自然的声响,就像",2,ESD
"ESD_0006_anger_现在,我仍然有点紧张",2,ESD
ESD_0006_anger_不知道。或许一双新鞋,2,ESD
ESD_0006_anger_有事记得喊我。,2,ESD
"ESD_0006_anger_你好,布赖恩,正好四",2,ESD
ESD_0006_anger_这样子比较有趣儿。,2,ESD
"ESD_0006_anger_我也最喜欢你,不要开",2,ESD
ESD_0006_anger_小心脚下。人行道上有,2,ESD
ESD_0006_anger_我们还等什么,2,ESD
"ESD_0006_anger_我还不会说其他外语,",2,ESD
ESD_0006_anger_我只打算放松一下自己,2,ESD
ESD_0006_anger_承蒙邀请参加你的婚礼,2,ESD
"ESD_0006_anger_你知道,有时候病人会",2,ESD
ESD_0006_anger_我的性格就是冷静并且,2,ESD
ESD_0006_anger_我不会牺牲我的健康来,2,ESD
ESD_0006_anger_当然!他是我们大学的,2,ESD
ESD_0006_anger_他讲的笑话让我笑个不,2,ESD
ESD_0006_anger_原来你也在玩这个,2,ESD
ESD_0006_anger_我还不知道你认识弗兰,2,ESD
ESD_0006_anger_我曾在一家船运公司里,2,ESD
ESD_0006_anger_其实我们前天已经分手,2,ESD
ESD_0006_anger_我想那些应该是草莓的,2,ESD
"ESD_0006_anger_太妙了,我想换一些日",2,ESD
"ESD_0006_anger_你得先回答我,你最喜",2,ESD
"ESD_0006_anger_让我再想想,真相已经",2,ESD
ESD_0006_anger_这样你就有时间挥拍打,2,ESD
"ESD_0006_anger_你这个小气鬼,很不幸",2,ESD
"ESD_0006_anger_我是个学生,服务器响",2,ESD
ESD_0006_anger_一套古瓷器。它真的很,2,ESD
ESD_0006_anger_他在这次竞选活动中花,2,ESD
"ESD_0006_anger_她此刻失业了,你最好",2,ESD
"ESD_0006_anger_带上你的家人,但是他",2,ESD
ESD_0006_anger_你在我的心里折腾好久,2,ESD
"ESD_0006_anger_你转一个,我想学习下",2,ESD
"ESD_0006_anger_她和维克分手了,所以",2,ESD
ESD_0006_anger_冬天雨非常多。我不喜,2,ESD
ESD_0006_anger_时间对珍尼来说是没有,2,ESD
ESD_0006_anger_大概足够支持我生活三,2,ESD
ESD_0006_anger_你绝对猜不到她准备要,2,ESD
ESD_0006_anger_二零一六年十一月五号,2,ESD
"ESD_0006_anger_今天真凉快,我希望主",2,ESD
ESD_0006_anger_软妹子生气会说:讨厌,2,ESD
ESD_0006_anger_我们一起为他办个惊喜,2,ESD
ESD_0006_anger_以后我要经常来这儿爬,2,ESD
"ESD_0006_anger_我是一名教师,你可是",2,ESD
ESD_0006_anger_上海现在是下午四点三,2,ESD
ESD_0006_anger_别问了!说多了都是眼,2,ESD
ESD_0006_anger_如果我滚远了就回不来,2,ESD
ESD_0006_anger_带女友出去好好吃上一,2,ESD
"ESD_0006_anger_炖肉一小时,剩余三十",2,ESD
ESD_0006_anger_我以为你们国家的人都,2,ESD
"ESD_0006_anger_我饿啦,我想去吃点东",2,ESD
"ESD_0006_anger_为什么不,交朋友不分",2,ESD
"ESD_0006_anger_当然知道,我们各有千",2,ESD
"ESD_0006_anger_我喜欢你的干净整洁,",2,ESD
ESD_0006_anger_我已经习惯这种气候了,2,ESD
ESD_0006_anger_也就是一大堆照片。,2,ESD
"ESD_0006_anger_那就一会再说,我好害",2,ESD
ESD_0006_anger_希望我有一天也可以去,2,ESD
"ESD_0006_anger_你昨天才买衣服,真是",2,ESD
"ESD_0006_anger_还要叫她起床,怎么会",2,ESD
"ESD_0006_anger_是的,我知道,患难见",2,ESD
"ESD_0006_anger_我是萌萌哒,你是呆呆",2,ESD
ESD_0006_anger_你可以在那儿呆上至少,2,ESD
ESD_0006_anger_对不起我把咖啡洒在桌,2,ESD
"ESD_0006_anger_也不算,她有的歌我都",2,ESD
ESD_0006_anger_我对养花已经厌倦了。,2,ESD
ESD_0006_anger_我还会陪你一路走下去,2,ESD
ESD_0006_anger_裁判全给了满分。,2,ESD
"ESD_0006_anger_当然,我简直离开音乐",2,ESD
"ESD_0006_anger_拜拜,明天要再来和小",2,ESD
ESD_0006_anger_碰到喜欢的女孩子要主,2,ESD
ESD_0006_anger_他的收支几乎不能平衡,2,ESD
"ESD_0006_anger_明天是星期天,我们去",2,ESD
ESD_0006_anger_大部分都是用诱饵钓到,2,ESD
"ESD_0006_anger_所以你必须要坚持,时",2,ESD
ESD_0006_anger_我非常支持人们走进太,2,ESD
ESD_0006_anger_我的老朋友汉森就住在,2,ESD
ESD_0006_anger_听起来你们玩得也很开,2,ESD
ESD_0006_anger_这个对我来说有点难!,2,ESD
"ESD_0006_anger_差不多,我们俩都很热",2,ESD
"ESD_0006_anger_你要做爸爸了,真让人",2,ESD
ESD_0006_anger_我真受不了城里那么大,2,ESD
ESD_0006_anger_好的。新的音乐厅有一,2,ESD
"ESD_0006_anger_这个位置不错,下车。",2,ESD
"ESD_0006_anger_那不打扰你了,我不敢",2,ESD
"ESD_0006_anger_最近很冷,风又大。",2,ESD
ESD_0006_anger_我最近正在努力练习棋,2,ESD
"ESD_0006_anger_拜托,别跟我提到笔记",2,ESD
ESD_0006_anger_它是一个主要的空气污,2,ESD
"ESD_0006_anger_我爱运动,但是对篮球",2,ESD
"ESD_0006_anger_我不需要嗅觉,所以没",2,ESD
"ESD_0006_anger_雪下得真大,带着我去",2,ESD
ESD_0006_anger_我不这么认为。我们沿,2,ESD
"ESD_0006_anger_食物也很美味,更不用",2,ESD
ESD_0006_anger_大约一个小时左右。,2,ESD
ESD_0006_anger_请勿进入竹林。不让进,2,ESD
ESD_0006_anger_为了不让鱼吃掉诗人的,2,ESD
ESD_0006_anger_那样的话你应该穿讲究,2,ESD
ESD_0006_anger_我的直系亲属人数不多,2,ESD
ESD_0006_anger_贾尼斯突然兴奋地大叫,2,ESD
ESD_0006_anger_领带对男人来说真必不,2,ESD
ESD_0006_anger_没有为什么就是要等我,2,ESD
ESD_0006_anger_我不怎么在乎这个店有,2,ESD
ESD_0006_anger_我最好的朋友就约会过,2,ESD
"ESD_0006_anger_我不用转头,不需要脖",2,ESD
"ESD_0006_anger_没看过小说,只有人类",2,ESD
ESD_0006_anger_我是个游戏迷。,2,ESD
"ESD_0006_anger_你比吴亦凡帅,我同意",2,ESD
"ESD_0006_anger_我没有忽悠你,机器人",2,ESD
ESD_0006_anger_最初我的工作是当一名,2,ESD
ESD_0006_anger_陪你度过这漫长的黑夜,2,ESD
ESD_0006_anger_这是我在旅游第四天拍,2,ESD
ESD_0006_anger_这句话的意义我不太明,2,ESD
ESD_0006_anger_我们想等一个合适的时,2,ESD
"ESD_0006_anger_我很伤心,我准备去网",2,ESD
ESD_0006_anger_这可真不像是场英超比,2,ESD
ESD_0006_anger_他好像是被他女友给甩,2,ESD
ESD_0006_anger_也许反倒是件好事,2,ESD
ESD_0006_anger_听起来很厉害的样子!,2,ESD
ESD_0006_anger_我必须再次感谢您的慷,2,ESD
"ESD_0006_anger_我是淑女,只会讲文明",2,ESD
ESD_0006_anger_这可是我学会的第一首,2,ESD
ESD_0006_anger_谁都有烦的时候。,2,ESD
"ESD_0006_anger_是很棒的一款手机,性",2,ESD
ESD_0006_anger_没有找到你想删除的闹,2,ESD
"ESD_0006_anger_很大,令人兴奋但是嘈",2,ESD
"ESD_0006_anger_沈阳明天有雷阵雨,多",2,ESD
ESD_0006_anger_但梅花往往被很多人忽,2,ESD
"ESD_0006_anger_只要不违法,我还是想",2,ESD
ESD_0006_anger_然后再找一个音乐播放,2,ESD
"ESD_0006_anger_我当然喜欢,我很注意",2,ESD
"ESD_0006_anger_是的,所以我永不喝它",2,ESD
"ESD_0006_anger_我真兴奋,我终于有自",2,ESD
ESD_0006_anger_我想说我也这样认为的,2,ESD
ESD_0006_anger_绝对不可以走到湖的中,2,ESD
"ESD_0006_anger_晚安,么么哒,满天都",2,ESD
"ESD_0006_anger_有些人划船,有的人在",2,ESD
ESD_0006_anger_我想所有中国人都会打,2,ESD
ESD_0006_anger_有充足的时间购物和观,2,ESD
"ESD_0006_anger_自己保重,记得要常联",2,ESD
"ESD_0006_anger_门儿都没有,现在还不",2,ESD
"ESD_0006_anger_我太喜欢听了,所以不",2,ESD
"ESD_0006_anger_我随时都在,有没有梦",2,ESD
"ESD_0006_anger_不会,不过我很喜欢单",2,ESD
ESD_0006_anger_还有聊天记录。,2,ESD
"ESD_0006_anger_在法国南部,气候常年",2,ESD
ESD_0006_anger_哪天我也许得和他谈谈,2,ESD
"ESD_0006_anger_振作点儿,我看了屏幕",2,ESD
"ESD_0006_anger_我是银灰色的,我都被",2,ESD
"ESD_0006_anger_文学和经济,我喜欢很",2,ESD
"ESD_0006_anger_赌博往往是个祸根,",2,ESD
"ESD_0006_anger_三个,两个儿子一个女",2,ESD
"ESD_0006_anger_祝你春节快乐,全家幸",2,ESD
"ESD_0006_anger_是的,我刚撞到了桌子",2,ESD
"ESD_0006_anger_这个我相信,我是登山",2,ESD
"ESD_0006_anger_播放歌单收藏,脑筋可",2,ESD
ESD_0006_anger_我希望你能和我一起想,2,ESD
ESD_0006_anger_我一直到清晨四点才到,2,ESD
ESD_0006_anger_我刚从苏格兰回来。,2,ESD
ESD_0006_anger_我支持你。它是需要重,2,ESD
ESD_0006_anger_我在一个机械化农场做,2,ESD
ESD_0006_anger_有时内在美更加重要。,2,ESD
ESD_0006_anger_我去查查篮球相关的知,2,ESD
"ESD_0006_anger_已经怀孕四个半月了,",2,ESD
"ESD_0006_anger_这局我让你开,今天我",2,ESD
ESD_0006_anger_我们休息一下喝杯咖啡,2,ESD
"ESD_0006_anger_如果她拒绝我,我会死",2,ESD
ESD_0006_anger_旅行结束后我将休息一,2,ESD
ESD_0006_anger_现在全城的人都要向我,2,ESD
ESD_0006_anger_我需要插着电源才能说,2,ESD
ESD_0006_anger_每次你看到一些时尚衣,2,ESD
ESD_0006_anger_你看上去比以前更漂亮,2,ESD
"ESD_0006_anger_下午好,蒂娜,我想我",2,ESD
ESD_0006_anger_家里有全自动洗衣机。,2,ESD
"ESD_0006_anger_谢谢你来这里,告诉我",2,ESD
"ESD_0006_anger_不是很喜欢,你把我绕",2,ESD
"ESD_0006_anger_等待你的指令,随时可",2,ESD
ESD_0006_anger_他对谁都那么友好。,2,ESD
ESD_0006_anger_我喜欢吃中餐。,2,ESD
"ESD_0006_anger_尽管提意见,我会改正",2,ESD
"ESD_0006_anger_这么多笑话,一天讲不",2,ESD
"ESD_0006_anger_我讨厌吃醋,偶是不懂",2,ESD
ESD_0006_anger_我们下午可以在湖里划,2,ESD
ESD_0006_anger_但是有时夏天比其它季,2,ESD
"ESD_0006_anger_我们相处得很好,仅此",2,ESD
ESD_0006_anger_于是我就问她能不能连,2,ESD
ESD_0006_anger_我想要那种新款的美国,2,ESD
ESD_0006_anger_错过这村可就没这个店,2,ESD
"ESD_0006_anger_我曾经养过,我太高兴",2,ESD
ESD_0006_anger_他们将于今年夏天结婚,2,ESD
"ESD_0006_anger_谢谢你的夸奖,鲍伯上",2,ESD
"ESD_0006_anger_你看起来很高兴,眼睛",2,ESD
ESD_0006_anger_年轻人当然要承担责任,2,ESD
ESD_0006_anger_不要乱问女孩子的年龄,2,ESD
ESD_0006_anger_每天晚上跟你互道晚安,2,ESD
ESD_0006_anger_我会在你的脸上画鬼脸,2,ESD
"ESD_0006_anger_我缺钱用,所以上星期",2,ESD
ESD_0006_anger_许多白领都参加到这个,2,ESD
"ESD_0006_anger_很漂亮,不过人多拥挤",2,ESD
"ESD_0006_anger_别总是闲着,找点事情",2,ESD
"ESD_0006_anger_好好休息一下,这个小",2,ESD
ESD_0006_anger_这两块是唐朝不同时期,2,ESD
"ESD_0006_anger_我喜欢你的黑衣服,你",2,ESD
"ESD_0006_anger_是的,真是名副其实。",2,ESD
"ESD_0006_anger_是很难听的脏话,主人",2,ESD
"ESD_0006_happiness_打远一看,它们的确很",1,ESD
ESD_0006_happiness_英国的哲学家曾经说过,1,ESD
ESD_0006_happiness_我老家在北京。,1,ESD
ESD_0006_happiness_不管怎么说主队好象是,1,ESD
"ESD_0006_happiness_我们乘船漂游了三峡,",1,ESD
ESD_0006_happiness_我喜欢“北京欢迎你”,1,ESD
ESD_0006_happiness_我每个月打一次电话。,1,ESD
ESD_0006_happiness_沙尘暴好像给每个人都,1,ESD
"ESD_0006_happiness_就是这个意思,你又聪",1,ESD
ESD_0006_happiness_个人收藏家!他们肯定,1,ESD
ESD_0006_happiness_妇女节快乐。我永远爱,1,ESD
ESD_0006_happiness_你每次谈恋爱都像现在,1,ESD
"ESD_0006_happiness_周末的我,只忙着陪你",1,ESD
"ESD_0006_happiness_谁你也不认识,我很乐",1,ESD
ESD_0006_happiness_我特别喜欢网球和登山,1,ESD
ESD_0006_happiness_他一定是一眼就被你迷,1,ESD
ESD_0006_happiness_很快你上大学就用得到,1,ESD
"ESD_0006_happiness_我们意见不和,咱们去",1,ESD
"ESD_0006_happiness_不就是你嘛,为什么要",1,ESD
ESD_0006_happiness_前几天我碰见了一件有,1,ESD
ESD_0006_happiness_已经播至该专辑最后一,1,ESD
ESD_0006_happiness_我和我朋友刚从巴厘岛,1,ESD
ESD_0006_happiness_做一些好吃的促进宝宝,1,ESD
ESD_0006_happiness_你的身影总是在我心里,1,ESD
ESD_0006_happiness_我觉得并不是非要有特,1,ESD
"ESD_0006_happiness_是的,他很狡猾,经常",1,ESD
ESD_0006_happiness_工厂不把它直接排到大,1,ESD
"ESD_0006_happiness_没错,就是车门。另外",1,ESD
"ESD_0006_happiness_很可爱啊,就像你一样",1,ESD
"ESD_0006_happiness_除非你打飞碟球,但这",1,ESD
"ESD_0006_happiness_没听清,请问什么时间",1,ESD
ESD_0006_happiness_我遇到了一位漂亮的女,1,ESD
"ESD_0006_happiness_我是青蛙,不用冬眠的",1,ESD
"ESD_0006_happiness_那是马特,他肯定很勇",1,ESD
ESD_0006_happiness_这样无辜的人就不会被,1,ESD
ESD_0006_happiness_我必须一直通电才能工,1,ESD
ESD_0006_happiness_我和我的妻子盼望着和,1,ESD
"ESD_0006_happiness_当然是了,我现在快饿",1,ESD
"ESD_0006_happiness_没有找到日程,走的时",1,ESD
ESD_0006_happiness_是一家制药公司的短期,1,ESD
"ESD_0006_happiness_姐忙得很,没空和你说",1,ESD
"ESD_0006_happiness_我会暖被窝了,逗你的",1,ESD
"ESD_0006_happiness_这样的话,我们可以选",1,ESD
"ESD_0006_happiness_比方说,“华尔街日报",1,ESD
ESD_0006_happiness_我知道人生并不总是一,1,ESD
ESD_0006_happiness_我们可以轮流开车。,1,ESD
ESD_0006_happiness_这是台湾地区最大的动,1,ESD
"ESD_0006_happiness_时候不早了,我来了,",1,ESD
ESD_0006_happiness_递给我一些彩球和纸花,1,ESD
"ESD_0006_happiness_每次叫我都不给红包,",1,ESD
"ESD_0006_happiness_没关系,也许他老婆会",1,ESD
ESD_0006_happiness_你不应该害怕开始一段,1,ESD
"ESD_0006_happiness_我肯定会的,那以后我",1,ESD
ESD_0006_happiness_我是基于人工智能系统,1,ESD
ESD_0006_happiness_它实际会形成一氧化碳,1,ESD
ESD_0006_happiness_我参加了一个有关全球,1,ESD
"ESD_0006_happiness_跳舞好难呀,我还正在",1,ESD
ESD_0006_happiness_让人看上去就感到宽广,1,ESD
"ESD_0006_happiness_只要是我能玩好的,我",1,ESD
ESD_0006_happiness_坐地铁只需要大约二十,1,ESD
ESD_0006_happiness_下个月我姐姐要结婚了,1,ESD
ESD_0006_happiness_我是顺路过来跟你告别,1,ESD
ESD_0006_happiness_你知道我很努力地在戒,1,ESD
"ESD_0006_happiness_我告退了,晚上回去拍",1,ESD
"ESD_0006_happiness_一点也不差,先把握好",1,ESD
ESD_0006_happiness_我们可以去钓鱼、聊天,1,ESD
ESD_0006_happiness_你深深地印在我的脑海,1,ESD
ESD_0006_happiness_我应该给女朋友买玫瑰,1,ESD
"ESD_0006_happiness_以后不要喝那么多了,",1,ESD
"ESD_0006_happiness_心动不如行动,我不太",1,ESD
ESD_0006_happiness_只要令人鼓舞的电影我,1,ESD
ESD_0006_happiness_资料全都不见了。气死,1,ESD
ESD_0006_happiness_她总是带香甜甜的微笑,1,ESD
ESD_0006_happiness_今年应该是第二十七个,1,ESD
ESD_0006_happiness_我也想去看可爱的熊猫,1,ESD
"ESD_0006_happiness_是的,你是个大块头,",1,ESD
"ESD_0006_happiness_奏婚礼进行曲了,他们",1,ESD
"ESD_0006_happiness_它们的设计外形小巧,",1,ESD
ESD_0006_happiness_人们当然都叫他“奥林,1,ESD
"ESD_0006_happiness_看呀,我们差不多就装",1,ESD
ESD_0006_happiness_这个镇上所有的人都喜,1,ESD
ESD_0006_happiness_听说你要去香港看你叔,1,ESD
ESD_0006_happiness_你身上的每一点都吸引,1,ESD
ESD_0006_happiness_他好像跟他的秘书有过,1,ESD
"ESD_0006_happiness_是啊,他的健康我总是",1,ESD
"ESD_0006_happiness_真想不到,游泳竟有如",1,ESD
ESD_0006_happiness_是没什么但是挺别扭的,1,ESD
"ESD_0006_happiness_香港海洋公园,主人快",1,ESD
"ESD_0006_happiness_是个冰淇淋,桃花确实",1,ESD
"ESD_0006_happiness_还不太糟糕,但是得躺",1,ESD
ESD_0006_happiness_如果有我能帮忙的请告,1,ESD
ESD_0006_happiness_不会这么凑巧吧!我也,1,ESD
ESD_0006_happiness_别不好意思。再多吃些,1,ESD
"ESD_0006_happiness_很神奇的样子,我搞不",1,ESD
ESD_0006_happiness_我倒是有一个爱好——,1,ESD
ESD_0006_happiness_别小看我这发型!我还,1,ESD
ESD_0006_happiness_你女儿和她妈妈长得很,1,ESD
ESD_0006_happiness_我只会斗斗地主什么的,1,ESD
"ESD_0006_happiness_得了吧,别这么胆小啦",1,ESD
ESD_0006_happiness_就经常去我们宿舍附近,1,ESD
"ESD_0006_happiness_很快,车就可自动开了",1,ESD
"ESD_0006_happiness_我昨天遇到马克,他看",1,ESD
"ESD_0006_happiness_感觉好温暖呀,好的,",1,ESD
ESD_0006_happiness_没有找到蒸鱼的计时。,1,ESD
"ESD_0006_happiness_我们俩合不来,还经常",1,ESD
"ESD_0006_happiness_做不了什么,通常我会",1,ESD
ESD_0006_happiness_我的表两点四十二。可,1,ESD
ESD_0006_happiness_让我们看看哪一种球技,1,ESD
ESD_0006_happiness_我其实挺饿的。,1,ESD
ESD_0006_happiness_自己的事情要自己做。,1,ESD
ESD_0006_happiness_每天早晨都是我妈妈帮,1,ESD
"ESD_0006_happiness_那棒极了,其实心情挺",1,ESD
"ESD_0006_happiness_玛丽,你看来很喜欢挖",1,ESD
"ESD_0006_happiness_我也是,我还有点儿口",1,ESD
"ESD_0006_happiness_真是个好习惯,通常看",1,ESD
"ESD_0006_happiness_没有,不过,我们去了",1,ESD
"ESD_0006_happiness_快点起床,我在公寓门",1,ESD
ESD_0006_happiness_你的同学把你给捉弄了,1,ESD
"ESD_0006_happiness_不过我想星期五走,",1,ESD
ESD_0006_happiness_你还真是考虑周到。,1,ESD
ESD_0006_happiness_那你就离市区很远了。,1,ESD
"ESD_0006_happiness_汤姆是个好人,但却赌",1,ESD
ESD_0006_happiness_那你就说你为之神魂颠,1,ESD
"ESD_0006_happiness_是的,请返还我的钱,",1,ESD
"ESD_0006_happiness_如果你想要纹身,你去",1,ESD
"ESD_0006_happiness_不是,他住在沃斯盾的",1,ESD
ESD_0006_happiness_你说我们在芝加哥要待,1,ESD
ESD_0006_happiness_这些颜色也不太适合你,1,ESD
"ESD_0006_happiness_对别人没有,而对我就",1,ESD
ESD_0006_happiness_我的希望是工作到倒下,1,ESD
ESD_0006_happiness_吝啬鬼!他每天还骑自,1,ESD
ESD_0006_happiness_是你最牵挂的那个女人,1,ESD
ESD_0006_happiness_是不是依然觉得我很可,1,ESD
ESD_0006_happiness_多教我些东西我会更聪,1,ESD
ESD_0006_happiness_我要学习一下相关知识,1,ESD
ESD_0006_happiness_我喜欢几乎所有的运动,1,ESD
ESD_0006_happiness_也许能帮助你把事情弄,1,ESD
ESD_0006_happiness_我总是控制不了它。,1,ESD
ESD_0006_happiness_他们的配合值得我们学,1,ESD
ESD_0006_happiness_我也知道自己是大嘴巴,1,ESD
"ESD_0006_happiness_你可以去问鹦鹉啊,鹦",1,ESD
"ESD_0006_happiness_是啊,我还是个乳臭未",1,ESD
"ESD_0006_happiness_女孩的心思你别猜,但",1,ESD
ESD_0006_happiness_节食减肥很痛苦。,1,ESD
"ESD_0006_happiness_听大自然的声响,就像",1,ESD
"ESD_0006_happiness_现在,我仍然有点紧张",1,ESD
ESD_0006_happiness_不知道。或许一双新鞋,1,ESD
ESD_0006_happiness_有事记得喊我。,1,ESD
"ESD_0006_happiness_你好,布赖恩,正好四",1,ESD
ESD_0006_happiness_这样子比较有趣。,1,ESD
"ESD_0006_happiness_我也最喜欢你,不要开",1,ESD
ESD_0006_happiness_小心脚下。人行道上有,1,ESD
ESD_0006_happiness_我们还等什么,1,ESD
"ESD_0006_happiness_我还不会说其他外语,",1,ESD
ESD_0006_happiness_我只打算放松一下自己,1,ESD
ESD_0006_happiness_承蒙邀请参加你的婚礼,1,ESD
"ESD_0006_happiness_你知道,有时候病人会",1,ESD
ESD_0006_happiness_我的性格就是冷静并且,1,ESD
ESD_0006_happiness_我不会牺牲我的健康来,1,ESD
ESD_0006_happiness_当然!他是我们大学的,1,ESD
ESD_0006_happiness_他讲的笑话让我笑个不,1,ESD
ESD_0006_happiness_原来你也在玩这个,1,ESD
ESD_0006_happiness_我还不知道你认识弗兰,1,ESD
ESD_0006_happiness_我曾在一家船运公司里,1,ESD
ESD_0006_happiness_其实我们前天已经分手,1,ESD
ESD_0006_happiness_我想那些应该是草莓的,1,ESD
"ESD_0006_happiness_太妙了,我想换一些日",1,ESD
"ESD_0006_happiness_你得先回答我,你最喜",1,ESD
"ESD_0006_happiness_让我再想想,真相已经",1,ESD
ESD_0006_happiness_这样你就有时间挥拍打,1,ESD
"ESD_0006_happiness_你这个小气鬼,很不幸",1,ESD
"ESD_0006_happiness_我是个学生,服务器响",1,ESD
ESD_0006_happiness_一套古瓷器。它真的很,1,ESD
ESD_0006_happiness_他在这次竞选活动中花,1,ESD
"ESD_0006_happiness_她此刻失业了,你最好",1,ESD
"ESD_0006_happiness_带上你的家人,但是他",1,ESD
ESD_0006_happiness_你在我的心里折腾好久,1,ESD
"ESD_0006_happiness_你转一个,我想学习下",1,ESD
"ESD_0006_happiness_她和维克分手了,所以",1,ESD
ESD_0006_happiness_冬天雨非常多。我不喜,1,ESD
ESD_0006_happiness_时间对珍尼来说是没有,1,ESD
ESD_0006_happiness_大概足够支持我生活三,1,ESD
ESD_0006_happiness_你绝对猜不到她准备要,1,ESD
ESD_0006_happiness_二零一六年十一月五号,1,ESD
"ESD_0006_happiness_今天真凉快,我希望主",1,ESD
ESD_0006_happiness_软妹子生气会说:讨厌,1,ESD
ESD_0006_happiness_我们一起为他办个惊喜,1,ESD
ESD_0006_happiness_以后我要经常来这儿爬,1,ESD
"ESD_0006_happiness_我是一名教师,你可是",1,ESD
ESD_0006_happiness_上海现在是下午四点三,1,ESD
ESD_0006_happiness_别问了!说多了都是眼,1,ESD
ESD_0006_happiness_如果我滚远了就回不来,1,ESD
ESD_0006_happiness_带女友出去好好吃上一,1,ESD
"ESD_0006_happiness_炖肉一小时,剩余三十",1,ESD
ESD_0006_happiness_我以为你们国家的人都,1,ESD
"ESD_0006_happiness_我饿啦,我想去吃点东",1,ESD
"ESD_0006_happiness_为什么不,交朋友不分",1,ESD
"ESD_0006_happiness_当然知道,我们各有千",1,ESD
"ESD_0006_happiness_我喜欢你的干净整洁,",1,ESD
ESD_0006_happiness_我已经习惯这种气候了,1,ESD
ESD_0006_happiness_也就是一大堆照片。,1,ESD
"ESD_0006_happiness_那就一会再说,我好害",1,ESD
ESD_0006_happiness_希望我有一天也可以去,1,ESD
"ESD_0006_happiness_你昨天才买衣服,真是",1,ESD
"ESD_0006_happiness_还要叫她起床,怎么会",1,ESD
"ESD_0006_happiness_是的,我知道,患难见",1,ESD
"ESD_0006_happiness_我是萌萌哒,你是呆呆",1,ESD
ESD_0006_happiness_你可以在那儿呆上至少,1,ESD
ESD_0006_happiness_对不起我把咖啡洒在桌,1,ESD
"ESD_0006_happiness_也不算,她有的歌我都",1,ESD
ESD_0006_happiness_我对养花已经厌倦了。,1,ESD
ESD_0006_happiness_我还会陪你一路走下去,1,ESD
ESD_0006_happiness_裁判全给了满分。,1,ESD
"ESD_0006_happiness_当然,我简直离开音乐",1,ESD
"ESD_0006_happiness_拜拜,明天要再来和小",1,ESD
ESD_0006_happiness_碰到喜欢的女孩子要主,1,ESD
ESD_0006_happiness_他的收支几乎不能平衡,1,ESD
"ESD_0006_happiness_明天是星期天,我们去",1,ESD
ESD_0006_happiness_大部分都是用诱饵钓到,1,ESD
"ESD_0006_happiness_所以你必须要坚持,时",1,ESD
ESD_0006_happiness_我非常支持人们走进太,1,ESD
ESD_0006_happiness_我的老朋友汉森就住在,1,ESD
ESD_0006_happiness_听起来你们玩得也很开,1,ESD
ESD_0006_happiness_这个对我来说有点难!,1,ESD
"ESD_0006_happiness_差不多,我们俩都很热",1,ESD
"ESD_0006_happiness_你要做爸爸了,真让人",1,ESD
ESD_0006_happiness_我真受不了城里那么大,1,ESD
ESD_0006_happiness_好的。新的音乐厅有一,1,ESD
"ESD_0006_happiness_这个位置不错,下车。",1,ESD
"ESD_0006_happiness_那不打扰你了,我不敢",1,ESD
"ESD_0006_happiness_最近很冷,风又大。",1,ESD
ESD_0006_happiness_我最近正在努力练习棋,1,ESD
"ESD_0006_happiness_拜托,别跟我提到笔记",1,ESD
ESD_0006_happiness_它是一个主要的空气污,1,ESD
"ESD_0006_happiness_我爱运动,但是对篮球",1,ESD
"ESD_0006_happiness_我不需要嗅觉,所以没",1,ESD
"ESD_0006_happiness_雪下得真大,带着我去",1,ESD
ESD_0006_happiness_我不这么认为。我们沿,1,ESD
"ESD_0006_happiness_食物也很美味,更不用",1,ESD
ESD_0006_happiness_大约一个小时左右。,1,ESD
ESD_0006_happiness_请勿进入竹林。不让进,1,ESD
ESD_0006_happiness_为了不让鱼吃掉诗人的,1,ESD
ESD_0006_happiness_那样的话你应该穿讲究,1,ESD
ESD_0006_happiness_我的直系亲属人数不多,1,ESD
ESD_0006_happiness_贾尼斯突然兴奋地大叫,1,ESD
ESD_0006_happiness_领带对男人来说真必不,1,ESD
ESD_0006_happiness_没有为什么就是要等我,1,ESD
ESD_0006_happiness_我不怎么在乎这个店有,1,ESD
ESD_0006_happiness_我最好的朋友就约会过,1,ESD
"ESD_0006_happiness_我不用转头,不需要脖",1,ESD
"ESD_0006_happiness_没看过小说,只有人类",1,ESD
ESD_0006_happiness_我是个游戏迷。,1,ESD
"ESD_0006_happiness_你比吴亦凡帅,我同意",1,ESD
"ESD_0006_happiness_我没有忽悠你,机器人",1,ESD
ESD_0006_happiness_最初我的工作是当一名,1,ESD
ESD_0006_happiness_陪你度过这漫长的黑夜,1,ESD
ESD_0006_happiness_这是我在旅游第四天拍,1,ESD
ESD_0006_happiness_这句话的意义我不太明,1,ESD
ESD_0006_happiness_我们想等一个合适的时,1,ESD
"ESD_0006_happiness_我很伤心,我准备去网",1,ESD
ESD_0006_happiness_这可真不像是场英超比,1,ESD
ESD_0006_happiness_他好像是被他女友给甩,1,ESD
ESD_0006_happiness_也许反倒是件好事,1,ESD
ESD_0006_happiness_听起来很厉害的样子!,1,ESD
ESD_0006_happiness_我必须再次感谢您的慷,1,ESD
"ESD_0006_happiness_我是淑女,只会讲文明",1,ESD
ESD_0006_happiness_这可是我学会的第一首,1,ESD
ESD_0006_happiness_谁都有烦的时候。,1,ESD
"ESD_0006_happiness_是很棒的一款手机,性",1,ESD
ESD_0006_happiness_没有找到你想删除的闹,1,ESD
"ESD_0006_happiness_很大,令人兴奋但是嘈",1,ESD
"ESD_0006_happiness_沈阳明天有雷阵雨,多",1,ESD
ESD_0006_happiness_但梅花往往被很多人忽,1,ESD
"ESD_0006_happiness_只要不违法,我还是想",1,ESD
ESD_0006_happiness_然后再找一个音乐播放,1,ESD
"ESD_0006_happiness_我当然喜欢,我很注意",1,ESD
"ESD_0006_happiness_是的,所以我永不喝它",1,ESD
"ESD_0006_happiness_我真兴奋,我终于有自",1,ESD
ESD_0006_happiness_我想说我也这样认为的,1,ESD
ESD_0006_happiness_绝对不可以走到湖的中,1,ESD
"ESD_0006_happiness_晚安,么么哒,满天都",1,ESD
"ESD_0006_happiness_有些人划船,有的人在",1,ESD
ESD_0006_happiness_我想所有中国人都会打,1,ESD
ESD_0006_happiness_有足够的时间购物和观,1,ESD
"ESD_0006_happiness_自己保重,记得要常联",1,ESD
"ESD_0006_happiness_门儿都没有,现在还不",1,ESD
"ESD_0006_happiness_我太喜欢听了,所以不",1,ESD
"ESD_0006_happiness_我随时都在,有没有梦",1,ESD
"ESD_0006_happiness_不会,不过我很喜欢单",1,ESD
ESD_0006_happiness_还有聊天记录。,1,ESD
"ESD_0006_happiness_在法国南部,气候常年",1,ESD
ESD_0006_happiness_哪天我也许得和他谈谈,1,ESD
"ESD_0006_happiness_振作点儿,我看了屏幕",1,ESD
"ESD_0006_happiness_我是银灰色的,我都被",1,ESD
"ESD_0006_happiness_文学和经济,我喜欢很",1,ESD
"ESD_0006_happiness_赌博往往是个祸根,",1,ESD
"ESD_0006_happiness_三个,两个儿子一个女",1,ESD
"ESD_0006_happiness_祝你春节快乐,全家幸",1,ESD
"ESD_0006_happiness_是的,我刚撞到了桌子",1,ESD
"ESD_0006_happiness_这个我相信,我是登山",1,ESD
"ESD_0006_happiness_播放歌单收藏,脑筋可",1,ESD
ESD_0006_happiness_我希望你能和我一起想,1,ESD
ESD_0006_happiness_我一直到清晨四点才到,1,ESD
ESD_0006_happiness_我刚从苏格兰回来。,1,ESD
ESD_0006_happiness_我支持你。它是需要重,1,ESD
ESD_0006_happiness_我在一个机械化农场做,1,ESD
ESD_0006_happiness_有时内在美更加重要。,1,ESD
ESD_0006_happiness_我去查查篮球相关的知,1,ESD
"ESD_0006_happiness_已经怀孕四个半月了,",1,ESD
"ESD_0006_happiness_这局我让你开,今天我",1,ESD
ESD_0006_happiness_我们休息一下喝杯咖啡,1,ESD
"ESD_0006_happiness_如果她拒绝我,我会死",1,ESD
ESD_0006_happiness_旅行结束后我将休息一,1,ESD
ESD_0006_happiness_现在全城的人都要向我,1,ESD
ESD_0006_happiness_我需要插着电源才能说,1,ESD
ESD_0006_happiness_每次你看到一些时尚衣,1,ESD
ESD_0006_happiness_你看上去比以前更漂亮,1,ESD
"ESD_0006_happiness_下午好,蒂娜,我想我",1,ESD
ESD_0006_happiness_家里有全自动洗衣机。,1,ESD
"ESD_0006_happiness_谢谢你来这里,告诉我",1,ESD
"ESD_0006_happiness_不是很喜欢,你把我绕",1,ESD
"ESD_0006_happiness_等待你的指令,随时可",1,ESD
ESD_0006_happiness_他对谁都那么友好。,1,ESD
ESD_0006_happiness_我喜欢吃中餐。,1,ESD
"ESD_0006_happiness_尽管提意见,我会改正",1,ESD
"ESD_0006_happiness_这么多笑话,一天讲不",1,ESD
"ESD_0006_happiness_我讨厌吃醋,偶是不懂",1,ESD
ESD_0006_happiness_我们下午可以在湖里划,1,ESD
ESD_0006_happiness_但是有时夏天比其它季,1,ESD
"ESD_0006_happiness_我们相处得很好,仅此",1,ESD
ESD_0006_happiness_于是我就问她能不能连,1,ESD
ESD_0006_happiness_我想要那种新款的美国,1,ESD
ESD_0006_happiness_错过这村可就没这个店,1,ESD
"ESD_0006_happiness_我曾经养过,我太高兴",1,ESD
ESD_0006_happiness_他们将于今年夏天结婚,1,ESD
"ESD_0006_happiness_谢谢你的夸奖,鲍伯上",1,ESD
"ESD_0006_happiness_你看起来很高兴,眼睛",1,ESD
ESD_0006_happiness_年轻人当然要承担责任,1,ESD
ESD_0006_happiness_不要乱问女孩子的年龄,1,ESD
ESD_0006_happiness_每天晚上跟你互道晚安,1,ESD
ESD_0006_happiness_我会在你的脸上画鬼脸,1,ESD
"ESD_0006_happiness_我缺钱用,所以上星期",1,ESD
ESD_0006_happiness_许多白领都参加到这个,1,ESD
"ESD_0006_happiness_很漂亮,不过人多拥挤",1,ESD
"ESD_0006_happiness_别总是闲着,找点事情",1,ESD
"ESD_0006_happiness_好好休息一下,这个小",1,ESD
ESD_0006_happiness_这两块是唐朝不同时期,1,ESD
"ESD_0006_happiness_我喜欢你的黑衣服,你",1,ESD
"ESD_0006_happiness_是的,真是名副其实。",1,ESD
"ESD_0006_happiness_是很难听的脏话,主人",1,ESD
"ESD_0006_neutral_打远一看,它们的确很",0,ESD
ESD_0006_neutral_英国的哲学家曾经说过,0,ESD
ESD_0006_neutral_我老家在北京。,0,ESD
ESD_0006_neutral_不管怎么说主队好象是,0,ESD
"ESD_0006_neutral_我们乘船漂游了三峡,",0,ESD
ESD_0006_neutral_我喜欢“北京欢迎你”,0,ESD
ESD_0006_neutral_我每个月打一次电话。,0,ESD
ESD_0006_neutral_沙尘暴好像给每个人都,0,ESD
"ESD_0006_neutral_就是这个意思,你又聪",0,ESD
ESD_0006_neutral_个人收藏家!他们肯定,0,ESD
ESD_0006_neutral_妇女节快乐。我永远爱,0,ESD
ESD_0006_neutral_你每次谈恋爱都像现在,0,ESD
"ESD_0006_neutral_周末的我,只忙着陪你",0,ESD
"ESD_0006_neutral_谁你也不认识,我很乐",0,ESD
ESD_0006_neutral_我特别喜欢网球和登山,0,ESD
ESD_0006_neutral_他一定是一眼就被你迷,0,ESD
ESD_0006_neutral_很快你上大学就用得到,0,ESD
"ESD_0006_neutral_我们意见不和,咱们去",0,ESD
"ESD_0006_neutral_不就是你嘛,为什么要",0,ESD
ESD_0006_neutral_前几天我碰见了一件有,0,ESD
ESD_0006_neutral_已经播至该专辑最后一,0,ESD
ESD_0006_neutral_我和我朋友刚从巴厘岛,0,ESD
ESD_0006_neutral_做一些好吃的促进宝宝,0,ESD
ESD_0006_neutral_你的身影总是在我心里,0,ESD
ESD_0006_neutral_我觉得并不是非要有特,0,ESD
"ESD_0006_neutral_是的,他很狡猾,经常",0,ESD
ESD_0006_neutral_工厂不把它直接排到大,0,ESD
"ESD_0006_neutral_没错,就是车门。另外",0,ESD
"ESD_0006_neutral_很可爱啊,就像你一样",0,ESD
"ESD_0006_neutral_除非你打飞碟球,但这",0,ESD
"ESD_0006_neutral_没听清,请问什么时间",0,ESD
ESD_0006_neutral_我遇到了一位漂亮的女,0,ESD
"ESD_0006_neutral_我是青蛙,不用冬眠的",0,ESD
"ESD_0006_neutral_那是马特,他肯定很勇",0,ESD
ESD_0006_neutral_这样无辜的人就不会被,0,ESD
ESD_0006_neutral_我必须一直通电才能工,0,ESD
ESD_0006_neutral_我和我的妻子盼望着和,0,ESD
"ESD_0006_neutral_当然是了,我现在快饿",0,ESD
"ESD_0006_neutral_没有找到日程,走的时",0,ESD
ESD_0006_neutral_是一家制药公司的短期,0,ESD
"ESD_0006_neutral_姐忙得很,没空和你说",0,ESD
"ESD_0006_neutral_我会暖被窝了,逗你的",0,ESD
"ESD_0006_neutral_这样的话,我们可以选",0,ESD
"ESD_0006_neutral_比方说,“华尔街日报",0,ESD
ESD_0006_neutral_我知道人生并不总是一,0,ESD
ESD_0006_neutral_我们可以轮流开车。,0,ESD
ESD_0006_neutral_这是台湾地区最大的动,0,ESD
"ESD_0006_neutral_时候不早了,我来了,",0,ESD
ESD_0006_neutral_递给我一些彩球和纸花,0,ESD
"ESD_0006_neutral_每次叫我都不给红包,",0,ESD
"ESD_0006_neutral_没关系,也许他老婆会",0,ESD
ESD_0006_neutral_你不应该害怕开始一段,0,ESD
"ESD_0006_neutral_我肯定会的,那以后我",0,ESD
ESD_0006_neutral_我是基于人工智能系统,0,ESD
ESD_0006_neutral_它实际会形成一氧化碳,0,ESD
ESD_0006_neutral_我参加了一个有关全球,0,ESD
"ESD_0006_neutral_跳舞好难呀,我还正在",0,ESD
ESD_0006_neutral_让人看上去就感到宽广,0,ESD
"ESD_0006_neutral_只要是我能玩好的,我",0,ESD
ESD_0006_neutral_坐地铁只需要大约二十,0,ESD
ESD_0006_neutral_下个月我姐姐要结婚了,0,ESD
ESD_0006_neutral_我是顺路过来跟你告别,0,ESD
ESD_0006_neutral_你知道我很努力地在戒,0,ESD
"ESD_0006_neutral_我告退了,晚上回去拍",0,ESD
"ESD_0006_neutral_一点也不差,先把握好",0,ESD
ESD_0006_neutral_我们可以去钓鱼、聊天,0,ESD
ESD_0006_neutral_你深深地印在我的脑海,0,ESD
ESD_0006_neutral_我应该给女朋友买玫瑰,0,ESD
"ESD_0006_neutral_以后不要喝那么多了,",0,ESD
"ESD_0006_neutral_心动不如行动,我不太",0,ESD
ESD_0006_neutral_只要令人鼓舞的电影我,0,ESD
ESD_0006_neutral_资料全都不见了。气死,0,ESD
ESD_0006_neutral_她总是带香甜甜的微笑,0,ESD
ESD_0006_neutral_今年应该是第二十七个,0,ESD
ESD_0006_neutral_我也想去看可爱的熊猫,0,ESD
"ESD_0006_neutral_是的,你是个大块头,",0,ESD
"ESD_0006_neutral_奏婚礼进行曲了,他们",0,ESD
"ESD_0006_neutral_它们的设计外形小巧,",0,ESD
ESD_0006_neutral_人们当然都叫他“奥林,0,ESD
"ESD_0006_neutral_看呀,我们差不多就装",0,ESD
ESD_0006_neutral_这个镇上所有的人都喜,0,ESD
ESD_0006_neutral_听说你要去香港看你叔,0,ESD
ESD_0006_neutral_你身上的每一点都吸引,0,ESD
ESD_0006_neutral_他好像跟他的秘书有过,0,ESD
"ESD_0006_neutral_是啊,他的健康我总放",0,ESD
"ESD_0006_neutral_真想不到,游泳竟有如",0,ESD
ESD_0006_neutral_是没什么但是挺别扭的,0,ESD
"ESD_0006_neutral_香港海洋公园,主人快",0,ESD
"ESD_0006_neutral_是个冰淇淋,桃花确实",0,ESD
"ESD_0006_neutral_还不太糟糕,但是得躺",0,ESD
ESD_0006_neutral_如果有我能帮忙的请告,0,ESD
ESD_0006_neutral_不会这么凑巧吧!我也,0,ESD
ESD_0006_neutral_别不好意思。再多吃些,0,ESD
"ESD_0006_neutral_很神奇的样子,我搞不",0,ESD
ESD_0006_neutral_我倒是有一个爱好——,0,ESD
ESD_0006_neutral_别小看我这发型!我还,0,ESD
ESD_0006_neutral_你女儿和她妈妈长得很,0,ESD
ESD_0006_neutral_我只会斗斗地主什么的,0,ESD
"ESD_0006_neutral_得了吧,别这么胆小啦",0,ESD
ESD_0006_neutral_就经常去我们宿舍附近,0,ESD
"ESD_0006_neutral_很快,车就可自动开了",0,ESD
"ESD_0006_neutral_我昨天遇到马克,他看",0,ESD
"ESD_0006_neutral_感觉好温暖呀,好的,",0,ESD
ESD_0006_neutral_没有找到蒸鱼的计时。,0,ESD
"ESD_0006_neutral_我们俩合不来,还经常",0,ESD
"ESD_0006_neutral_做不了什么,通常我会",0,ESD
ESD_0006_neutral_我的表两点四十二。可,0,ESD
ESD_0006_neutral_让我们看看哪一种球技,0,ESD
ESD_0006_neutral_我其实挺饿的。,0,ESD
ESD_0006_neutral_自己的事情要自己做。,0,ESD
ESD_0006_neutral_每天早晨都是我妈妈帮,0,ESD
"ESD_0006_neutral_那棒极了,其实心情挺",0,ESD
"ESD_0006_neutral_玛丽,你看来很喜欢挖",0,ESD
"ESD_0006_neutral_我也是,我还有点儿口",0,ESD
"ESD_0006_neutral_真是个好习惯,通常看",0,ESD
"ESD_0006_neutral_没有,不过,我们去了",0,ESD
"ESD_0006_neutral_快点起床,我在公寓门",0,ESD
ESD_0006_neutral_你的同学把你给捉弄了,0,ESD
"ESD_0006_neutral_不过我想星期五走,",0,ESD
ESD_0006_neutral_你还真是考虑周到。,0,ESD
ESD_0006_neutral_那你就离市区很远了。,0,ESD
"ESD_0006_neutral_汤姆是个好人,但却赌",0,ESD
ESD_0006_neutral_那你就说你为之神魂颠,0,ESD
"ESD_0006_neutral_是的,请返还我的钱,",0,ESD
"ESD_0006_neutral_如果你想要纹身,你去",0,ESD
"ESD_0006_neutral_不是,他住在沃斯盾的",0,ESD
ESD_0006_neutral_你说我们在芝加哥要待,0,ESD
ESD_0006_neutral_这些颜色也不太适合你,0,ESD
"ESD_0006_neutral_对别人没有,而对我就",0,ESD
ESD_0006_neutral_我的希望是工作到倒下,0,ESD
ESD_0006_neutral_吝啬鬼!他每天还骑自,0,ESD
ESD_0006_neutral_是你最牵挂的那个女人,0,ESD
ESD_0006_neutral_是不是依然觉得我很可,0,ESD
ESD_0006_neutral_多教我些东西我会更聪,0,ESD
ESD_0006_neutral_我要学习一下相关知识,0,ESD
ESD_0006_neutral_我喜欢几乎所有的运动,0,ESD
ESD_0006_neutral_也许能帮助你把事情弄,0,ESD
ESD_0006_neutral_我总是控制不了它。,0,ESD
ESD_0006_neutral_他们的配合值得我们学,0,ESD
ESD_0006_neutral_我也知道自己是大嘴巴,0,ESD
"ESD_0006_neutral_你可以去问鹦鹉啊,鹦",0,ESD
"ESD_0006_neutral_是啊,我还是个乳臭未",0,ESD
"ESD_0006_neutral_女孩的心思你别猜,但",0,ESD
ESD_0006_neutral_节食减肥很痛苦。,0,ESD
"ESD_0006_neutral_听大自然的声响,就像",0,ESD
"ESD_0006_neutral_现在,我仍然有点紧张",0,ESD
ESD_0006_neutral_不知道。或许一双新鞋,0,ESD
ESD_0006_neutral_有事记得喊我。,0,ESD
"ESD_0006_neutral_你好,布赖恩,正好四",0,ESD
ESD_0006_neutral_这样子比较有趣。,0,ESD
"ESD_0006_neutral_我也最喜欢你,不要开",0,ESD
ESD_0006_neutral_小心脚下。人行道上有,0,ESD
ESD_0006_neutral_我们还等什么,0,ESD
"ESD_0006_neutral_我还不会说其他外语,",0,ESD
ESD_0006_neutral_我只打算放松一下自己,0,ESD
ESD_0006_neutral_承蒙邀请参加你的婚礼,0,ESD
"ESD_0006_neutral_你知道,有时候病人会",0,ESD
ESD_0006_neutral_我的性格就是冷静并且,0,ESD
ESD_0006_neutral_我不会牺牲我的健康来,0,ESD
ESD_0006_neutral_当然!他是我们大学的,0,ESD
ESD_0006_neutral_他讲的笑话让我笑个不,0,ESD
ESD_0006_neutral_原来你也在玩这个,0,ESD
ESD_0006_neutral_我还不知道你认识弗兰,0,ESD
ESD_0006_neutral_我曾在一家船运公司里,0,ESD
ESD_0006_neutral_其实我们前天已经分手,0,ESD
ESD_0006_neutral_我想那些应该是草莓的,0,ESD
"ESD_0006_neutral_太妙了,我想换一些日",0,ESD
"ESD_0006_neutral_你得先回答我,你最喜",0,ESD
"ESD_0006_neutral_让我再想想,真相已经",0,ESD
ESD_0006_neutral_这样你就有时间挥拍打,0,ESD
"ESD_0006_neutral_你这个小气鬼,很不幸",0,ESD
"ESD_0006_neutral_我是个学生,服务器响",0,ESD
ESD_0006_neutral_一套古瓷器。它真的很,0,ESD
ESD_0006_neutral_他在这次竞选活动中花,0,ESD
"ESD_0006_neutral_她此刻失业了,你最好",0,ESD
"ESD_0006_neutral_带上你的家人,但是他",0,ESD
ESD_0006_neutral_你在我的心里折腾好久,0,ESD
"ESD_0006_neutral_你转一个,我想学习下",0,ESD
"ESD_0006_neutral_她和维克分手了,所以",0,ESD
ESD_0006_neutral_冬天雨非常多。我不喜,0,ESD
ESD_0006_neutral_时间对珍尼来说是没有,0,ESD
ESD_0006_neutral_大概足够支持我生活三,0,ESD
ESD_0006_neutral_你绝对猜不到她准备要,0,ESD
ESD_0006_neutral_二零一六年十一月五号,0,ESD
"ESD_0006_neutral_今天真凉快,我希望主",0,ESD
ESD_0006_neutral_软妹子生气会说:讨厌,0,ESD
ESD_0006_neutral_我们一起为他办个惊喜,0,ESD
ESD_0006_neutral_以后我要经常来这儿爬,0,ESD
"ESD_0006_neutral_我是一名教师,你可是",0,ESD
ESD_0006_neutral_上海现在是下午四点三,0,ESD
ESD_0006_neutral_别问了!说多了都是眼,0,ESD
ESD_0006_neutral_如果我滚远了就回不来,0,ESD
ESD_0006_neutral_带女友出去好好吃上一,0,ESD
"ESD_0006_neutral_炖肉一小时,剩余三十",0,ESD
ESD_0006_neutral_我以为你们国家的人都,0,ESD
"ESD_0006_neutral_我饿啦,我想去吃点东",0,ESD
"ESD_0006_neutral_为什么不,交朋友不分",0,ESD
"ESD_0006_neutral_当然知道,我们各有千",0,ESD
"ESD_0006_neutral_我喜欢你的干净整洁,",0,ESD
ESD_0006_neutral_我已经习惯这种气候了,0,ESD
ESD_0006_neutral_也就是一大堆照片。,0,ESD
"ESD_0006_neutral_那就一会再说,我好害",0,ESD
ESD_0006_neutral_希望我有一天也可以去,0,ESD
"ESD_0006_neutral_你昨天才买衣服,真是",0,ESD
"ESD_0006_neutral_还要叫她起床,怎么会",0,ESD
"ESD_0006_neutral_是的,我知道,患难见",0,ESD
"ESD_0006_neutral_我是萌萌哒,你是呆呆",0,ESD
ESD_0006_neutral_你可以在那儿呆上至少,0,ESD
ESD_0006_neutral_对不起我把咖啡洒在桌,0,ESD
"ESD_0006_neutral_也不算,她有的歌我都",0,ESD
ESD_0006_neutral_我对养花已经厌倦了。,0,ESD
ESD_0006_neutral_我还会陪你一路走下去,0,ESD
ESD_0006_neutral_裁判全给了满分。,0,ESD
"ESD_0006_neutral_当然,我简直离开音乐",0,ESD
"ESD_0006_neutral_拜拜,明天要再来和小",0,ESD
ESD_0006_neutral_碰到喜欢的女孩子要主,0,ESD
ESD_0006_neutral_他的收支几乎不能平衡,0,ESD
"ESD_0006_neutral_明天是星期天,我们去",0,ESD
ESD_0006_neutral_大部分都是用诱饵钓到,0,ESD
"ESD_0006_neutral_所以你必须要坚持,时",0,ESD
ESD_0006_neutral_我非常支持人们走进太,0,ESD
ESD_0006_neutral_我的老朋友汉森就住在,0,ESD
ESD_0006_neutral_听起来你们玩得也很开,0,ESD
ESD_0006_neutral_这个对我来说有点难!,0,ESD
"ESD_0006_neutral_差不多,我们俩都很热",0,ESD
"ESD_0006_neutral_你要做爸爸了,真让人",0,ESD
ESD_0006_neutral_我真受不了城里那么大,0,ESD
ESD_0006_neutral_好的。新的音乐厅有一,0,ESD
"ESD_0006_neutral_这个位置不错,下车。",0,ESD
"ESD_0006_neutral_那不打扰你了,我不敢",0,ESD
"ESD_0006_neutral_最近很冷,风又大。",0,ESD
ESD_0006_neutral_我最近正在努力练习棋,0,ESD
"ESD_0006_neutral_拜托,别跟我提到笔记",0,ESD
ESD_0006_neutral_它是一个主要的空气污,0,ESD
"ESD_0006_neutral_我爱运动,但是对篮球",0,ESD
"ESD_0006_neutral_我不需要嗅觉,所以没",0,ESD
"ESD_0006_neutral_雪下得真大,带着我去",0,ESD
ESD_0006_neutral_我不这么认为。我们沿,0,ESD
"ESD_0006_neutral_食物也很美味,更不用",0,ESD
ESD_0006_neutral_大约一个小时左右。,0,ESD
ESD_0006_neutral_请勿进入竹林。不让进,0,ESD
ESD_0006_neutral_为了不让鱼吃掉诗人的,0,ESD
ESD_0006_neutral_那样的话你应该穿讲究,0,ESD
ESD_0006_neutral_我的直系亲属人数不多,0,ESD
ESD_0006_neutral_贾尼斯突然兴奋地大叫,0,ESD
ESD_0006_neutral_领带对男人来说真必不,0,ESD
ESD_0006_neutral_没有为什么就是要等我,0,ESD
ESD_0006_neutral_我不怎么在乎这个店有,0,ESD
ESD_0006_neutral_我最好的朋友就约会过,0,ESD
"ESD_0006_neutral_我不用转头,不需要脖",0,ESD
"ESD_0006_neutral_没看过小说,只有人类",0,ESD
ESD_0006_neutral_我是个游戏迷。,0,ESD
"ESD_0006_neutral_你比吴亦凡帅,我同意",0,ESD
"ESD_0006_neutral_我没有忽悠你,机器人",0,ESD
ESD_0006_neutral_最初我的工作是当一名,0,ESD
ESD_0006_neutral_陪你度过这漫长的黑夜,0,ESD
ESD_0006_neutral_这是我在旅游第四天拍,0,ESD
ESD_0006_neutral_这句话的意义我不太明,0,ESD
ESD_0006_neutral_我们想等一个合适的时,0,ESD
"ESD_0006_neutral_我很伤心,我准备去网",0,ESD
ESD_0006_neutral_这可真不像是场英超比,0,ESD
ESD_0006_neutral_他好像是被他女友给甩,0,ESD
ESD_0006_neutral_也许反倒是件好事,0,ESD
ESD_0006_neutral_听起来很厉害的样子!,0,ESD
ESD_0006_neutral_我必须再次感谢您的慷,0,ESD
"ESD_0006_neutral_我是淑女,只会讲文明",0,ESD
ESD_0006_neutral_这可是我学会的第一首,0,ESD
ESD_0006_neutral_谁都有烦的时候。,0,ESD
"ESD_0006_neutral_是很棒的一款手机,性",0,ESD
ESD_0006_neutral_没有找到你想删除的闹,0,ESD
"ESD_0006_neutral_很大,令人兴奋但是嘈",0,ESD
"ESD_0006_neutral_沈阳明天有雷阵雨,多",0,ESD
ESD_0006_neutral_但梅花往往被很多人忽,0,ESD
"ESD_0006_neutral_只要不违法,我还是想",0,ESD
ESD_0006_neutral_然后再找一个音乐播放,0,ESD
"ESD_0006_neutral_我当然喜欢,我很注意",0,ESD
"ESD_0006_neutral_是的,所以我永不喝它",0,ESD
"ESD_0006_neutral_我真兴奋,我终于有自",0,ESD
ESD_0006_neutral_我想说我也这样认为的,0,ESD
ESD_0006_neutral_绝对不可以走到湖的中,0,ESD
"ESD_0006_neutral_晚安,么么哒,满天都",0,ESD
"ESD_0006_neutral_有些人划船,有的人在",0,ESD
ESD_0006_neutral_我想所有中国人都会打,0,ESD
ESD_0006_neutral_有充足的时间购物和观,0,ESD
"ESD_0006_neutral_自己保重,记得要常联",0,ESD
"ESD_0006_neutral_门儿都没有,现在还不",0,ESD
"ESD_0006_neutral_我太喜欢听了,所以不",0,ESD
"ESD_0006_neutral_我随时都在,有没有梦",0,ESD
"ESD_0006_neutral_不会,不过我很喜欢单",0,ESD
ESD_0006_neutral_还有聊天记录。,0,ESD
"ESD_0006_neutral_在法国南部,气候常年",0,ESD
ESD_0006_neutral_哪天我也许得和他谈谈,0,ESD
"ESD_0006_neutral_振作点儿,我看了屏幕",0,ESD
"ESD_0006_neutral_我是银灰色的,我都被",0,ESD
"ESD_0006_neutral_文学和经济,我喜欢很",0,ESD
"ESD_0006_neutral_赌博往往是个祸根,",0,ESD
"ESD_0006_neutral_三个,两个儿子一个女",0,ESD
"ESD_0006_neutral_祝你春节快乐,全家幸",0,ESD
"ESD_0006_neutral_是的,我刚撞到了桌子",0,ESD
"ESD_0006_neutral_这个我相信,我是登山",0,ESD
"ESD_0006_neutral_播放歌单收藏,脑筋可",0,ESD
ESD_0006_neutral_我希望你能和我一起想,0,ESD
ESD_0006_neutral_我一直到清晨四点才到,0,ESD
ESD_0006_neutral_我刚从苏格兰回来。,0,ESD
ESD_0006_neutral_我支持你。它是需要重,0,ESD
ESD_0006_neutral_我在一个机械化农场做,0,ESD
ESD_0006_neutral_有时内在美更加重要。,0,ESD
ESD_0006_neutral_我去查查篮球相关的知,0,ESD
"ESD_0006_neutral_已经怀孕四个半月了,",0,ESD
"ESD_0006_neutral_这局我让你开,今天我",0,ESD
ESD_0006_neutral_我们休息一下喝杯咖啡,0,ESD
"ESD_0006_neutral_如果她拒绝我,我会死",0,ESD
ESD_0006_neutral_旅行结束后我将休息一,0,ESD
ESD_0006_neutral_现在全城的人都要向我,0,ESD
ESD_0006_neutral_我需要插着电源才能说,0,ESD
ESD_0006_neutral_每次你看到一些时尚衣,0,ESD
ESD_0006_neutral_你看上去比以前更漂亮,0,ESD
"ESD_0006_neutral_下午好,蒂娜,我想我",0,ESD
ESD_0006_neutral_家里有全自动洗衣机。,0,ESD
"ESD_0006_neutral_谢谢你来这里,告诉我",0,ESD
"ESD_0006_neutral_不是很喜欢,你把我绕",0,ESD
"ESD_0006_neutral_等待你的指令,随时可",0,ESD
ESD_0006_neutral_他对谁都那么友好。,0,ESD
ESD_0006_neutral_我喜欢吃中餐。,0,ESD
"ESD_0006_neutral_尽管提意见,我会改正",0,ESD
"ESD_0006_neutral_这么多笑话,一天讲不",0,ESD
"ESD_0006_neutral_我讨厌吃醋,偶是不懂",0,ESD
ESD_0006_neutral_我们下午可以在湖里划,0,ESD
ESD_0006_neutral_但是有时夏天比其它季,0,ESD
"ESD_0006_neutral_我们相处得很好,仅此",0,ESD
ESD_0006_neutral_于是我就问她能不能连,0,ESD
ESD_0006_neutral_我想要那种新款的美国,0,ESD
ESD_0006_neutral_错过这村可就没这个店,0,ESD
"ESD_0006_neutral_我曾经养过,我太高兴",0,ESD
ESD_0006_neutral_他们将于今年夏天结婚,0,ESD
"ESD_0006_neutral_谢谢你的夸奖,鲍伯上",0,ESD
"ESD_0006_neutral_你看起来很高兴,眼睛",0,ESD
ESD_0006_neutral_年轻人当然要承担责任,0,ESD
ESD_0006_neutral_不要乱问女孩子的年龄,0,ESD
ESD_0006_neutral_每天晚上跟你互道晚安,0,ESD
ESD_0006_neutral_我会在你的脸上画鬼脸,0,ESD
"ESD_0006_neutral_我缺钱用,所以上星期",0,ESD
ESD_0006_neutral_许多白领都参加到这个,0,ESD
"ESD_0006_neutral_很漂亮,不过人多拥挤",0,ESD
"ESD_0006_neutral_别总是闲着,找点事情",0,ESD
"ESD_0006_neutral_好好休息一下,这个小",0,ESD
ESD_0006_neutral_这两块是唐朝不同时期,0,ESD
"ESD_0006_neutral_我喜欢你的黑衣服,你",0,ESD
"ESD_0006_neutral_是的,真是名副其实。",0,ESD
"ESD_0006_neutral_是很难听的脏话,主人",0,ESD
"ESD_0006_sadness_打远一看,它们的确很",3,ESD
ESD_0006_sadness_英国的哲学家曾经说过,3,ESD
ESD_0006_sadness_我老家在北京。,3,ESD
ESD_0006_sadness_不管怎么说主队好象是,3,ESD
"ESD_0006_sadness_我们乘船漂游了三峡,",3,ESD
ESD_0006_sadness_我喜欢“北京欢迎你”,3,ESD
ESD_0006_sadness_我每个月打一次电话。,3,ESD
ESD_0006_sadness_沙尘暴好像给每个人都,3,ESD
"ESD_0006_sadness_就是这个意思,你又聪",3,ESD
ESD_0006_sadness_个人收藏家!他们肯定,3,ESD
ESD_0006_sadness_妇女节快乐。我永远爱,3,ESD
ESD_0006_sadness_你每次谈恋爱都像现在,3,ESD
"ESD_0006_sadness_周末的我,只忙着陪你",3,ESD
"ESD_0006_sadness_谁你也不认识,我很乐",3,ESD
ESD_0006_sadness_我特别喜欢网球和登山,3,ESD
ESD_0006_sadness_他一定是一眼就被你迷,3,ESD
ESD_0006_sadness_很快你上大学就用得到,3,ESD
"ESD_0006_sadness_我们意见不和,咱们去",3,ESD
"ESD_0006_sadness_不就是你嘛,为什么要",3,ESD
ESD_0006_sadness_前几天我碰见了一件有,3,ESD
ESD_0006_sadness_已经播至该专辑最后一,3,ESD
ESD_0006_sadness_我和我朋友刚从巴厘岛,3,ESD
ESD_0006_sadness_做一些好吃的促进宝宝,3,ESD
ESD_0006_sadness_你的身影总是在我心里,3,ESD
ESD_0006_sadness_我觉得并不是非要有特,3,ESD
"ESD_0006_sadness_是的,他很狡猾,经常",3,ESD
ESD_0006_sadness_工厂不把它直接排到大,3,ESD
"ESD_0006_sadness_没错,就是车门。另外",3,ESD
"ESD_0006_sadness_很可爱啊,就像你一样",3,ESD
"ESD_0006_sadness_除非你打飞碟球,但这",3,ESD
"ESD_0006_sadness_没听清,请问什么时间",3,ESD
ESD_0006_sadness_我遇到了一位漂亮的女,3,ESD
"ESD_0006_sadness_我是青蛙,不用冬眠的",3,ESD
"ESD_0006_sadness_那是马特,他肯定很勇",3,ESD
ESD_0006_sadness_这样无辜的人就不会被,3,ESD
ESD_0006_sadness_我必须一直通电才能工,3,ESD
ESD_0006_sadness_我和我的妻子盼望着和,3,ESD
"ESD_0006_sadness_当然是了,我现在快饿",3,ESD
"ESD_0006_sadness_没有找到日程,走的时",3,ESD
ESD_0006_sadness_是一家制药公司的短期,3,ESD
"ESD_0006_sadness_姐忙得很,没空和你说",3,ESD
"ESD_0006_sadness_我会暖被窝了,逗你的",3,ESD
"ESD_0006_sadness_这样的话,我们可以选",3,ESD
"ESD_0006_sadness_比方说,“华尔街日报",3,ESD
ESD_0006_sadness_我知道人生并不总是一,3,ESD
ESD_0006_sadness_我们可以轮流开车。,3,ESD
ESD_0006_sadness_这是台湾地区最大的动,3,ESD
"ESD_0006_sadness_时候不早了,我来了,",3,ESD
ESD_0006_sadness_递给我一些彩球和纸花,3,ESD
"ESD_0006_sadness_每次叫我都不给红包,",3,ESD
"ESD_0006_sadness_没关系,也许他老婆会",3,ESD
ESD_0006_sadness_你不应该害怕开始一段,3,ESD
"ESD_0006_sadness_我肯定会的,那以后我",3,ESD
ESD_0006_sadness_我是基于人工智能系统,3,ESD
ESD_0006_sadness_它实际会形成一氧化碳,3,ESD
ESD_0006_sadness_我参加了一个有关全球,3,ESD
"ESD_0006_sadness_跳舞好难呀,我还正在",3,ESD
ESD_0006_sadness_让人看上去就感到宽广,3,ESD
"ESD_0006_sadness_只要是我能玩好的,我",3,ESD
ESD_0006_sadness_坐地铁只需要大约二十,3,ESD
ESD_0006_sadness_下个月我姐姐要结婚了,3,ESD
ESD_0006_sadness_我是顺路过来跟你告别,3,ESD
ESD_0006_sadness_你知道我很努力地在戒,3,ESD
"ESD_0006_sadness_我告退了,晚上回去拍",3,ESD
"ESD_0006_sadness_一点也不差,先把握好",3,ESD
ESD_0006_sadness_我们可以去钓鱼、聊天,3,ESD
ESD_0006_sadness_你深深地印在我的脑海,3,ESD
ESD_0006_sadness_我应该给女朋友买玫瑰,3,ESD
"ESD_0006_sadness_以后不要喝那么多了,",3,ESD
"ESD_0006_sadness_心动不如行动,我不太",3,ESD
ESD_0006_sadness_只要令人鼓舞的电影我,3,ESD
ESD_0006_sadness_资料全都不见了。气死,3,ESD
ESD_0006_sadness_她总是带香甜甜的微笑,3,ESD
ESD_0006_sadness_今年应该是第二十七个,3,ESD
ESD_0006_sadness_我也想去看可爱的熊猫,3,ESD
"ESD_0006_sadness_是的,你是个大块头,",3,ESD
"ESD_0006_sadness_奏婚礼进行曲了,他们",3,ESD
"ESD_0006_sadness_它们的设计外形小巧,",3,ESD
ESD_0006_sadness_人们当然都叫他“奥林,3,ESD
"ESD_0006_sadness_看呀,我们差不多就装",3,ESD
ESD_0006_sadness_这个镇上所有的人都喜,3,ESD
ESD_0006_sadness_听说你要去香港看你叔,3,ESD
ESD_0006_sadness_你身上的每一点都吸引,3,ESD
ESD_0006_sadness_他好像跟他的秘书有过,3,ESD
"ESD_0006_sadness_是啊,他的健康我总放",3,ESD
"ESD_0006_sadness_真想不到,游泳竟有如",3,ESD
ESD_0006_sadness_是没什么但是挺别扭的,3,ESD
"ESD_0006_sadness_香港海洋公园,主人快",3,ESD
"ESD_0006_sadness_是个冰淇淋,桃花确实",3,ESD
"ESD_0006_sadness_还不太糟糕,但是得躺",3,ESD
ESD_0006_sadness_如果有我能帮忙的请告,3,ESD
ESD_0006_sadness_不会这么凑巧吧!我也,3,ESD
ESD_0006_sadness_别不好意思。再多吃些,3,ESD
"ESD_0006_sadness_很神奇的样子,我搞不",3,ESD
ESD_0006_sadness_我倒是有一个爱好——,3,ESD
ESD_0006_sadness_别小看我这发型!我还,3,ESD
ESD_0006_sadness_你女儿和她妈妈长得很,3,ESD
ESD_0006_sadness_我只会斗斗地主什么的,3,ESD
"ESD_0006_sadness_得了吧,别这么胆小啦",3,ESD
ESD_0006_sadness_就经常去我们宿舍附近,3,ESD
"ESD_0006_sadness_很快,车就可自动开了",3,ESD
"ESD_0006_sadness_我昨天遇到马克,他看",3,ESD
"ESD_0006_sadness_感觉好温暖呀,好的,",3,ESD
ESD_0006_sadness_没有找到蒸鱼的计时。,3,ESD
"ESD_0006_sadness_我们俩合不来,还经常",3,ESD
"ESD_0006_sadness_做不了什么,通常我会",3,ESD
ESD_0006_sadness_我的表两点四十二。可,3,ESD
ESD_0006_sadness_让我们看看哪一种球技,3,ESD
ESD_0006_sadness_我其实挺饿的。,3,ESD
ESD_0006_sadness_自己的事情要自己做。,3,ESD
ESD_0006_sadness_每天早晨都是我妈妈帮,3,ESD
"ESD_0006_sadness_那棒极了,其实心情挺",3,ESD
"ESD_0006_sadness_玛丽,你看来很喜欢挖",3,ESD
"ESD_0006_sadness_我也是,我还有点儿口",3,ESD
"ESD_0006_sadness_真是个好习惯,通常看",3,ESD
"ESD_0006_sadness_没有,不过,我们去了",3,ESD
"ESD_0006_sadness_快点起床,我在公寓门",3,ESD
ESD_0006_sadness_你的同学把你给捉弄了,3,ESD
"ESD_0006_sadness_不过我想星期五走,",3,ESD
ESD_0006_sadness_你还真是考虑周到。,3,ESD
ESD_0006_sadness_那你就离市区很远了。,3,ESD
"ESD_0006_sadness_汤姆是个好人,但却赌",3,ESD
ESD_0006_sadness_那你就说你为之神魂颠,3,ESD
"ESD_0006_sadness_是的,请返还我的钱,",3,ESD
"ESD_0006_sadness_如果你想要纹身,你去",3,ESD
"ESD_0006_sadness_不是,他住在沃斯盾的",3,ESD
ESD_0006_sadness_你说我们在芝加哥要待,3,ESD
ESD_0006_sadness_这些颜色也不太适合你,3,ESD
"ESD_0006_sadness_对别人没有,而对我就",3,ESD
ESD_0006_sadness_我的希望是到工作到倒,3,ESD
ESD_0006_sadness_吝啬鬼!他每天还骑自,3,ESD
ESD_0006_sadness_是你最牵挂的那个女人,3,ESD
ESD_0006_sadness_是不是依然觉得我很可,3,ESD
ESD_0006_sadness_多教我些东西我会更聪,3,ESD
ESD_0006_sadness_我要学习一下相关知识,3,ESD
ESD_0006_sadness_我喜欢几乎所有的运动,3,ESD
ESD_0006_sadness_也许能帮助你把事情弄,3,ESD
ESD_0006_sadness_我总是控制不了它。,3,ESD
ESD_0006_sadness_他们的配合值得我们学,3,ESD
ESD_0006_sadness_我也知道自己是大嘴巴,3,ESD
"ESD_0006_sadness_你可以去问鹦鹉啊,鹦",3,ESD
"ESD_0006_sadness_是啊,我还是个乳臭未",3,ESD
"ESD_0006_sadness_女孩的心思你别猜,但",3,ESD
ESD_0006_sadness_节食减肥很痛苦。,3,ESD
"ESD_0006_sadness_听大自然的声响,就像",3,ESD
"ESD_0006_sadness_现在,我仍然有点紧张",3,ESD
ESD_0006_sadness_不知道。或许一双新鞋,3,ESD
ESD_0006_sadness_有事记得喊我。,3,ESD
"ESD_0006_sadness_你好,布赖恩,正好四",3,ESD
ESD_0006_sadness_这样子比较有趣。,3,ESD
"ESD_0006_sadness_我也最喜欢你,不要开",3,ESD
ESD_0006_sadness_小心脚下。人行道上有,3,ESD
ESD_0006_sadness_我们还等什么,3,ESD
"ESD_0006_sadness_我还不会说其他外语,",3,ESD
ESD_0006_sadness_我只打算放松一下自己,3,ESD
ESD_0006_sadness_承蒙邀请参加你的婚礼,3,ESD
"ESD_0006_sadness_你知道,有时候病人会",3,ESD
ESD_0006_sadness_我的性格就是冷静并且,3,ESD
ESD_0006_sadness_我不会牺牲我的健康来,3,ESD
ESD_0006_sadness_当然!他是我们大学的,3,ESD
ESD_0006_sadness_他讲的笑话让我笑个不,3,ESD
ESD_0006_sadness_原来你也在玩这个,3,ESD
ESD_0006_sadness_我还不知道你认识弗兰,3,ESD
ESD_0006_sadness_我曾在一家船运公司里,3,ESD
ESD_0006_sadness_其实我们前天已经分手,3,ESD
ESD_0006_sadness_我想那些应该是草莓的,3,ESD
"ESD_0006_sadness_太妙了,我想换一些日",3,ESD
"ESD_0006_sadness_你得先回答我,你最喜",3,ESD
"ESD_0006_sadness_让我再想想,真相已经",3,ESD
ESD_0006_sadness_这样你就有时间挥拍打,3,ESD
"ESD_0006_sadness_你这个小气鬼,很不幸",3,ESD
"ESD_0006_sadness_我是个学生,服务器响",3,ESD
ESD_0006_sadness_一套古瓷器。它真的很,3,ESD
ESD_0006_sadness_他在这次竞选活动中花,3,ESD
"ESD_0006_sadness_她此刻失业了,你最好",3,ESD
"ESD_0006_sadness_带上你的家人,但是他",3,ESD
ESD_0006_sadness_你在我的心里折腾好久,3,ESD
"ESD_0006_sadness_你转一个,我想学习下",3,ESD
"ESD_0006_sadness_她和维克分手了,所以",3,ESD
ESD_0006_sadness_冬天雨非常多。我不喜,3,ESD
ESD_0006_sadness_时间对珍尼来说是没有,3,ESD
ESD_0006_sadness_大概足够支持我生活三,3,ESD
ESD_0006_sadness_你绝对猜不到她准备要,3,ESD
ESD_0006_sadness_二零一六年十一月五号,3,ESD
"ESD_0006_sadness_今天真凉快,我希望主",3,ESD
ESD_0006_sadness_软妹子生气会说:讨厌,3,ESD
ESD_0006_sadness_我们一起为他办个惊喜,3,ESD
ESD_0006_sadness_以后我要经常来这儿爬,3,ESD
"ESD_0006_sadness_我是一名教师,你可是",3,ESD
ESD_0006_sadness_上海现在是下午四点三,3,ESD
ESD_0006_sadness_别问了!说多了都是眼,3,ESD
ESD_0006_sadness_如果我滚远了就回不来,3,ESD
ESD_0006_sadness_带女友出去好好吃上一,3,ESD
"ESD_0006_sadness_炖肉一小时,剩余三十",3,ESD
ESD_0006_sadness_我以为你们国家的人都,3,ESD
"ESD_0006_sadness_我饿啦,我想去吃点东",3,ESD
"ESD_0006_sadness_为什么不,交朋友不分",3,ESD
"ESD_0006_sadness_当然知道,我们各有千",3,ESD
"ESD_0006_sadness_我喜欢你的干净整洁,",3,ESD
ESD_0006_sadness_我已经习惯这种气候了,3,ESD
